,SMILES,Price_EUR_10g
7,COc1cc(Cl)ccc1C(=O)O,36
23,NC(=S)NC1CCCCC1,65
28,C=CCC#N,30
42,CCCC(C)(C)O,68
64,Nc1ncc(Br)cc1[N+](=O)[O-],39
66,Nc1ccc(Br)cc1Cl,30
67,C=CCCCO,55
68,CCC(O)(CC)CC,85
84,CC(=O)c1cc(C)oc1C,38
94,O=Cc1ccc(N2CCCCC2)cc1,45
96,Brc1ccsc1,26
97,COC(=O)c1cc(Br)ccc1N,29
113,CCOC(=O)c1cnc2cc(C(F)(F)F)ccc2c1O,72
125,COc1ccc(S)cc1,84
132,NS(=O)(=O)c1cccc([N+](=O)[O-])c1,34
154,OCc1ccc(-n2cccn2)cc1,95
205,Cc1ccc(NN)c(C)c1.Cl,83
228,Fc1cc(F)cc(F)c1,30
229,ClCc1ccc(Cl)nc1,30
243,Nc1cccc(F)c1C(=O)O,30
249,C=C(Br)C(F)(F)F,41
275,COCCOCCCN,21
285,COC1CCNCC1,64
289,COc1cccc(B(O)O)c1,30
292,NC(N=O)=C1C=CNC=C1,21
310,Cl.NNc1ccccc1Br,30
326,Cl.c1cc2c(s1)CCNC2,30
329,C=Cc1ccc(C(C)(C)C)cc1,26
330,Cl.NNc1cccc([N+](=O)[O-])c1,44
342,Cl.NNc1ccccc1F,30
352,O=C(O)CC1Sc2ccccc2NC1=O,71
362,Cc1nn(C)c(Cl)c1C=O,66
370,CC(C)(N)C#N,31
377,CCCCCc1ccc(C(C)=O)cc1,30
382,Nc1ccc(-n2cccn2)cc1,79
389,CC(=O)NC1CCC(=O)CC1,26
390,O=c1[nH]cccc1C(F)(F)F,35
393,CCOC(=O)c1nc2ccccc2s1,22
395,COc1ccc(F)cc1C(C)=O,70
403,COC(=O)Cc1ccc(N)cc1.Cl,49
413,O=C(O)CC(=O)C(=O)O,46
424,Cl.N=C(N)CCl,84
427,Clc1[nH]cnc2nncc1-2,73
445,O=S(=O)(Cl)N1CCCC1,37
446,CC1CC(=O)OC1=O,96
453,O=C1CCOc2ccc(Br)cc21,96
484,O=C1N[C@H](C(=O)O)CS1,64
486,O=C1CCCc2cc(O)ccc21,63
520,O=[N+]([O-])c1nnc[nH]1,48
523,CNCc1ccc(Cl)cc1,87
537,CC(=O)Cc1ccc(F)cc1,45
544,CN(C)CC(=O)O,30
546,CC(C)NCCCO,98
573,Cc1noc(C)c1S(=O)(=O)Cl,26
577,Oc1cc(C(F)(F)F)ccc1Cl,49
602,C=CCCCBr,36
613,O=C1CCSCC1,36
626,CCCC(C(=O)OCC)C(=O)OCC,30
658,NCCOc1ccccc1,66
669,O=C(O)CSC(c1ccccc1)c1ccccc1,26
678,BrCC1CC1,30
686,O=C([O-])CSc1ccc(F)cc1.[K+],51
689,OCC1CCCCC1,30
690,C=C(C)C(=O)OC(=O)C(=C)C,26
706,Oc1ccc(S)cc1,90
710,O=C(Cl)N(c1ccccc1)c1ccccc1,21
731,C1CSCCN1,36
744,CC(C)N1CCC(N)CC1,95
746,N#Cc1ccc(-c2ccccc2)cc1,30
748,COC(=O)c1ccc(C)cc1,21
790,CCOC(=O)c1cnc(SC)nc1N,95
818,c1cscn1,41
837,O=Cc1cccs1,30
838,Cc1cc(N)[nH]n1,30
841,CC(C)CB(O)O,31
842,O=Cc1cccc(F)c1O,69
843,CCCc1ccc(Br)cc1,30
844,O=C1Nc2ccc(Br)cc2C1=O,30
845,C=C(C)CO,49
846,CC(=O)c1c(F)cccc1F,46
847,Fc1c(F)c(F)c(Cl)c(F)c1F,26
848,Cc1ccc(C(=O)O)s1,30
849,CN1C(=CC=O)C(C)(C)c2ccccc21,45
853,CC(C)(C)OC(=O)n1cccc1,46
854,COC(=O)C(Cl)Cl,26
856,Nc1cccc2cnccc12,45
857,Nc1ccc(C(=O)O)cc1[N+](=O)[O-],30
862,OC1CSC(O)CS1,26
866,COc1ccccc1N1CCNCC1,30
867,Nc1nncs1,30
870,O=C1c2ccccc2-c2n[nH]c3cccc1c23,86
873,S=C=Nc1ccccc1,31
874,O=C=Nc1cccc(Cl)c1,33
878,Nc1ccc(C(O)(C(F)(F)F)C(F)(F)F)cc1,27
883,COC(=O)c1ccc(C=O)cc1,30
885,C=Cc1ccc(C)cc1,26
886,COC(=O)C1(C)CC1(Cl)Cl,56
887,CC(=O)c1ccc(N2CCOCC2)cc1,44
901,CCOC(=O)C1CCCN(C)C1,24
905,O=C1Cc2ccccc2N1,30
907,O=C(CCCl)c1ccc(F)cc1,21
913,CC(C)(C)C(=O)C(Cl)Cl,21
919,O=Cc1ccc(N2CCOCC2)cc1,44
922,O=Cc1cccc(C(F)(F)F)c1,30
924,O=Cc1cc(Br)c(O)c(Br)c1,39
925,O=C(O)c1cc(O)nc(O)c1,30
927,Cc1cnc(C)c(Cl)n1,40
937,O=[N+]([O-])c1ccc(Cl)cn1,41
941,N#CCc1ccc(F)cc1,30
944,O=C(O)CCBr,26
949,N#Cc1ccc(C=O)cc1,30
950,CC(=O)c1cccc(C(F)(F)F)c1,30
954,CC(C)=CC(=O)O,30
960,NS(=O)(=O)c1ccc(Cl)cc1,30
961,S=C=Nc1ccc(Cl)cc1,59
964,CC(C)(C)CC(C)(C)N,26
969,O=Cc1cccc(Oc2ccccc2)c1,26
974,NS(=O)(=O)c1ccc(Cl)c([N+](=O)[O-])c1,49
979,NCCO,30
980,CCOC(CN)OCC,30
981,NCCc1ccccn1,68
984,CC(=O)Nc1cccc(C(C)=O)c1,30
985,CCOC(=O)C1(C(=O)OCC)CCC1,30
992,c1ccc(Nc2ccccn2)nc1,92
993,CC1CC(O)CC(C)(C)C1,30
1001,COCC(=O)CC(=O)OC,30
1002,c1nnc[nH]1,30
1003,N#CCc1c[nH]c2ccccc12,30
1004,O=C(O)C(Cc1ccccc1)C(=O)O,74
1006,O=[N+]([O-])c1cc(S(=O)(=O)Cl)ccc1Cl,35
1016,O=S(=O)(O)c1cccc2ccccc12,29
1017,NC(=O)C(Cl)(Cl)Cl,26
1019,O=Cc1ccc(OCc2ccccc2)cc1,30
1022,CC(=O)c1ccc(C2CCCCC2)cc1,34
1033,NS(=O)(=O)c1cccs1,36
1037,CC(=O)Nc1ccc(Br)cc1,30
1038,NS(=O)(=O)c1ccccc1,30
1045,Nc1ccc2[nH]c(=O)[nH]c2c1,30
1054,CC(C)(C)c1ccc(N)cc1,30
1059,Cc1ccc(N)c(F)c1,30
1062,Cc1onc(-c2ccccc2Cl)c1C(=O)O,21
1065,Cc1ccc(-c2ccccc2C(=O)O)cc1,33
1071,CNc1ccc(C)cc1,30
1073,CC(C)CCI,79
1074,CC(=O)NN,30
1085,O=S(=O)(Cl)c1cccs1,44
1087,ICCCCCCI,31
1088,CCCCCCCCCCI,81
1089,CCCCCCCCCCCCBr,30
1101,CN1CCN(C)CC1,31
1102,CC=NO,26
1103,ON=C(C(=NO)c1ccccc1)c1ccccc1,22
1104,O=[N+]([O-])c1ccc(Cc2ccncc2)cc1,56
1107,CN(C)c1ccc(Br)cc1,30
1111,CCCCCCCCBr,26
1112,CCCCC(N)=O,53
1113,NC1CCC(O)CC1,38
1114,O=C1CCSC1,30
1115,Oc1ccc(Cl)c2ccccc12,80
1121,N#CCC(=O)c1ccccc1,38
1122,O=C(O)Cc1ccsc1,53
1123,Nc1ccc(C(F)(F)F)cc1,30
1130,CCCCOC(N)=O,21
1131,NC(=O)c1cccnc1,26
1134,O=C(O)C(c1ccccc1)c1ccccc1,30
1143,O=C(O)c1cc(O)nc2ccccc12,30
1145,OB(O)c1cc(Cl)cc(Cl)c1,49
1160,Nc1nc2c(F)cc(F)cc2s1,73
1162,O=C(O)c1c(F)cc(F)cc1F,40
1172,CC(C)(O)CCc1ccccc1,39
1179,Cl.NNc1ccccc1C(=O)O,35
1181,Cc1ccc(N)c(C(=O)O)c1,30
1186,c1scc2c1OCCO2,38
1198,O=S1(=O)CCCC1,30
1209,CC(C)(C)OC(=O)NCCCN,44
1223,CCOC(=O)c1cccnc1C,45
1225,CC(=O)NC(N)=O,44
1244,FC(F)(F)c1ccc(Cl)cc1,30
1245,CCCCCCC(C)=O,30
1250,OC[P+](CO)(CO)CO.[Cl-],30
1260,C=CC(=O)NC(C)C,26
1262,Cc1c(Cc2c(C)n(C)n(-c3ccccc3)c2=O)c(=O)n(-c2ccccc2)n1C,21
1263,CCCCN(CCCC)CCCC,33
1264,CCCCCCCC=O,21
1267,COC(=O)C#CC(=O)OC,30
1284,NS(=O)(=O)c1cc(C(=O)O)ccc1Cl,30
1289,c1ccc(OP(Oc2ccccc2)Oc2ccccc2)cc1,30
1298,O=C(O)c1cc(F)ccc1[N+](=O)[O-],30
1309,CCCCCCCI,30
1337,CNC(=S)NC,35
1338,CC(=O)C(C)(C)O,68
1344,CCCCCCO,30
1352,O=C(CCl)c1ccc(F)c(F)c1,46
1356,Nc1ccc(Cl)cc1I,30
1363,Cc1cc(C)n(C(=O)CC#N)n1,48
1368,Cc1ccccc1NN.Cl,30
1376,O=C(O)CSCc1ccccc1,67
1383,Nc1cc(S(N)(=O)=O)ccc1O,30
1391,COC(=O)C=C(C)N,26
1392,CCCCOCCO,30
1393,CCOC(=O)c1ccc([N+](=O)[O-])cc1,21
1401,O=C1Nc2c(Br)cccc2C1=O,95
1408,O=C(O)COc1ccc(O)cc1,66
1413,CCOC(=O)CCCCC(=O)OCC,21
1416,Nc1nnc(-c2ccccc2)c(-c2ccccc2)n1,81
1426,O=C1c2ccccc2C(=O)N1O,30
1435,C=C(C)C1CC=C(C)CC1,30
1440,Nc1nc(-c2ccc(F)c(F)c2)cs1,44
1445,Nc1ccc(S)cc1,30
1449,Nc1ccc(C(=O)O)cc1O,38
1454,O=C(CBr)c1cccc(C(F)(F)F)c1,95
1456,COCc1ccccc1,44
1458,CCOC(=O)C(=O)c1csc(N)n1,30
1464,BrCCCCCCBr,26
1467,O=C1COc2ccc(Cl)cc2N1,58
1479,O=C(CCl)c1ccc(Cl)c(Cl)c1,90
1488,COC(=O)C(=O)OC,30
1497,Cc1cccc2c1NC(=O)C2=O,83
1502,Oc1ccc(OC(F)(F)F)cc1,30
1505,CC(=O)C=C(C)N,75
1510,Oc1ccnc2ccccc12,41
1511,COC(=O)c1ccco1,30
1512,COC(=O)C(F)(F)Cl,33
1521,Cc1ccc(C(C)N)cc1,57
1522,COc1ccc(OC)c(N=C=S)c1,39
1535,CCOC(=O)CCN1CCCCC1,74
1538,NNc1nc2ccccc2[nH]1,86
1539,OC1CCC(O)CC1,30
1569,CC(=O)c1ccc(S(=O)(=O)Cl)cc1,90
1607,CC(C)c1ccccc1N=C=S,75
1624,CC(=O)c1cc(Cl)ccc1O,30
1628,CC1(C)CCCC(=O)C1,29
1675,Sc1cccs1,38
1702,c1ccc(-c2nn[nH]n2)cc1,30
1715,CC(NCc1ccccc1)c1ccccc1,43
1723,O=C(O)c1ccc2[nH]ccc2c1,74
1724,O=c1[nH]cc(C(F)(F)F)cc1Cl,56
1737,O=C(O)CCCOCc1ccccc1,83
1760,Nc1n[nH]c2ccccc12,50
1775,COc1cccc(C)c1[N+](=O)[O-],38
1787,O=[N+]([O-])c1ccc2nc(S)[nH]c2c1,88
1789,O=c1[nH]ncc(Cl)c1Cl,30
1791,CCC1=C(O)C(=O)CC1,61
1841,O=C1c2ccccc2C(=O)N1CBr,35
1850,CC(=O)CCCO,45
1851,COC(=O)c1c(N)sc2c1CCCC2,83
1857,NCc1ccc(F)cc1Br,65
1861,N#Cc1ccsc1N,44
1871,CNC(=O)CC(C)=O,31
1883,Cc1ccc(C=O)cc1C,30
1885,O=[N+]([O-])c1ccc(Cl)cc1Cl,30
1914,O=C(CCl)NC(=O)NC1CCCCC1,33
1921,CC(Br)C(=O)c1ccccc1,22
1923,CC(Br)C(=O)c1cccc(Cl)c1,91
1932,OB(O)c1ccc(Br)cc1,38
1974,Cc1nc(N)c(Cl)cc1Cl,61
1984,CCOP(=O)(OCC)C(F)(F)Br,44
2021,COc1cc(C=O)ccc1OC(F)F,62
2025,COc1ccc(C(=O)CBr)cc1OC,63
2029,Cc1cc(Br)ccc1O,33
2039,O=C1Cc2ccccc2C1,31
2084,CCCCCC=O,26
2085,N#CC(=O)c1ccccc1,33
2086,Oc1cccnc1Cl,30
2089,O=C(O)c1cc(F)c(Cl)nc1Cl,30
2109,c1ccc(CNc2ncnc3[nH]cnc23)cc1,30
2116,CNC(=O)CCl,30
2119,COc1ccc(OCCC(=O)O)cc1,97
2137,Nc1ccc(C(F)(F)F)cc1N,44
2154,COCCCCO,68
2161,O=C(Cc1ccccc1)c1ccccc1,30
2176,Cc1cc(C(=O)O)n[nH]1,79
2190,O=S(=O)(O)CCN1CCOCC1,30
2200,O=C(O)COc1cccc2ccccc12,54
2207,O=Cc1ccc(-c2ccc(Cl)cc2)o1,78
2252,Cc1cc(C=O)cc(C)c1O,30
2253,CC(C)c1ccc(S(=O)(=O)Cl)cc1,26
2255,Cl.N=C(N)c1ccccn1,69
2268,O=C(O)c1cc(F)cc(F)c1,30
2272,CC(C)OC(=O)c1ccc(O)cc1,26
2276,O=C(O)c1nc(Cl)c(Cl)c(Cl)c1Cl,30
2336,O=C(O)Cc1cccc(Cl)c1,30
2338,CCOc1ccc(NC(N)=S)cc1,64
2347,O=C(O)c1ccc(Br)s1,41
2349,Cl.NNc1ccc(F)cc1F,49
2353,CCN1CCCC1CN,30
2359,CCn1cccn1,38
2375,c1ccc(Cc2nc3ccccc3[nH]2)cc1,21
2402,O=Cc1sc(Cl)nc1Cl,95
2412,CCOC(=O)C1CCCC1=O,30
2426,CC(=O)CS(=O)(=O)c1ccc(C)cc1,33
2429,COC(=O)c1cccc(O)c1,30
2443,Cn1cccc1C=O,33
2452,c1cnoc1,26
2492,CN1CCCC1CCO,88
2493,COc1cc(C=O)cc(OC)c1,30
2500,NCc1ccc(F)cc1C(F)(F)F,65
2516,Cc1cc[nH]c(=O)c1,41
2536,O=[N+]([O-])c1cc(Br)ccc1O,45
2547,O=C1CCCN1c1ccccc1,30
2553,N#Cc1ccc(N)c(C(F)(F)F)c1,49
2555,CON(C)C(=O)CCl,31
2556,Cc1nccs1,41
2575,COC(=O)C=C(C)C,41
2583,CC(C)(C)OC(=O)N1CCCC(C(=O)O)C1,30
2592,NC(=S)Nc1cccc(Br)c1,57
2598,COc1cc(CCC(=O)O)cc(OC)c1,24
2603,COc1ccc(C)c(N)c1,88
2616,NC(CC(=O)O)c1cccc(Br)c1,76
2623,COC(=O)C(CBr)CBr,82
2661,Cc1ccnc(Br)c1,30
2664,O=C(O)CC12CC3CC(CC(O)(C3)C1)C2,82
2668,Cl.N=C(N)NC(=N)Nc1ccc(F)c(Cl)c1,58
2675,Cc1ccc(CC(=O)O)cc1C,96
2690,O=C(O)c1cc([N+](=O)[O-])cnc1O,69
2717,CCc1cccc(N=C=S)c1,93
2745,S=C=Nc1cccc(Br)c1,84
2746,Oc1cccc(N2CCNCC2)c1,51
2767,CCOC(=O)c1cn[nH]c1,21
2777,CNCc1ccc(OC)cc1,79
2794,CCOC(=O)C(C(=O)OCC)C(C)C,33
2804,O=C(O)c1cc(Cl)ccc1F,30
2820,N#Cc1cccc(CCl)c1,44
2825,c1ccc2sccc2c1,30
2836,CC(=O)c1c(Cl)ccc(F)c1Cl,30
2842,O[C@@H]1CCNC1,33
2851,O=C1NC2C=CC1C2,33
2855,Cc1ccc(F)cc1Br,30
2862,N=c1nc(S)ss1,48
2877,Cl.NNc1cccc(Br)c1,45
2883,Cn1ccc(N)n1,76
2912,O=C(O)c1ccc(CCl)cc1,30
2932,CC(=O)c1ccc(F)c(Br)c1,31
2938,Cl.NC1CCC(O)CC1,35
3001,OCc1ccsc1,38
3012,O=[N+]([O-])c1ccc2c(c1)CCN2,39
3049,CN1CCC(N)CC1,35
3072,O=C(O)c1cnn(-c2ccc(Cl)cc2)c1C(F)(F)F,83
3103,O=S(=O)(N(c1ccccc1)S(=O)(=O)C(F)(F)F)C(F)(F)F,30
3106,O=[N+]([O-])c1ccc(Br)nc1,39
3117,Cc1cc(C)c(N)c(C(=O)O)c1,51
3119,O=Cc1cc([N+](=O)[O-])ccc1O,30
3125,N#Cc1ccccc1[N+](=O)[O-],53
3126,COc1ccccc1Cl,30
3129,Cl.NCC(N)=O,30
3130,COC(=O)CCc1ccccc1,21
3132,Nc1cc(Br)cc(C(F)(F)F)c1,30
3134,O=[N+]([O-])c1cc(F)ccc1Br,30
3135,O=C(O)COc1ccccc1F,52
3137,COC(=O)C(N)c1ccccc1.Cl,48
3138,OB(O)c1cnc2ccccc2c1,29
3140,N#CCOc1ccc(Cl)cc1,36
3147,Cl.O=C1CCCN(Cc2ccccc2)C1,63
3150,COc1cc(F)ccc1[N+](=O)[O-],30
3153,c1cnc2c(c1)CCCC2,30
3154,CCCCOCCCl,68
3159,N#Cc1ccc(O)cc1F,41
3162,O=C(O)c1ccc(F)nc1,53
3165,NCc1ccc(F)cc1F,41
3170,CNCC(=O)OC.Cl,33
3180,Nc1ccc(C(=O)O)cc1F,40
3182,Cl.Nc1cc(Cl)ccc1Oc1ccc(Cl)cc1,55
3189,CCCCC(Br)C(=O)OC,30
3190,O=C(O)c1cc(F)cc(Br)c1,36
3194,CC1=NNC(=O)CC1,44
3202,Cc1ccc(O)c(C=O)c1,34
3207,CCOC(=O)C(CO)(CO)C(=O)OCC,30
3208,CC(=O)Nc1ccc(Cl)c(N)c1,59
3211,CC(=O)c1cccc(C(=O)O)c1,60
3221,COc1cc(C(=O)O)ccc1OCC(C)C,86
3222,CCCCC(=O)NN,35
3225,O=C(O)[C@H](O)c1ccccc1Cl,30
3227,Cc1c(F)cccc1[N+](=O)[O-],30
3228,COC(=O)C(N)CC(C)C.Cl,30
3231,Fc1ccc(F)c(CCl)c1,31
3233,Cc1cc(C(=O)O)n(C)n1,78
3235,Cc1nc(CCl)cs1.Cl,90
3236,COc1cc(C(=O)O)ccc1F,71
3237,Cl.NCCC(N)=O,51
3246,O=C1CCOCC1,26
3255,CC(=O)c1ccc(C(F)(F)F)cc1,30
3258,Cc1ccc(N)cc1O,30
3265,Clc1ccc2ncccc2c1,49
3266,CCCc1ncc[nH]1,30
3267,O=C(O)c1cccc(F)c1Cl,45
3275,CC1C(=O)Nc2ccccc21,56
3277,Cc1cc(Br)cc(C)c1N,30
3287,C1CCN(C2CCNCC2)C1,95
3290,CCc1ccccc1NN.Cl,41
3293,Cc1c[n+]([O-])ccc1[N+](=O)[O-],38
3296,CNC(C)c1ccccc1.Cl,73
3297,COC(=O)CC(C(C)=O)C(=O)OC,29
3299,OCCC1CCCCC1,30
3302,O=S(=O)(Cl)c1ccc(F)c(C(F)(F)F)c1,50
3304,NCc1c(F)cccc1Cl,94
3305,O=S(=O)(Cl)c1cccc2cccnc12,73
3306,COC(=O)CCN.Cl,30
3308,NC(CCO)c1ccccc1,56
3309,Cc1cc(Br)ccc1C(=O)O,44
3311,Nc1ccc(O)cc1[N+](=O)[O-],30
3314,Cl.Cl.Nc1ccc(CN2CCOCC2)cc1,77
3318,Cl.ClCc1ccncc1,30
3322,O=[N+]([O-])c1ccc(F)c(Br)c1,30
3323,CCOC(=O)c1c[nH]nc1C(F)(F)F,89
3324,CC(=O)c1ccc(F)c(Cl)c1,30
3325,CC(=O)c1nccs1,30
3329,O=[N+]([O-])c1ccc2cc[nH]c2c1,76
3331,CC(C)(C)OC(=O)CBr,30
3333,O=S(=O)(n1ccnc1)n1ccnc1,35
3335,Nc1cccc(F)c1F,58
3338,COc1c(N)cccc1Cl,96
3339,O=[N+]([O-])c1ccccc1OC(F)F,61
3340,N#Cc1cc(F)cc(F)c1,30
3341,CCCCCCCCC(=O)CCCCCCCC,67
3342,O=C1CCc2cc(F)ccc21,39
3348,Nc1ccc(Cn2cncn2)cc1,21
3350,O=c1nc[nH]c2nc[nH]c12,26
3358,O=C(O)c1ccc(Br)cc1Cl,36
3359,COC(CBr)OC,26
3362,OCCCCCCl,31
3364,CC(C)(C)c1cc(N)on1.Cl,90
3365,Cc1ccc(C(=N)N)cc1.Cl,86
3366,CCOC(=O)CC(=O)CC,49
3368,O=C(O)c1ccc2c(c1)CCO2,99
3369,CCN1CCNC(=O)C1=O,40
3371,OCc1ccccc1O,30
3376,Cc1noc(C)c1N,67
3380,O=C(O)c1ccc(F)cc1C(F)(F)F,35
3381,c1ccc(-c2cc[nH]n2)cc1,56
3384,CCOC(=O)C1COc2ccccc2O1,30
3387,CCc1nc2ccccc2[nH]1,36
3390,O=S(=O)(O)c1ccc(O)cc1,21
3392,Nc1ccc(Cl)nn1,30
3394,CC(=O)Oc1cccc(C(=O)O)c1,44
3395,COc1ccccc1OCCN.Cl,35
3398,Cc1c([N+](=O)[O-])cccc1C(F)(F)F,59
3400,FC(F)(F)c1cccc(Cl)n1,30
3401,Clc1cc(Cl)cc(I)c1,26
3406,Cc1ccc(Cl)c([N+](=O)[O-])c1,30
3418,CCOC(=O)C(=O)C(F)(F)F,30
3424,Cl.NC(=O)C1CCCCN1,67
3425,O=C(O)c1cscn1,35
3433,COC(=O)CSC,39
3436,NCC(O)CO,26
3447,COC(=O)c1ccccn1,31
3455,COc1ccc(Br)cc1F,30
3463,O=C(O)c1ccc(C(=O)O)s1,30
3466,O=Cc1cc(F)ccc1O,46
3472,CCOC(=O)c1cc(C)n[nH]1,63
3477,Cn1nccc1N,59
3480,NC(=O)c1cc(N)ccc1F,90
3485,CCOC(=O)C#N,49
3486,NC1(C(=O)O)CCCC1,54
3489,BrC1C=CCCC1,71
3490,N#Cc1ccc(F)c(Cl)c1,30
3492,Nc1cc(Cl)cnc1N,89
3493,c1ccc2[nH]ncc2c1,39
3502,Oc1cc(C(F)(F)F)nc(S)n1,45
3505,O=[N+]([O-])c1ccc(Cl)c(O)c1,46
3511,OB(O)c1cc(F)c(F)c(F)c1,30
3518,CCOC(CC)OCC,29
3519,CC(C)(C)c1ccc(C(=O)CCl)cc1,34
3532,CCOC(=O)C1CCCNC1=O,36
3533,CC1CCC(=O)N1,53
3534,O=[N+]([O-])c1cnccc1Cl,89
3537,O=Cc1ccc(O)c(Cl)c1,45
3541,O=C1[N-]C(=O)c2ccccc21.[K+],30
3550,OCCOCc1ccccc1,30
3554,NC1c2ccccc2-c2ccccc21,94
3560,Clc1ccc2cc[nH]c2c1,36
3562,NC(CC(=O)O)c1ccccc1,41
3589,COc1ccc(C(=O)O)c(F)c1,88
3591,Cc1nc2cc(Cl)ccc2s1,39
3601,O=CC1CCC=CO1,26
3604,NC(=O)NCC(=O)O,88
3609,C1CCC2NCCCC2C1,80
3613,CN(N)C(N)=S,66
3617,Brc1cscc1Br,30
3621,COC(=O)CCCCCN.Cl,69
3624,COC(=O)c1ccc(CN)cc1.Cl,48
3631,Cc1cccc(N)c1C(=O)O,48
3645,O=C1C=CCO1,69
3679,COCC#N,46
3693,O=C(c1ccc[nH]1)C(Cl)(Cl)Cl,30
3696,O=CC1CC1,54
3712,CC(=O)c1ccc(F)c(F)c1,30
3724,Cc1cc[nH]c(=O)c1[N+](=O)[O-],45
3741,Cc1cc(O)no1,46
3746,CNc1ccc(O)cc1.CNc1ccc(O)cc1.O=S(=O)(O)O,26
3754,Fc1ccccc1S,41
3765,Cc1cccc(C(=O)O)c1N,30
3768,COC(=O)c1cccc(CBr)c1,54
3792,O=C(O)c1ccc(F)cc1Br,30
3820,Clc1nsc2ccccc12,30
3826,NCc1ccccc1C(F)(F)F,39
3827,O=C(O)c1cccc(F)c1F,40
3828,O=C(O)C1(c2ccc(F)cc2)CCCC1,78
3836,Cc1ccc(NC(N)=S)cc1,45
3842,NC(=S)c1ccccn1,48
3844,O=C(O)Cc1ccccc1C(F)(F)F,39
3860,N#CCc1ccc(N)cc1,30
3862,COc1ccc2[nH]ccc2c1,31
3873,CNC(=O)c1ccc(N)cc1,31
3908,CC(=O)c1cc(F)ccc1F,33
3923,CN(C)CCCC(=O)O.Cl,45
3947,C#CC(C)O,31
3955,CCOC(=O)CC(=O)Cl,41
3958,Nc1cccc(CO)c1,36
3961,NC(=O)C1CCCNC1,30
3993,CSc1ccc(C(C)=O)cc1,49
3994,Nc1ccc(F)cc1C(F)(F)F,30
3997,Nc1ccc(CN2CCOCC2)cc1,86
4022,O=[N+]([O-])c1ccccc1NCCO,21
4070,COC(=O)c1cc(O)cc(C(=O)OC)c1,21
4072,COc1ccc(Nc2ccccc2)cc1,44
4083,COc1cc(C#N)ccc1O,30
4085,Cc1cccc(C)c1NC(N)=S,40
4087,OCCc1ccsc1,68
4094,COCC(=O)OC,26
4111,Cc1cc(C)c(CO)c(C)c1,86
4112,O=[N+]([O-])c1ccc(Cl)nc1Cl,30
4142,OC1CCOCC1,60
4151,O=Cc1c(F)cccc1F,39
4159,COc1ccc2cc(C=O)ccc2c1,30
4160,C=Cc1ccc(Br)cc1,40
4164,COc1ccc(NC(C)=O)cc1,21
4167,Nc1cc(Br)ccc1Br,35
4175,O=Cc1ccc(F)c(F)c1,30
4181,Cc1ccc([N+](=O)[O-])c(C(=O)O)c1,30
4187,O=C(O)c1nccc2ccccc12,33
4209,CS(=O)(=O)c1ccc(C(=O)O)cc1,30
4218,CSC1=NCCN1.I,56
4227,O=C(O)c1cccc(-n2cnnn2)c1,92
4274,CC(C)(C)NN.Cl,30
4276,CNCCN(C)C,55
4292,Nc1c(Cl)cccc1C(F)(F)F,25
4293,COc1ccc(S(N)(=O)=O)cc1C(=O)O,21
4303,COc1ccc(NC(C)=O)cc1N,30
4335,ClCC1CCCO1,68
4336,Nc1ccc(F)cc1C(=O)O,30
4341,O=C(CCl)c1ccc(F)cc1F,30
4355,O=S(=O)(Cl)c1ccccc1Br,81
4371,BrCC1CCCO1,36
4372,COc1ccccc1Br,30
4378,O=C1NCCS1,33
4400,Cn1ccnc1C(=O)O,80
4408,O=S(=O)(Cl)c1ccc(Cl)s1,49
4417,CNCc1ccc(C)cc1,60
4433,O=c1[nH]cccc1[N+](=O)[O-],36
4455,Fc1ccc(S)cc1,26
4479,O=C(Cl)c1cccc(F)c1,26
4491,CSCC#N,51
4493,CC(=O)C(C)C(C)=O,43
4513,N#Cc1ccc(C(=O)CBr)cc1,48
4521,O=Cc1ccc(OC(F)(F)F)cc1,30
4554,CCOC(=O)c1c[nH][nH]c1=N,33
4559,O=Cc1ccccc1OC(F)(F)F,36
4562,Cc1cc(N)c(N)cc1C,65
4577,O=[N+]([O-])CCO,49
4584,CCOC(=O)c1c[nH]n(C)c1=N,40
4587,CCOC(=O)CCCCCBr,30
4596,CNc1ccc(C(=O)O)cc1[N+](=O)[O-],26
4600,N#Cc1cccc(C=O)c1,30
4619,Cl.O=C(O)Cc1ccccn1,56
4626,COc1ccc(C=O)c(O)c1,30
4635,Cc1nc(=O)cc(N)[nH]1,71
4643,CC(N)=NO,50
4649,Nc1nc2ccc(OC(F)(F)F)cc2s1,35
4652,Nc1[nH]nc2ncccc12,81
4674,Cc1cccc2cccnc12,36
4675,N#CC1=C(N)CCC1,51
4689,CN1C(=O)C=CC1=O,68
4700,O=C(O)CCc1ccccc1F,76
4707,BrCCOCCBr,36
4708,N#Cc1ccc(CBr)c(F)c1,76
4709,O=Cc1csc2ccccc12,64
4724,Cc1cc(F)ccc1[N+](=O)[O-],30
4748,COc1ccccc1NCC(F)(F)F,81
4789,CC(O)(CC(=O)O)C(F)(F)F,66
4806,CC(C)c1ccc(S)cc1,31
4808,OB(O)c1ccco1,49
4809,CC(=O)Nc1ccc(N)c(C(F)(F)F)c1,30
4810,NNc1ccccn1,53
4834,NNC(=O)Cc1cccc2ccccc12,36
4848,Cc1cccc(O)c1N,63
4849,COC(=O)c1n[nH]c(N)n1,48
4881,COc1ccnc(Cl)n1,83
4910,CCOC(=O)c1ccc(Cl)nc1,30
4911,C1CC2OC2C1,55
4944,Cc1cccc(Br)c1C,30
4945,Cc1c(C(=O)O)cnn1-c1ccccc1,85
4987,O=C1CCN(Cc2ccccc2)C1,33
5023,Fc1ccc(CN2CCCNCC2)cc1,88
5029,COc1cccc(C(=O)Cl)c1,38
5052,COc1ccc(C(=O)O)cn1,30
5056,O=C1CCCCN1,30
5067,COc1cc(C#N)ccn1,98
5068,Fc1ccc(C(F)(F)F)cc1F,48
5069,Cc1ccc(C(=O)O)cc1Cl,33
5071,CCCCCCCOc1ccc(C=O)cc1,68
5073,CC(C)(C)OC(=O)NC(C)(C)C(=O)O,30
5075,O=[N+]([O-])c1ccc(I)c(Cl)c1,40
5077,O=S(=O)(Cl)c1cc(F)c(F)c(F)c1,33
5078,NS(=O)(=O)c1ccc(Br)s1,26
5087,N#Cc1ccccc1CCl,46
5092,CC1(O)CCCC1,36
5096,CCC(C)CCl,73
5100,OCCc1ccccc1F,33
5101,N#Cc1cc(F)ccc1Br,41
5104,O=C(Oc1ccccc1)c1ccccc1,21
5109,O=[N+]([O-])c1ccc(Cl)c(CO)c1,56
5120,Oc1ccncn1,60
5122,O=Cc1ccc(-n2cccn2)cc1,67
5125,O=C(/C=C(\[O-])C(F)(F)F)c1ccc(F)cc1.[Na+],71
5129,Oc1ccc(-n2cncn2)cc1,78
5131,Brc1cn[nH]c1,30
5149,Cl.O=c1nccc[nH]1,30
5164,O=[N+]([O-])c1c(Cl)c(Cl)c(Cl)c(Cl)c1Cl,21
5165,Cl.ClCc1nc2ccccc2[nH]1,26
5167,Cc1ccnc(F)c1,30
5169,Nc1ccnn1-c1ccccc1,96
5170,N#CCOc1ccccc1,39
5172,O=C(O)C(F)(F)c1ccccc1,98
5189,Oc1c(Br)cccc1Br,30
5192,CC(NC(=O)OC(C)(C)C)C(=O)O,30
5194,CC(=O)OCCCCCl,26
5197,COc1cc2nc(Cl)nc(N)c2cc1OC,41
5200,COc1ccc(C(=O)c2ccc(OC)cc2OC)cc1,61
5207,CCN(CC)CCC(=O)O.Cl,76
5224,O=C(O)CCCCCl,30
5225,Cc1ccc(CC#N)cc1,30
5229,O=C1CCCCC1C1=CCCCC1,31
5231,COC(=O)C(=O)C(F)(F)F,30
5232,Nc1cc(Cl)nc(Cl)n1,45
5234,CCOC(=O)C(Br)C(C)C,30
5248,C=C(CBr)C(=O)OCC,93
5258,Nc1cccc(C(F)(F)F)n1,48
5259,O=[N+]([O-])c1ccnc(Cl)c1,46
5260,N#Cc1ccc(N)nc1,45
5263,Cc1ccc2nc(Cl)c(C=O)cc2c1,91
5265,CC(=O)CS(=O)(=O)c1ccccc1,41
5266,O=C(O)CC1CC1,54
5275,CS(C)(=O)=O,30
5277,O=C(O)c1cc(S(=O)(=O)Cl)ccc1F,51
5279,COC(=O)c1ccc([N+](=O)[O-])c(O)c1,44
5280,COC(=O)c1ccccc1S,89
5281,COC(=O)c1ccc(C)cc1O,46
5282,COC(=O)c1cc(C)ccc1O,85
5289,Nc1ccc(Br)cc1[N+](=O)[O-],30
5290,CC(C)(C)c1cc(N)[nH]n1,26
5298,Cc1ccc2ncccc2c1,33
5301,NCC1CC1,89
5309,O=C1CCc2cc(Cl)ccc21,30
5314,O=C(CCCl)Nc1ccc(F)cc1,84
5315,Cc1ccc(S(=O)[O-])cc1.[Na+],26
5319,Nc1ccccc1-c1nc2ccccc2[nH]1,53
5321,O=C(O)c1cccc(Cl)n1,31
5324,CC1(C)CC(=O)NC(=O)C1,51
5328,Cc1nc(CCl)nc2ccccc12,62
5351,O=C1c2ccccc2C(=O)N1CC1CO1,53
5352,CC(C)c1ccc(B(O)O)cc1,59
5355,Cc1ccc(F)nc1,30
5356,Brc1ncccn1,26
5358,Cc1ccccc1C(C)O,66
5371,N#CCC1=NC(=O)CS1,40
5375,NC(=S)c1ccc(C(F)(F)F)cc1,21
5377,C1CCC(N2CCNCC2)C1,87
5392,COC(=O)c1ccnc(Cl)c1,30
5411,Cl.Nc1nc2ccc(C(=O)O)cc2s1,79
5413,NCc1cccc(N)c1,26
5414,CCOC(=O)C(OCC)OCC,30
5416,COC(=O)c1cc(F)ccc1C,60
5417,CCOC(=O)N1CCC(=O)CC1,30
5418,Clc1cccc2cccnc12,50
5432,Brc1ccc2ncccc2c1,44
5434,Cc1cncc(C(=O)O)c1,30
5435,FC(F)(F)C1CO1,84
5436,COC(OC)(OC)c1ccccc1,36
5439,NNC(=O)c1cccc(C(F)(F)F)c1,95
5442,COc1ccc(OCC#N)cc1,69
5443,CC1CCC(=O)O1,30
5449,N#CCn1ccnc1,41
5453,NC(=NO)c1cccnc1,21
5455,O=C(Oc1ccccc1)Oc1ccccc1,30
5463,CC(N=C=S)c1ccccc1,34
5465,CC(C)(O)C(Cl)(Cl)Cl,26
5466,O=[N+]([O-])c1ccc2ncccc2c1,36
5468,O=[N+]([O-])c1ccc(O)c2ccccc12,89
5470,CC(C)N1CCNCC1,44
5472,CC1CNCC(C)N1,30
5476,BrCCCCCCCCBr,30
5479,COC(=O)CCC(=O)O,30
5482,c1c[nH]nn1,35
5496,Cc1cc([N+](=O)[O-])ccc1O,33
5497,CC(C)(C)OC(=O)N1CCCCC1=O,55
5514,O=C(O)c1ccc2ncccc2c1,29
5518,CCO[Si](CCCS)(OCC)OCC,30
5522,O=[N+]([O-])c1cccc(CO)c1,21
5523,N#Cc1ncccn1,30
5531,O=C(O)c1cnc[nH]1,50
5533,COC(=O)Cc1c[nH]c2ccccc12,48
5546,O=C(O)Cc1nnn[nH]1,69
5550,CN1C2CCC1CC(=O)C2,26
5559,Cc1ccc2ccc(Cl)cc2n1,30
5563,Cc1c(N)cc(C(=O)O)cc1N,72
5576,NC(=O)c1cccc(N)c1,69
5582,C=CC(=O)Nc1ccccc1,63
5584,Cc1cc(C)c(CCl)c(C)c1,49
5588,NS(=O)(=O)c1ccc(C(F)(F)F)cc1,21
5600,COC(=O)c1cccc(OC)c1O,34
5605,Nc1cccc(Cl)c1C(=O)O,30
5614,Cc1cccc(Cl)n1,30
5621,O=C1CC[C@@H](CO)N1,38
5663,Cc1cccc([N+](=O)[O-])c1C(=O)O,58
5673,COC(OC)c1ccncn1,71
5680,NC(N=O)=C1C=CC=CN1,28
5688,Clc1nc2ccccc2o1,48
5689,CCC(C)Br,26
5740,Cc1ccc(F)cc1C(=O)O,39
5774,NC(c1ccccc1)(c1ccccc1)c1ccccc1,30
5792,Nc1cc(Cl)ccc1S,48
5796,Brc1cncc2ccccc12,30
5800,CCOC(=O)C1CCC(=O)CC1,30
5804,Cc1ccccc1C(=O)c1ccccc1,30
5816,Ic1cnccn1,65
5820,CC(=O)c1ccc2c(c1)NC(=O)CO2,74
5827,Clc1csc(Cl)n1,45
5855,C#Cc1cccc(N)c1,49
5866,C1CCC2OC2C1,26
5875,Nc1cccc(OC(F)(F)F)c1,30
5878,COc1cc([N+](=O)[O-])ccc1O,45
5893,NC(=S)Nc1ccccc1Cl,69
5895,Cc1ccc(NC(N)=S)c(C)c1,45
5896,NC(=S)Nc1ccc(OC(F)(F)F)cc1,51
5899,Nc1cnc2ccccc2c1,65
5910,Clc1ccc(C2CO2)cc1,85
5914,Cc1cc(N)n(C)n1,48
5927,Cn1ncc(Cl)c(Cl)c1=O,83
5939,O=C1OC(=O)c2ncccc21,30
5941,O=C(O)c1ccc(C(F)(F)F)cn1,96
5943,O=S(=O)(F)Cc1ccccc1,39
5968,O=c1[nH]ncc(Br)c1Br,45
5981,Cc1cccc(B(O)O)c1,30
5982,Cc1ccc(B(O)O)cc1,30
5985,N#CCC(=O)c1cccc(Cl)c1,40
5986,CCCCCc1ccccc1,35
5997,O=[N+]([O-])c1cnc(Cl)nc1Cl,61
5998,O=C(O)C1(c2ccc(Br)cc2)CC1,89
6004,O=C(O)c1cc2cc(Cl)ccc2[nH]1,56
6035,O=C(O)CNC(=O)C(F)(F)F,63
6048,CN(C)S(N)(=O)=O,69
6049,O=[N+]([O-])c1ccc(Br)cn1,30
6050,Fc1ccc(Br)cn1,30
6051,COc1cccc(Br)n1,36
6067,CC(N)C12CC3CC(CC(C3)C1)C2.Cl,27
6069,N#CCc1ccc2c(c1)OCO2,45
6094,CN1CCCC1CO,60
6113,COc1cc(F)cc(F)c1,35
6122,CCOC(=O)c1c(C)[nH]c(C=O)c1C,91
6130,N#CCc1ccsc1,89
6137,O=C1CC(c2ccccc2)C(=O)O1,89
6143,O=C(CCl)OCc1ccccc1,60
6155,c1cc(-c2ccncc2)ccn1,30
6177,O=C(O)COCc1ccccc1,49
6191,NCCc1ccc2c(c1)OCO2,55
6196,O=C(O)c1ccc(SC(F)(F)F)cc1,89
6285,Cl.NNc1ccccc1Cl,30
6296,Cc1ccc(C#N)cc1F,30
6306,c1ccc2c(c1)CCO2,30
6307,CS(=O)(=O)c1ccc(C(=O)CBr)cc1,44
6311,Cc1ccc(S(N)(=O)=O)c(C)c1,65
6325,CCc1ccc(C#N)cc1,96
6331,C1CCC2CNCCC2C1,49
6372,Nc1c(F)cc(Br)cc1F,30
6378,O=C(O)c1ccc(CBr)cc1,38
6398,O=C(CBr)c1c(F)cccc1F,87
6401,O=C(O)c1c[nH]c2ccccc12,30
6416,CNC(=O)c1cc(Cl)ccn1,31
6428,O=C(/C=C(\[O-])C(F)(F)F)c1ccc(Cl)cc1.[Na+],91
6429,COc1ccc(C(N)CC(=O)O)cc1,21
6452,CCC(C(C)=O)C(C)=O,85
6462,Oc1cc(Cl)cc(Cl)c1,35
6511,N#CCCC#N,30
6512,CC1(C)CC(=O)OC1=O,48
6546,CSC(=C[N+](=O)[O-])SC,46
6550,O=C1OC(=O)[C@@H]2CC=CC[C@H]12,26
6585,COc1cc2ncnc(Cl)c2cc1OC,90
6590,C[Si](C)(C)C#CCBr,58
6645,O=C1c2ccccc2C(=O)N1CCCBr,30
6656,O=C(O)c1cnc2ccccc2n1,48
6716,CS(=O)(=O)N1CCC(N)CC1.Cl,51
6757,O=Cc1c[nH]nc1-c1ccc(F)cc1,97
6782,NS(=O)(=O)c1ccc(C(=O)O)cc1,26
6852,CNC(C)c1ccccc1,76
6857,COc1ccc(C(C)=O)cc1Br,61
6866,Cl.c1ccc2[nH]c(C3CCNCC3)nc2c1,60
6942,Cl.NN(Cc1ccccc1)c1ccccc1,49
6968,Cc1ccc(C(=O)O)cc1O,48
6977,Nc1ccc(OCc2cccc(F)c2)c(Cl)c1,58
7005,O=C(O)c1cc(Cl)ccc1I,35
7010,CC(=O)Nc1cc(C(=O)O)ccc1C,90
7035,Nc1ccc(SC(F)(F)F)cc1,61
7036,Cl.NNc1cccc(C(F)(F)F)c1,40
7038,Cc1ccnc(=S)[nH]1.Cl,30
7075,NC(=O)Nc1ccc(Cl)cc1,49
7079,O=C(O)c1cc2c(Cl)cccc2s1,75
7099,NCC1CCOC1,54
7114,Clc1cc2ccccc2c(Cl)n1,90
7122,Cl.NNc1ccc(F)c(F)c1F,58
7129,COC(=O)C(N)C(C)C.Cl,38
7130,O=C(O)CC(=O)CC(=O)O,30
7131,O=[N+]([O-])c1cc(CO)ccc1Cl,56
7142,Cc1ccc(C(=O)O)c(Cl)n1,35
7144,Cc1ccc(F)c(O)c1,29
7148,O=C(O)Cc1noc2ccccc12,49
7157,COc1ccc(C=O)cn1,66
7175,Cc1ccc(C(N)=O)cc1N,41
7177,Nc1ncccc1[N+](=O)[O-],36
7190,CCCCC(=O)CC,29
7191,CC(=O)c1ccc(O)c(C)c1,38
7192,O=[N+]([O-])c1ccc(O)cc1F,53
7201,O=C(CCc1ccccc1)c1ccccc1O,21
7210,Cc1cccc(Br)n1,30
7220,FC(F)Oc1ccc(Br)cc1,48
7230,Cc1cn[nH]c1,30
7235,Cc1ccc(N)cc1S(N)(=O)=O,21
7249,N#CCc1cc(F)cc(F)c1,44
7251,Cc1cc(C)c(CN)c(=O)[nH]1.Cl,81
7254,CCOC(=O)C(N)C(=O)OCC.Cl,30
7266,Nc1ccc(F)cc1O,33
7269,Cc1cc(Cl)nc(Cl)c1C#N,30
7283,Clc1cncc(Cl)c1,30
7310,NC(=O)C(Cl)Cl,31
7314,Cc1ccc[nH]c1=O,41
7315,O=C(c1ccccc1)C1CCCC1,60
7350,Nc1cccc(OCc2ccccc2)c1,21
7353,Nc1cc(F)ccc1O,43
7354,OCc1cc(Br)ccc1F,71
7358,O=Cc1ccc2c(c1)CCO2,51
7376,COC(=O)c1sccc1S(=O)(=O)Cl,26
7383,Cl.OCc1cnc[nH]1,43
7409,Cc1ncc(C#N)c(N)n1,91
7415,COc1ccc(C=NO)cc1OC,63
7417,COc1cccc(CCN)c1,49
7418,CCOC(OCC)(OCC)c1ccccc1,35
7439,Cc1cccc(F)n1,30
7444,O=C1Nc2cc(Br)ccc2C1=O,50
7450,Cc1ccc(I)cc1[N+](=O)[O-],44
7466,O=C(O)CCOc1ccc(Cl)cc1,82
7479,OCC1CCOC1,75
7537,Nc1ccc([N+](=O)[O-])cc1F,30
7545,COC(=O)c1ccccc1C,21
7546,Cc1ccc(F)cc1[N+](=O)[O-],30
7547,N#Cc1cccc(O)c1,30
7554,O=C=NCCCCl,50
7571,O=C1CCC(=O)CC1,30
7601,O=C(O)c1ccnc(C(=O)O)c1,69
7609,O=C1CCC(C(=O)O)CC1,71
7624,NC(=O)c1ccc(Cl)c(N)c1,23
7630,Nc1cccc(NC(=O)c2ccccc2)c1,90
7631,NCc1cc(F)ccc1F,29
7636,O=C(O)CCc1ccc(Cl)cc1Cl,35
7641,O=C1Cc2cc([N+](=O)[O-])ccc2N1,98
7650,OCCN(CCO)c1nc(N2CCCCC2)c2nc(N(CCO)CCO)nc(N3CCCCC3)c2n1,26
7663,Clc1nc(Cl)nc(N2CCOCC2)n1,42
7668,O=C1Cc2cc(Br)ccc2N1,48
7669,O=Cc1cccc2[nH]ccc12,51
7673,CC(C)Oc1ccccc1,44
7686,O=S(=O)(Cl)c1ccccc1C(F)(F)F,45
7692,Nc1ccc([N+](=O)[O-])c(C(F)(F)F)c1,26
7697,OCC1CCOCC1,58
7701,Brc1nc2ccccc2s1,68
7737,Cc1cc(N)cc(F)c1,41
7738,Cc1cc(F)ccc1C=O,55
7741,CC(=O)c1cccc(C)c1,29
7756,Cc1ccc(B(O)O)cc1[N+](=O)[O-],84
7768,CCSCCCl,85
7770,NCC1CCOCC1,38
7776,BrCC1CCOCC1,57
7790,Cc1ccc(CCCC(=O)O)cc1,74
7792,CN(CC(=O)O)C(=O)OC(C)(C)C,30
7805,CC(C)(C)OC(=O)N1CCC(CN)CC1,50
7806,Nc1ncccc1C=O,60
7807,Nc1c(Cl)cccc1[N+](=O)[O-],89
7810,O=C(OCc1ccccc1)N1CCCC(CO)C1,76
7845,N#Cc1c(O)cccc1F,83
7846,O=C(Cl)C1CCOCC1,77
7857,Cl.NCCc1c[nH]c2ccc(Cl)cc12,38
7859,N#CCc1cc(Br)ccc1F,72
7864,CN1CCC(C(=O)O)CC1.Cl,41
7866,CCCCCCCCCCCCN,56
7870,CCOC(=O)CCCCCCCCC(=O)OCC,76
7871,Cc1ccc(C(=O)O)cc1Br,30
7874,Nc1cnc(Br)cn1,30
7877,NCc1ccco1,30
7880,O=Cc1cccc(C=O)c1,30
7883,O=C(O)COc1cccc(F)c1,76
7896,Cc1cccc2[nH]ccc12,95
7907,O=[N+]([O-])c1ccn[nH]1,30
7917,COc1ccc2c(c1)C(=O)C(=O)N2,44
7926,CCC(=O)c1cc(F)ccc1F,46
7932,Nc1c(O)cccc1[N+](=O)[O-],36
7942,CC(=O)c1ccccc1C(F)(F)F,41
7955,Cc1cc(Br)ccc1S(=O)(=O)Cl,53
7964,CCOC(=O)C(N)=S,49
7969,CC1(CCl)CO1,45
7971,CC(C)(C)OC(=O)N1CCC(N)CC1,26
8002,Fc1ccc(Cl)nc1,49
8005,N#Cc1ccnc(N)c1,85
8021,CNC(=O)C1CCN(C(=O)OC(C)(C)C)CC1,60
8023,O=[N+]([O-])c1cccc(OCCBr)c1,76
8037,Fc1ccc(Cl)cn1,45
8056,CCOc1ccccc1OCCBr,49
8060,COCCCCl,66
8065,COc1ccc(C(=O)c2ccc(F)cc2)cc1,30
8082,COc1ccc(NC(C)=O)c([N+](=O)[O-])c1,81
8084,NS(=O)(=O)c1cc([N+](=O)[O-])ccc1Cl,58
8090,Cc1cc(C)c(O)c([N+](=O)[O-])c1,79
8099,CC(C)(C)OC(=O)NC1CCCNC1,76
8100,O=Cc1ccc(OCc2ccc(Cl)c(Cl)c2)cc1,52
8103,O=C(O)C(F)(F)C(F)(F)C(=O)O,69
8104,O=C1CCN(C(=O)OCc2ccccc2)CC1,30
8121,O=C(O)c1cc(=O)c2ccccc2o1,46
8123,CC(O)c1ccc(Br)cc1,31
8125,Cc1cc(C#N)c(N)s1,21
8126,NC(=O)c1cc(Cl)ccc1N,44
8128,N#Cc1nccnc1Cl,30
8131,Clc1nc2ccccc2[nH]1,30
8135,O=C(O)c1cccc(Br)n1,33
8138,CC(C)(C)OC(=O)NC1(C(=O)O)CCCCC1,96
8157,O=[N+]([O-])c1ccc(O)c(F)c1,30
8168,N#Cc1c(F)cccc1I,29
8181,Cc1ccc([N+](=O)[O-])cc1F,30
8182,OCC1CCC1,44
8190,O=Cc1ccc(CO)o1,45
8192,Cl.NC1Cc2ccccc2C1,74
8194,COC(=O)Cc1ccc(N)cc1,69
8200,CC(C)=C(C)C,53
8214,Oc1c(F)cccc1F,80
8215,CS(=O)(=O)c1ccc(O)cc1,30
8220,CC(C)(C)OC(=O)NCCN,30
8222,Nc1ccc(O)c(Cl)c1,49
8225,Cn1c(C(=O)O)cc2ccccc21,64
8229,CC(=O)c1sccc1C,82
8247,COC(=O)[C@H](Cc1ccc(O)cc1)NC(=O)OC(C)(C)C,30
8248,C=CC(=O)CC,70
8264,CCCN1CCNCC1,55
8276,CNCc1cccc2ccccc12.Cl,26
8283,Cc1[nH]c2ccccc2c1CC(=O)O,46
8289,CCOC(=O)N1CCC(O)CC1,21
8317,CCNN.O=C(O)C(=O)O,78
8322,Cl.NC1CCOCC1,63
8338,CN(C)CCn1nnnc1S,38
8343,O=[N+]([O-])c1cc(F)ccc1O,30
8357,CCOC=C(C(=O)OCC)C(=O)C(F)(F)F,26
8367,COc1cc(CN)cc(OC)c1,81
8385,COC(=O)C1CCCCN1,21
8413,Cc1[nH]cnc1CO,28
8433,NC(=O)c1cn[nH]c1N,21
8449,NNc1cnccn1,73
8470,Cl.O[C@H]1CCNC1,30
8475,CC(O)c1c(Cl)ccc(F)c1Cl,48
8495,COC(=O)C1(N)CCCCC1.Cl,87
8510,Cc1cc([N+](=O)[O-])ccc1Cl,29
8524,Cl.Cl.O=C(O)C1CNCCN1,26
8528,CNS(C)(=O)=O,26
8539,CCOC(=O)C(F)Br,49
8541,CC(=O)NC(=N)N,33
8545,Cc1cccc(O)c1[N+](=O)[O-],30
8547,Nc1c([N+](=O)[O-])cccc1[N+](=O)[O-],83
8552,CS(=O)(=O)N1CCNCC1,51
8553,Fc1ccc(Br)c(CBr)c1,34
8562,O=C(O)c1cnc(O)c(Cl)c1,46
8563,O=C(O)c1cccc2c1OCCO2,44
8573,O=S(=O)(Cl)C1CC1,76
8578,Cc1ccc(Oc2ccc(N)cc2)cc1,39
8582,NC(=S)Nc1ccccc1F,26
8600,COC(=O)c1cccc(C(=O)OC)c1,30
8606,N#CCN.O=S(=O)(O)O,21
8608,NNc1ccc(OC(F)(F)F)cc1,53
8633,O=C(O)c1ccc([N+](=O)[O-])c(F)c1,36
8634,Clc1cccc(Cl)c1Cl,26
8636,O=Cc1c[nH]c2cc(F)ccc12,80
8638,COc1cc(OC)nc(Cl)n1,36
8659,Cc1nc(Cl)c(N)c(Cl)n1,40
8662,CNCCC=C1c2ccccc2CCc2ccccc21.Cl,33
8663,N#Cc1cc(C(F)(F)F)ccc1Cl,31
8666,O=C(O)Cc1ccc(OC(F)(F)F)cc1,58
8668,COc1ccc(C(=O)O)cc1N,30
8669,Cc1ccc(S(=O)(=O)n2ccc(C(=O)O)c2)cc1,63
8670,O=S(=O)(Cl)c1cc(C(F)(F)F)ccc1Br,71
8672,COc1cc(NC(C)CCCN)c2ncccc2c1.O=P(O)(O)O,27
8673,CC(C)(C)OC(=O)N1CCCNCC1,66
8675,Fc1cc(Br)cc(Br)c1,30
8691,CCN(CC)c1ccc(C=NO)cc1,47
8700,Cl.NNc1cccc(Cl)c1F,94
8701,O=C1OCCO1,30
8702,Clc1ccc2[nH]ccc2c1,40
8705,CCCc1ccc(O)cc1,39
8709,NS(=O)(=O)c1cccc(F)c1,46
8712,O=c1cccn[nH]1,35
8713,Fc1ccc(-c2cc[nH]n2)cc1,58
8743,Cl.ClCC1=NCCN1,35
8784,CCOC(=O)C1CN(Cc2ccccc2)CCC1=O.Cl,30
8804,COc1cc(C(=O)O)ccc1OCc1ccccc1,69
8823,O=C(O)C1CCOC1,93
8866,COC(=O)c1sc2ccccc2c1N,75
8940,O=C1Nc2cccc(Br)c2C1=O,45
8945,O=C(O)c1ccccc1C(=O)c1ccc(F)cc1,97
9007,NC(=S)Nc1ccccn1,53
9010,Cc1ccc(N)cc1C(F)(F)F,60
9039,N#CCc1ccc(F)cc1F,44
9072,OCc1cccc(Cl)c1,30
9075,O=C(O)C1(C(=O)O)CCC1,30
9079,Nc1ccc(Br)cc1C(F)(F)F,30
9086,O=C(O)CCC(F)(F)F,49
9097,Clc1ccc(N2CCCC2)nn1,90
9121,CCS(=O)(=O)N1CCNCC1,93
9126,Cc1cc(Cl)c2ccccc2n1,99
9142,OB(O)c1ccc(Cl)c(Cl)c1,33
9152,CCCC(=O)Nc1ccc(O)c(C(C)=O)c1,30
9155,O=c1[nH]c2ccccc2s1,29
9156,Oc1nccc(C(F)(F)F)n1,45
9160,O=C(O)C(=O)Cc1ccccc1,69
9161,CNc1ccccc1F,33
9165,O=c1[nH]c2cc([N+](=O)[O-])ccc2o1,67
9167,Cc1cccc(C)c1C=O,46
9193,COc1cccc(S)c1,95
9198,CNCc1ccccc1F,74
9203,OB(O)c1cccc(F)c1,30
9206,O=Cc1cccc(OC(F)(F)F)c1,41
9207,Cc1ccnc(C#N)c1,50
9208,Cl.NNc1ccc(Br)cc1F,53
9210,O=C(O)c1cc(F)c(F)c(F)c1,35
9219,O=C(O)c1cc(F)c(Cl)cc1Cl,31
9221,COC(=O)c1ccc(O)c([N+](=O)[O-])c1,39
9239,COC1=NCCCCC1,75
9240,COC1=NCCC1,88
9241,CC(=O)c1cc(F)c(Cl)cc1Cl,26
9277,COc1ccccc1B(O)O,30
9279,NC(=S)Nc1cccc(C(F)(F)F)c1,21
9280,CC(C)(C)OC(=O)N1CCC(C(=O)O)CC1,30
9281,CS(=O)(=O)c1ccc(N)cc1,30
9282,Cc1cc(C)c(C)c(O)c1,26
9301,COc1ccc(NC(N)=S)cc1,25
9303,Cc1cc(C)n(-c2ccccc2)n1,56
9316,COC(=O)CCCN.Cl,46
9324,Nc1cc(Br)cnc1N,46
9330,Cc1c(-c2ccccc2)oc2c(C(=O)O)cccc2c1=O,60
9334,CC(=O)c1ccsc1,38
9339,CCCCCCC(=O)CCCCCC,58
9347,O=C(O)CCc1cccnc1,86
9349,COC(=O)c1sc(N)nc1C,66
9353,COc1cccc2sc(N)nc12,75
9381,COc1ccc2c(c1)C(=O)CCC2,30
9396,Cc1cccc(=O)[nH]1,30
9444,NC(=S)Nc1cccc(C(=O)O)c1,88
9456,c1csc(CNCc2cccs2)c1,29
9580,NC(=O)c1ccc(F)c(F)c1,21
9604,COCCc1ccccc1,49
9660,OCCc1ccc(F)cc1,30
9712,CCc1ccc(CC)cc1,66
9713,CCc1cccs1,41
9763,Cl.O=S(=O)(Cl)c1cccnc1,54
9797,COc1cc([N+](=O)[O-])c(C(=O)O)cc1O,83
9808,COC(=O)CCCCCN,78
9817,Nc1nc2cc(Br)ccc2o1,94
9891,Cl.NN1CCCCC1,41
9898,Nc1ccc(C(=O)O)cc1Br,69
9914,Cl.Nc1ccc2[nH]ncc2c1,39
9915,Cn1nccc1C(=O)O,74
9956,CN(C)CCOC(=O)COc1ccc(Cl)cc1.Cl,46
9958,COc1ccc(C=O)cc1CCl,95
10031,c1ccc2c(c1)NCCO2,66
10067,OC1CCC2(CC1)OCCO2,60
10114,Nc1cc(C(=O)O)ccn1,34
10116,COc1ccc(Br)cc1N,90
10131,CCOC(=O)c1cnn(C(C)(C)C)c1N,96
10136,Oc1ccc(Cl)nc1,48
10150,O=[N+]([O-])c1ccc(OCCBr)cc1,68
10174,FC(F)(F)c1ccc(CCl)cc1,41
10177,Cc1cc(=O)cc(C)[nH]1,44
10204,O=[N+]([O-])c1cc(Cl)ccc1Br,30
10207,CCOC(=O)c1ccn[nH]1,39
10247,Cc1cc(N)ncc1[N+](=O)[O-],45
10250,O=C(O)c1ccc2c(c1)CCCC2,89
10265,FC(F)(F)Oc1cccc(I)c1,70
10266,CC(=O)c1ccccc1OC(F)(F)F,63
10290,Nc1cccc(S(=O)(=O)Nc2ccccc2)c1,80
10293,CCCCC(CC)C(=O)O,26
10384,Cc1cccc(C)n1,30
10398,O=C(O)C1CCN(c2ccc(Br)cn2)CC1,91
10404,Nc1ccc(OC(F)F)cc1,38
10411,O=[N+]([O-])c1ccc(F)c(F)c1,30
10449,OCC12CC3CC(CC(C3)C1)C2,29
10450,O=C(O)c1cccc(Oc2ccccc2)c1,48
10463,Nc1ccc(-n2ccnc2)cc1,83
10472,O=C(O)COC1CCCCC1,95
10481,CC(Br)c1ccccc1,45
10607,Cc1ccc(-c2csc(N)n2)cc1,28
10621,O=C(O)c1cc(Cl)nnc1Cl,75
10622,O=Cc1ccc(F)c(Br)c1,30
10657,ClCC1CC1,48
10658,CC(C)(C)OC(=O)N[C@H](C(=O)O)C(C)(C)C,36
10659,Oc1ncnc2cccc(F)c12,67
10660,O=C(O)c1ccc(F)c(Br)c1,30
10670,O=c1cn[nH]c(=O)[nH]1,46
10687,O=C(O)c1ccc(I)c(Br)c1,60
10690,CC(C)(C)OC(=O)N1CC2(CC2)C[C@H]1C(=O)O,48
10697,CNC1CCN(C(=O)OC(C)(C)C)CC1,69
10708,O=[N+]([O-])c1cccc(N2CCNCC2)c1,40
10710,O=[N+]([O-])c1cc(Br)ccc1I,45
10732,NC(=O)CCc1ccccc1,67
10759,CC1=CC(C)(C)Nc2ccccc21.Cl,25
10802,CC(C)(C)OC(=O)N1CCC(C(=O)O)C1,48
10823,CC(C)(C)OC(=O)N1CCC(N)C1,83
10825,CC(C)(C)OC(=O)N1CC(=O)C1,30
10827,COC(=O)c1ccnc(N)c1,41
10830,CC(C)OC(=O)CN.Cl,52
10851,Cc1nc(Cl)cc(Cl)n1,30
10854,CCOC(=O)c1nnn[nH]1,36
10872,Nc1ncc(Br)cc1I,61
10877,Brc1cnc2[nH]ccc2c1,40
10912,CC(C)(C)OC(=O)N1CCC(C#N)CC1,53
10936,Clc1ccc(Br)nc1,30
10973,CN(C)CCC#N.Cl,31
10995,Cl.Cl.Nc1cnccc1O,55
11001,COC(=O)CCCCCCN.Cl,83
11012,CCOC(=O)C1CCN(Cc2ccccc2)CC1=O,21
11013,CC(C)NCC(F)(F)F.Cl,73
11031,CC(C)(C)OC(=O)NC1CC1,84
11033,CC(=O)c1sccc1Br,80
11073,Cc1ccc(-n2nc(C(C)(C)C)cc2N)cc1,99
11102,CCOC(=O)C1CN(Cc2ccccc2)CCC1=O,39
11127,COC(=O)c1cc(C)ccc1N,26
11128,COC(=O)c1cccc(C)c1N,35
11135,Cl.OCc1cncc(Br)c1,89
11159,COc1ccc([N+](=O)[O-])cc1N.Cl,29
11225,N#Cc1cc(Br)cs1,75
11226,O=c1nccc[nH]1,30
11249,O=c1[nH]c2ccc(Br)cc2o1,84
11354,NC(=O)c1cc(F)ccc1N,75
11389,N=C(N)N1CCOCC1.O=S(=O)(O)O,59
11400,CNCc1cccc([N+](=O)[O-])c1.Cl,50
11432,Nc1c(Br)cccc1C(=O)O,53
11616,N#Cc1ccc(NCC(=O)O)cc1,36
11617,CC(C)(C)OC(=O)N1CCCCC1CO,26
11618,CC(C)(C)OC(=O)N1CCC(CO)CC1,30
11644,CN1CCC(CO)CC1,40
11663,CCCNCC(O)COc1ccccc1C(=O)CCc1ccccc1.Cl,76
11665,Cl.Clc1ccc2nsnc2c1NC1=NCCN1,40
11686,CCOC(=O)C1=C(C)NC(C)=C(C(=O)OC)C1c1cccc(Cl)c1Cl,48
11687,OC(Cn1cncn1)(Cn1cncn1)c1ccc(F)cc1F,33
11688,Cc1cnc(NC(O)=C2C(=O)c3ccccc3S(=O)(=O)N2C)s1,30
11706,COC(=O)c1ccc(C)c(N)c1.Cl,26
11707,CNCc1ccccc1F.Cl,70
11844,O=Cc1c[nH]c2cc(Cl)ccc12,59
11859,CNC(=O)OC(C)(C)C,83
11944,O=C1Nc2cc(Cl)ccc2C1=O,49
11963,CCOC(=O)CCCCCCN.Cl,68
11971,COC(=O)c1cccc(C)n1,38
12039,Cc1ccc(N)cn1,48
12057,NC(=S)c1ncccn1,66
12058,COc1ccc(CNN)cc1.Cl,36
12101,O=[N+]([O-])c1cccnc1F,48
12133,Cl.NC1CCc2ccccc21,46
12157,NC(=O)c1cc(Br)ccc1N,51
12175,CC(C)(CN)C(N)=O,49
12177,COCCCO,30
12274,NC(=O)C(N)Cc1ccccc1,60
12322,CC1CN(C(=O)OC(C)(C)C)CCN1,53
12341,Cc1cc([N+](=O)[O-])ccc1C(=O)O,30
12346,CN1CCN(C(=O)C2CCN(C(=O)OC(C)(C)C)CC2)CC1,84
12369,C[C@H](NC(=O)OC(C)(C)C)C(=O)O,30
12430,NC(=O)c1ccc(O)cc1.O,63
12453,CC(C)(C)OC(=O)N[C@@H](Cc1c[nH]c2ccccc12)C(=O)O,30
12458,CNCc1ccc(C)cc1.Cl,57
12478,CCCn1cnc2c1c(=O)[nH]c(=O)n2C,30
12497,Cl.ClCCCN1CCCC1,95
12509,Cl.Cl.NCCN1CCCC1,30
12555,CCOC(=O)c1cscn1,76
12563,BrCc1cccc(OCc2ccccc2)c1,95
12591,CN(N)C(=O)OC(C)(C)C,38
12629,CC(O)c1cccc(F)c1,64
12664,CC(C)(C)OC(=O)N1CCCCC1C#N,81
12668,COc1ccc(Br)c(N)c1,35
12734,Nc1nccnc1Cl,39
12736,O=C(CBr)C1CC1,69
12744,CCOC(=O)c1cnc(N)s1,45
12794,Br.NCCc1ccc([N+](=O)[O-])cc1,28
12870,NNc1cc(F)cc(F)c1,41
12885,CC(C)(C)OC(=O)NC1CCC(=O)CC1,44
12949,CCOC(=O)CC(=O)C1CC1,31
12959,COCC1CO1,81
12969,CC(O)c1ccc(F)c(F)c1,61
12984,Cl.O=C1CNCCN1,40
13005,CC(C)(C)OC(=O)N1CCCC(CN)C1,75
13026,CC(C)OC(=O)C1(C(=O)OC(C)C)CC(=O)C1,36
13032,Cl.FC(F)(F)CNCC(F)(F)F,99
13036,NNc1ncnc2nc[nH]c12,91
13051,CC(C)(C)OC(=O)N1C2CCC1CC(=O)C2,36
13176,C#CCNC(=O)OC(C)(C)C,83
13179,CC(C)(C)OC(=O)NC(Cc1ccccc1)C(=O)O,36
13265,Brc1ccc2nccn2c1,60
13344,N#CC1CCOCC1,45
13355,O=Cc1cc(Cl)ccc1Br,30
13356,Nc1nonc1C(=O)O,67
13386,Clc1cn[nH]c1,30
13433,CC(C)(C)NCC(=O)O.Cl,21
13485,OCC1CCCN1,60
13498,O=C1Nc2cccc(Cl)c2C1=O,39
13544,C[C@H](O)c1c(Cl)ccc(F)c1Cl,93
13546,Cl.Cn1cc(N)cn1,34
13673,O=[N+]([O-])c1ccc2c(c1)NCCC2,30
13698,CC(C)(C)OC(=O)N1CCC(CO)C1,63
13699,O=C(O)c1cc(F)ccc1I,69
13728,CC(C)(C)OC(=O)N1CCC(O)C1,45
13735,O=C(O)c1cccn2ccnc12,58
13780,CC(C)(C)OC(=O)N1CCCC[C@H]1C(=O)O,26
13860,N[C@H]1c2ccccc2C[C@H]1O,30
13904,CCS(N)(=O)=O,58
13962,OC1CNC1,26
14001,CC(C)(C)OC(=O)NC1CCNC1,90
14093,O=C1N[C@@H](Cc2ccccc2)CO1,30
14101,CC[C@H](C)[C@H](N)C(=O)OC.Cl,30
14119,CC1(C)OC[C@H](CO)O1,45
14129,O=C(O)c1c[nH]c2cc(Cl)ccc12,84
14184,O=Cc1c(Cl)nc(Cl)nc1Cl,90
14203,O=C1Cc2ccc(C(F)(F)F)cc2N1,49
14222,O=C(O)[C@@H]1CCCCN1,45
14233,N[C@H](Cc1ccccc1)C(=O)O,30
14234,N[C@H](CCC(=O)O)C(=O)O,30
14247,O=C([O-])c1cscn1.[Na+],33
14298,COc1ccc(C#N)cc1C,55
14374,NC(=O)C(F)(F)F,30
14409,Cc1cccc(CN2CCN(C(c3ccccc3)c3ccc(Cl)cc3)CC2)c1,44
14585,Cc1c(I)cccc1C(=O)O,55
14613,Cc1ccc(F)c(C=O)c1,69
14714,CC(C)(C)OC(=O)N1CC[C@@H](N)C1,56
14736,Cc1cc(F)ccc1C#N,31
14743,O=C(O)c1ccc(I)cc1Cl,94
14748,NNc1ccc(Br)cn1,38
14776,O=C(CO)N1CCOCC1,58
14808,CS(=O)(=O)c1ccc(O)c(N)c1,68
14888,CC(C)(O)CN,73
14889,CCOc1ccccc1Br,55
14895,Nc1ccc([N+](=O)[O-])c(Cl)c1,38
14902,O=C([O-])CCCCO.[K+],69
14918,CC(C)(C)N1CC(O)C1,23
14949,Cc1cnccc1N,61
14980,COC(=O)c1ccc(N)cc1C,50
15009,O=C(O)c1ccccc1CO,71
15030,CC(C)(C)OC(=O)N1CC(N)C1,94
15093,COc1cc(Br)cc([N+](=O)[O-])c1,83
15113,Oc1ccccc1OCC(F)(F)F,96
15159,NNC(=O)C(F)(F)F,69
15170,COc1nc(Cl)ncc1Br,29
15180,Cc1cc(C(=O)O)ccc1I,49
15233,COc1cc(Br)ccc1C(=O)O,53
15282,CC(C)N1CCNCC1.O,44
15287,COC(=O)c1cc(Br)ccc1O,76
15314,CC(O)Cc1ccccc1,44
15341,N#CCc1ccc(Cl)nc1,89
15355,OCCCN1CCOCC1,23
15359,CC(C)(C)OC(=O)NC1CCC(O)CC1,86
15404,COc1ccc(Br)c(C(N)=O)c1,85
15410,Cl.Cl.Nc1ccc2scnc2c1,66
15412,COC(=O)Cc1ccccc1Cl,30
15424,CC(C)C(C)O,30
15484,NC(=O)c1ccccc1I,52
15486,Cl.Nc1cccnc1O,74
15564,COC(=O)c1ccc(=O)[nH]c1.Cl,70
15601,Clc1ccnc2ccc(Br)cc12,90
15618,O=S(=O)(Cl)c1cc(Br)ccc1F,90
15619,CC(C)(C)OC(=O)N1CCCC(CO)C1,36
15666,CC(C)(C)OC(=O)N1CCNC(=O)C1,30
15719,O=C(O)Cc1cc(Cl)ccc1Cl,96
15785,Cc1ccc(N)cc1C(=O)O,36
15881,COc1cc2[nH]c(=O)oc(=O)c2cc1OC,87
15947,NC(C(=O)O)c1cccc(Cl)c1,40
15991,C#CCN1CCOCC1,75
16167,CCOC(=O)C(N)=NO,83
16386,COC(=O)C[C@H](NC(=O)OCC1c2ccccc2-c2ccccc21)C(=O)O,52
16390,CC(C)[C@H]1CC[C@H](C)C[C@@H]1O,66
16391,O=C(O)C[C@H](O)C(=O)O,30
16392,C[C@H](N)CO,30
16410,Cl.O=C(O)c1ccc2ncccc2c1,27
16453,Cl.O=C(O)CC1CCCNC1,76
16469,COC(=O)N[C@H](C(=O)O)C(C)C,26
16473,CN1CCC[C@@H]1CO,33
16537,Cc1ccc(C(C)C(=O)O)cc1,30
16573,CC(=O)[S-].[K+],21
16594,O=C(O)c1ccncc1Br,45
16595,C[C@H](O)C(=O)O,30
16653,Cc1ccnc(Cl)n1,38
16688,COc1ccc(Br)c(C(=O)NN)c1,34
16690,Nc1nc(C(=O)O)cs1,31
16702,c1cnc2c(c1)CCC2,30
16703,COC(=O)c1ccc(N)c([N+](=O)[O-])c1,69
16707,O=C(O)C1=COCC1,86
16719,CCOC(=O)c1cocn1,49
16729,CC(C)S(=O)(=O)c1ccccc1N,93
16821,CC(=O)CC(=O)C1CC1,71
16825,CC(C)(C)OC(=O)N[C@@H](CCC(N)=O)C(=O)O,30
16835,COCCCN1CCC(N)CC1,89
16877,CN1CCN(CC(=O)O)CC1.Cl.Cl,95
16878,COC(=O)c1cncnc1O,76
16886,Nc1ccc(N2CCOCC2)c(F)c1,31
16915,COC(=O)C(CCl)NC(C)=O,48
16922,CON=C(C(=O)O)c1ccco1,74
16980,Oc1cc(Br)c(O)nn1,78
17058,CNc1cccnc1,95
17065,O=C1CC2CCC(C1)N2Cc1ccccc1,80
17106,Cl.NC(=O)C1(N)CCCC1,74
17116,CNCCCl.Cl,46
17146,c1cnc2[nH]ncc2c1,48
17147,CC(C)(C)C(=O)c1ccsc1N,90
17154,COc1cc(S(N)(=O)=O)c(OC)cc1N,91
17158,CC(C)C[C@H](N)C(=O)OCc1ccccc1.Cl,26
17165,NC(=O)CN1CC(O)CC1=O,36
17208,O=[N+]([O-])c1cnc(O)c(Cl)c1,45
17315,CNC(C)C(=O)O.Cl,30
17394,CCOC(=O)c1c(C(C)C)csc1N,85
17420,Oc1ccnc2cc(Br)ccc12,95
17426,CCOC(=O)Cc1cccc(Cl)c1,73
17479,Cc1ccc(S(=O)(=O)[N-]Cl)cc1.[Na+],26
17489,Cc1ncccc1C(=O)O.Cl,51
17491,CC(C)(C)OC(=O)N1CC(C#N)C1,71
17556,NS(=O)(=O)C1CC1,41
17558,O=C(Cc1ccccc1F)C1CC1,21
17639,Cc1ccc(S(=O)(=O)[N-]Cl)cc1.O.[Na+],26
17671,Cn1cc([N+](=O)[O-])cn1,33
17674,O=c1ccc(Cl)n[nH]1,26
17680,Cc1nc(N)ccc1[N+](=O)[O-],64
17700,CCN1CCN(c2ccc(C(=O)O)cc2)CC1.Cl,68
17708,Nc1ncc(Br)c(C(F)(F)F)n1,34
17735,O=c1[nH]cnc2cc(Br)ccc12,48
17747,Nc1ccc(C(=O)O)cc1Cl,40
17755,Cc1cccc(C)c1CCl,30
17757,COC(=O)c1cccc(C#N)c1,31
17785,CC(C)(C)OC(=O)Nc1ccc(O)cc1,59
17794,Brc1ccc(CN2CCOCC2)cc1,75
17823,Nc1ncc([N+](=O)[O-])cc1Br,45
17824,Cl.N=C(N)c1ccc(Br)cc1,53
17847,Cc1ccc(Br)cc1C(=O)O,30
17848,Brc1ccc(-c2nnco2)cc1,89
17857,CNc1ccc(Cl)nn1,68
17859,CC(C)(C)OC(=O)N1CCC(C=O)CC1,49
17860,O=Cc1c[nH]c2ncccc12,46
17894,COC(=O)c1ccncc1N,78
17897,Cc1cccc2c(=O)[nH]cnc12,89
17899,OCc1cc(Br)cs1,71
17978,O=C(O)CC1(CS)CC1,42
17981,COC(=O)c1ccsc1,60
17989,COCCCCCl,30
18006,Cc1cc(Br)cs1,51
18009,O=[N+]([O-])c1ccc(O)c(Br)c1,69
18111,CC(N)CCO,90
18114,Cc1cc(C)ncn1,61
18154,CCc1cccc(CC)c1N.Cl,30
18169,COC(=O)c1cc(Br)ccc1F,55
18319,BrCCc1ccc2c(c1)CCO2,86
18345,CC1(C)C2C(=O)OC(=O)C21,35
18367,COc1ccc(Br)c(C)c1,39
18395,Clc1ncnc2ccc(I)cc12,32
18412,O=C(Cl)c1ccncc1,30
18433,CN(C)CCC(=O)O,75
18646,COC(=O)c1ccc(N)cc1Cl,56
18751,BrCc1cccc2ccccc12,39
18759,O=C(NCCc1ccc(O)cc1)c1ccc(Cl)cc1,71
19106,N#CCc1c[nH]c2cc(F)ccc12,50
19238,NC(C(=O)O)C1CCCCC1,90
19397,CC1(C)C2CNCC21.Cl,41
19518,Cc1ncsc1C=O,49
19564,CC(C)(C)OC(=O)N1CC(CC(=O)O)C1,55
19572,C=C(CO)C(=O)OC,81
19659,CCCNc1ccc(C#N)cc1N,30
19661,Cl.FC(F)(F)c1nnc2n1CCNC2,33
19869,CC(C)(C)[S+](N)[O-],30
19895,Brc1cccc2[nH]ccc12,58
19915,CCNCc1ccccn1,61
19917,CSc1nc(N)cc(Cl)n1,40
19922,CC(=O)c1ccc(B(O)O)cc1,36
19931,Cc1nc(O)nc(O)c1N,90
19948,O=C(O)c1cc(F)cc(Cl)c1,35
19974,COc1ccc(Br)cn1,30
19979,Cl.NNc1cc(Cl)ccc1Cl,33
19986,O=C1OC(=O)C(Cl)=C1Cl,49
20009,Oc1ccc(Br)nc1,48
20010,COc1ccc(C=CC=O)cc1,58
20012,COC(=O)C1CCCC1=O,30
20020,CCC(N)C(=O)OC.Cl,70
20024,Cc1cc(Br)ncc1[N+](=O)[O-],49
20031,CC(O)C(C)S,54
20047,Nc1c(F)cc(F)cc1[N+](=O)[O-],44
20052,O=C(C[C@H](NC(=O)OCC1c2ccccc2-c2ccccc21)C(=O)O)NC(c1ccccc1)(c1ccccc1)c1ccccc1,34
20070,C[N+](C)(C)CCO.[Cl-],30
20093,NCCCS(=O)(=O)O,26
20099,O=C(O)c1cccc(OC(F)(F)F)c1,46
20127,CC(Br)CCBr,26
20136,N[C@@H]1CONC1=O,44
20138,OC1CCCCC1O,41
20144,O=C(O)c1ccc(CCCl)cc1,84
20150,CCc1ccc(C(=O)O)cc1[N+](=O)[O-],32
20162,Cc1ccc(O)c(I)c1,86
20194,N#Cc1ccc(Br)cc1F,30
20196,CCOC(=O)CC(C)N,81
20206,CC(C)C(C)S,41
20268,O=C(O)CC(CC(=O)O)c1ccc(Cl)cc1,30
20274,O=[N+]([O-])c1cc(F)c(F)cc1Cl,94
20296,CC1(C)OB(c2cccc(CBr)c2)OC1(C)C,88
20319,Brc1cnc(Br)s1,58
20336,Cc1nsc(N)n1,39
20368,Cc1ccc(F)cc1F,41
20392,CC(C)(O)CCl,30
20445,Cc1nc(C)c(C(=O)O)o1,69
20454,CC(C)(Br)C(=O)O,26
20458,CSCCO,26
20492,CCOC(=O)CC(=O)OC(C)(C)C,40
20578,Clc1cc(I)ccn1,53
20579,Nc1ncc(Cl)cn1,33
20586,CCCC[Sn](CCCC)(CCCC)CCCC,22
20648,N#Cc1c(O)cccc1Cl,80
20649,COC(=O)CCc1ccc(O)cc1,30
20651,CC(O)C(F)(F)F,48
20670,O=Cc1ccc(Sc2ccccc2)cc1,77
20684,O=C1CC2(CCCCC2)CN1,29
20686,Cc1cc(F)ccc1F,39
20702,O=C(O)[C@@H](O)c1ccccc1,30
20707,Cc1cc(Br)cnc1N,33
20726,Oc1cccc2c1CCCC2,89
20748,O=[N+]([O-])c1cc(F)c(F)cc1F,30
20749,CCOC(OCC)(OCC)OCC,38
20757,O=C1COc2cccnc2N1,84
20770,Clc1ccsc1,28
20779,CN(C)C(C)(C)CO,31
20780,CCCCCCCCCCN,59
20781,Sc1ccncc1,81
20804,C#Cc1ccc(C)cc1,34
20822,O=C(O)c1cccc(Cl)c1[N+](=O)[O-],48
20833,O=C1COCCN1,36
20845,O=C(O)c1cc[nH]c(=O)c1,34
20847,CCOC(=O)C(F)P(=O)(OCC)OCC,56
20859,O=[N+]([O-])c1cc(Cl)c(Cl)cc1Cl,30
20865,O=C(O)c1ccc(Br)cc1[N+](=O)[O-],54
20876,COc1ccc(C(=O)O)cc1O,36
20890,N#Cc1ccc([N+](=O)[O-])cc1F,55
20900,Fc1cc(CBr)ccc1Br,90
20908,O=C(O)c1c(F)ccc([N+](=O)[O-])c1F,45
20909,COC(=O)C(F)(F)S(=O)(=O)F,30
20931,CCCC(C)Br,31
20934,Nc1cc(Cl)cc(Br)c1O,85
20941,COc1ccc(C(=O)CCC(=O)O)cc1F,89
20943,CCOC(=O)c1c(N)sc2c1CCN(C(=O)OC(C)(C)C)C2,95
20961,COC(CCCCl)OC,45
20966,COc1cc(Br)cc(OC)c1,30
20983,Cl.O=C1C=C2CNCCC2S1,47
20991,NCS(=O)(=O)O,30
20994,C[Si](C)(C)N1CCCC1=O,37
21018,CN(C)C(On1nnc2ccccc21)=[N+](C)C.F[B-](F)(F)F,26
21027,CC1=CC(=O)OC1O,26
21028,O=C(O)c1ccc(Cl)cc1Br,30
21071,CCC1(CO)COC1,30
21072,Cc1ccc(C(F)(F)F)cc1N,88
21077,CC(C)c1ccc([N+](=O)[O-])cc1,89
21130,Cn1cnc(C(=O)O)c1,69
21151,NC(=O)c1ccc(C(F)(F)F)nc1,36
21159,N#Cc1ccc(F)cn1,73
21161,Clc1ccncc1Cl,48
21164,BrC12CC3CC(C1)CC(Br)(C3)C2,31
21168,O=C(O)[C@H](O)c1ccccc1,30
21176,Cc1cc(C)n(CO)n1,38
21184,COc1ccc([N+](=O)[O-])c(Cl)n1,30
21194,COCBr,38
21195,Clc1cccc2[nH]ccc12,45
21205,Cc1cc(O)nc(N)n1,26
21212,COC(=O)c1ccnc(C#N)c1,96
21213,Cc1cc(Cl)cc(C(=O)O)c1,86
21266,Cc1cc(Cl)nc(Cl)c1N,61
21272,Brc1ccc2sccc2c1,78
21317,Fc1ccc(F)c(CBr)c1,34
21333,Fc1cccnc1Br,38
21334,O=C(O)c1ccncc1O,83
21344,C#CCC(C)O,32
21357,CC1(O)CN(C(=O)OC(C)(C)C)C1,94
21372,Cn1cc(B2OC(C)(C)C(C)(C)O2)cn1,39
21392,COc1cc([N+](=O)[O-])ccc1C#N,52
21397,COC(=O)C1(C(=O)OC)CC1,59
21402,COc1ccc([N+](=O)[O-])c(C)c1,30
21428,O=Cc1ccc(F)cc1Br,30
21430,O=[N+]([O-])c1cc(Cl)cnc1Cl,30
21434,COC(=O)OCCl,48
21450,OCc1ccc(Cl)cc1Cl,26
21459,Cc1ccc2c(c1Br)C(=O)C(=O)N2,71
21462,OCCCCCCCl,26
21473,Cc1ccc(C)c([N+](=O)[O-])c1,30
21523,O=C1OC(=O)c2cc(Cl)ccc21,30
21526,CCOP(=O)(CCBr)OCC,83
21536,Cc1oc(=O)oc1CCl,30
21541,O=C(O)c1nc[nH]n1,85
21555,ClCI,41
21562,CCOC(=O)c1cncnc1O,80
21571,O=C(O)Cc1cccc(F)c1F,37
21573,Cc1cc(Br)cnc1O,45
21595,Cc1ccc([N+](=O)[O-])c(N)n1,76
21624,Oc1cccnc1F,83
21635,OCCOc1ccc(Br)cc1,60
21694,OC[C@H]1OC(O)C[C@@H]1O,30
21703,CCOc1cccc(Br)c1,42
21708,O=[N+]([O-])c1cnc(Br)c(Br)c1,94
21761,FC(F)(F)c1ccccn1,45
21785,CC(C)CN1CCC(=O)CC1,60
21807,Cc1ccc2cc(Br)ccc2n1,63
21822,CC(C)(C)OC(=O)NC(C(=O)O)c1ccccc1,30
21831,Brc1ccc2c(c1)OCO2,30
21839,C=CC(=O)NCNC(=O)C=C,30
21875,Cl.O=C(O)c1ncccn1,79
21887,Cl.NCc1ccc(C(F)(F)F)cc1,54
21919,NCCc1ccccc1Br,64
22048,Br.Cc1ccc(=O)[nH]n1,26
22075,O=C(O)CCSc1ccc(Br)cc1,85
22353,O=C(O)c1ccc(N2CCCCC2)cc1,90
22378,CC(C)OC(=O)N1CCC(O)CC1,38
22441,O=[N+]([O-])c1cc(Br)cnc1Br,26
22490,O=C(O)Cc1ccc([N+](=O)[O-])cc1F,96
22496,O=CCN1C(=O)c2ccccc2C1=O,28
22499,C#Cc1ccc(OCC)cc1,95
22521,CC(C)OC(=O)[C@@H](C)N.Cl,43
22573,CC(C)Sc1ccccc1N,72
22584,O=C(O)CCCCNC(=O)OCc1ccccc1,86
22603,COC(=O)CCSCC(=O)OC,38
22605,COc1ccc(C(=O)O)cc1I,41
22606,C[C@H](CCC(=O)O)[C@H]1CC[C@H]2[C@@H]3CC[C@@H]4C[C@H](O)CC[C@]4(C)[C@H]3C[C@H](O)[C@]12C,31
22612,CC(C)C[C@H](N)C(=O)OC(C)(C)C.Cl,41
22617,NCc1c(F)cccc1F,50
22621,CCC(O)CC,30
22623,CC(C)(C)OC(=O)[C@@H]1CCCN1.Cl,69
22625,Cc1occc(=O)c1O,30
22639,CC1(C)C(=O)N(Br)C(=O)N1Br,26
22657,Cc1ccc(I)cc1C(=O)O,21
22669,FC(F)(F)Oc1ccc(Br)cc1,30
22678,CC(C)(C)OC(=O)[C@@H](N)Cc1ccccc1.Cl,36
22687,Clc1ccc2nccn2n1,35
22706,O=C(O)c1cc(I)ccc1Cl,30
22730,Ic1ccc2c(c1)OCO2,50
22784,Cl.N=C(N)c1ccc(Cl)cc1,71
22799,O=S(=O)(Cl)Cc1cc(Cl)cc(Cl)c1,94
22805,O=C(O)c1c(F)cccc1I,66
22818,CCN(CC)C(C)=O,33
22862,O=C(O)c1cc(F)cc(C(F)(F)F)c1,45
22863,CCOC(=O)C(C)(C)O,58
22890,COC(C)CCO,26
22898,COS(=O)OC,46
22907,O=C(O)c1cnc(Cl)c([N+](=O)[O-])c1,89
22910,Nc1ccc(F)nc1,51
22960,Cc1ccc([N+](=O)[O-])cc1C(F)(F)F,61
22964,CC1(C)[C@H]2CC[C@]1(C)[C@H](O)C2,26
22969,Cc1cc(F)ccc1C(=O)O,36
22990,COC(=O)c1cncc(O)c1,94
23014,CCOC(=O)[C@@H](C)O,66
23028,N[C@@H](C(=O)O)c1ccc(O)cc1,30
23039,ON=C1CCN(Cc2ccccc2)CC1,66
23041,O=C(Oc1cccc(O)c1)c1ccccc1,26
23066,C[C@H](N)C(=O)OC(C)(C)C.Cl,30
23078,O=Cc1ccc(Cl)cc1Br,30
23090,COC(=O)c1ccccc1C#N,76
23093,O=CC[C@H](O)[C@H](O)CO,30
23129,CCc1ccccc1Br,30
23136,Nc1ccc(C(=O)O)c(C(F)(F)F)c1,44
23137,O=C(O)c1ccc(Br)c(Cl)c1,35
23148,CCCCC(C)O,59
23159,CC(C)Oc1ccccc1Br,57
23184,CCC(CC)Nc1ccc(C)c(C)c1,71
23284,Oc1ccc(F)nc1,66
23374,Br.NCC(=O)c1ccc(F)cc1,82
23435,O=C(O)c1ccc(C(=O)O)o1,55
23446,CC(=O)c1cc(Br)ccc1F,96
23466,Clc1ccccc1CN1CCNCC1,99
23489,COC(=O)C(C)(C)Br,26
23523,O=[N+]([O-])c1cccc(Br)c1O,46
23552,Oc1ccc(-c2csnn2)cc1,54
23554,O=c1c(Br)c[nH]cc1[N+](=O)[O-],28
23568,CC(C)(C)c1ccc(CC(=O)O)cc1,78
23576,O=C(O)C(Br)c1ccccc1,60
23597,O=C(O)CC(CC(=O)O)C(=O)O,46
23624,Cc1ccc(Br)c(C(=O)O)c1,41
23649,COc1c(Br)cccc1C(=O)O,86
23650,CC(C)c1ccccc1N=C=O,99
23654,CCc1ccccc1C(=O)O,58
23666,Cl.NNc1c(Cl)cccc1Cl,31
23678,COC(=O)C1CCNCC1.Cl,30
23696,O=C1CC(O)CN1,84
23722,O=Cc1cc(F)ccc1[N+](=O)[O-],35
23730,N#Cc1ccc(F)c(F)c1F,31
23757,O=C(O)c1cn(C2CC2)c2cc(Cl)c(F)cc2c1=O,30
23761,CCOC(=O)[C@@H]1CCCNC1,59
23782,CN(C)CCC(=O)O.Cl,71
23817,CCOC(=O)c1cc(C(C)(C)C)n[nH]1,95
23823,Cl.NCc1ccccc1Br,22
23837,COC(=O)c1ccc(O)cc1O,30
23856,O=Cc1cc(F)c(F)cc1F,38
23857,O=C(O)c1cc(F)c([N+](=O)[O-])cc1F,90
23905,N#Cc1ccc(N)c(Cl)c1,39
23982,N#Cc1cc(C(F)(F)F)cc(C(F)(F)F)c1,30
23983,C=C[Si](C)(C)C,33
23999,O=C(O)c1ccc([N+](=O)[O-])cc1Br,58
24018,Cc1cc(N)ccc1O,96
24019,COC1=C(OC)C(=O)C(C)=CC1=O,81
24026,O=C(O)Cc1cc(F)c(F)cc1F,31
24043,COC(=O)c1ccc(N)c(F)c1.Cl,38
24071,CCOc1cccc(CC(=O)O)c1,84
24084,CCOC(C)=NO,30
24112,N#Cc1ccccc1OC(F)(F)F,30
24157,NC(CO)(CO)CO.O=P(O)(O)O,30
24163,Cc1cc(F)cc(C#N)c1,69
24171,COC(C)CO,31
24185,CC(C)(C)OC(=O)NCCCl,76
24196,CCCCCCOCCO,29
24212,COC(=O)c1ccc(Br)cc1F,45
24226,Cc1cccc(CO)n1,73
24295,COc1cc(C(=O)O)ccc1OC(C)=O,44
24298,CC1=C(O)C(=O)CC1,49
24320,CCOC(C)=N.Cl,30
24321,O=Cc1ccc(F)c([N+](=O)[O-])c1,41
24350,O=C(O)Cc1cc(Cl)ccc1Br,76
24434,COc1ccc(Br)c(C=O)c1,49
24435,N#Cc1cc(F)ccc1[N+](=O)[O-],81
24436,COC(=O)[C@H](CCC(=O)O)NC(=O)OCc1ccccc1,75
24437,Cc1c(CC(=O)O)cccc1[N+](=O)[O-],45
24458,COc1cccc(CBr)c1,58
24463,O=C(O)c1ccc(Br)c(O)c1,51
24482,N#Cc1ccc(F)c(C(F)(F)F)c1,41
24497,CCCCCCCC(=O)NCC(=O)O,58
24498,CC1OCCC1=O,34
24528,O=S(=O)(Cl)c1ccc(C(F)(F)F)cc1Cl,76
24550,CC(C)CC(C)N.Cl,66
24561,Cc1cc(Br)c(F)cc1F,71
24583,O=Cc1ccc(O)c(F)c1,48
24584,O=C(O)c1ccc(F)cc1O,38
24597,CCOC(=O)c1[nH]c(C)cc1C,69
24605,O=[N+]([O-])c1cc(Cl)cnc1Br,48
24646,CN(N=O)c1ccccc1,99
24648,CCCCCCNCCCCCC,26
24649,CCC(=O)c1ccc(F)cc1F,21
24678,COC(=O)CCSCCC(=O)OC,30
24697,CC(C)c1ncc[nH]1,30
24706,Nc1ccncn1,90
24716,O=C1C2CC3CC1CC(O)(C3)C2,81
24757,O=C(O)c1ccc(C2CCCCC2)cc1,95
24764,O=S(=O)(Cl)c1cc(F)cc(F)c1,21
24765,Nc1cccnc1,30
24817,COc1ccc(CC#N)cc1F,66
24822,Nc1c(Cl)cccc1C(=O)O,36
24829,Cc1ccc(C(N)=O)cn1,45
24882,CCCc1ccc(S(=O)(=O)Cl)cc1,47
24906,O=C(O)c1ccc(Cl)cc1F,30
24928,CCOc1cc(C=O)cc(Br)c1O,73
24934,COc1ccc(C)cc1S(=O)(=O)Cl,37
24942,Fc1ccc(CBr)cc1F,28
24946,ClCc1ccccc1Oc1ccccc1,98
24990,Cl.O=C(Cl)c1ccccn1,70
24991,Cc1ccc(C(=O)O)o1,96
25038,Oc1cc(F)ccc1F,49
25039,O=C1COc2ccccc2N1,40
25045,Cc1ccc(NN)cc1Cl.Cl,60
25060,CC(C)c1cc(C(C)C)c(Br)c(C(C)C)c1,30
25065,N#CC(Cl)CCl,61
25067,O=Cc1ccccc1N1CCOCC1,72
25072,NC(=S)Nc1ccccc1Br,88
25076,Cl.NNc1ccc(Br)cc1,30
25078,O=S(=O)(OCC(F)(F)F)C(F)(F)F,33
25113,O=C(O)C1CC(=O)N(c2ccccc2F)C1,42
25123,CCn1nc(C)cc1C(=O)O,84
25135,Cc1cc(C)cc(CBr)c1,81
25137,C[Si](C)(C)N1CCOCC1,44
25211,Fc1ccc(F)c(Br)c1,30
25221,O=C1c2ccccc2C(=O)N1c1ccccc1,70
25222,CCOC(=O)CCN.Cl,30
25229,N#CCc1ccc(F)cc1Cl,49
25265,CCC(O)CO,28
25280,O=C1c2ccccc2C(=O)N1CCCCCCBr,73
25281,CC1(C)OB(B2OC(C)(C)C(C)(C)O2)OC1(C)C,30
25315,CC(=O)c1ccc(OC(F)(F)F)cc1,30
25327,O=Cc1cnc[nH]1,48
25337,O=Cc1cc(C(F)(F)F)cc(C(F)(F)F)c1,30
25339,Cl.NCc1ccc([N+](=O)[O-])cc1,91
25344,NC1CCCCC1O,54
25346,O=C(O)CCc1cccc(Br)c1,53
25360,Fc1ccc(CCl)c(Cl)c1,30
25372,COC(=O)c1ccc(CCl)cc1,36
25378,O=C(Nc1ccc([N+](=O)[O-])cc1Cl)c1cc(Cl)ccc1O,21
25381,COC(C)(OC)C(C)=O,83
25390,O=C(O)c1c(Cl)cccc1[N+](=O)[O-],39
25391,CN1CCCC(CO)C1,33
25392,COC(CBr)(CBr)OC,26
25411,Nc1cnn(Cc2ccccc2)c1,83
25415,COc1cc(C(=O)O)cc(OC)c1Br,39
25421,Fc1ccc(Br)cc1C(F)(F)F,30
25424,c1ccc(P(CCP(c2ccccc2)c2ccccc2)c2ccccc2)cc1,30
25426,Cc1ccc(Cl)cc1O,81
25431,CC(C)(C)OC(=O)N1CCCC(O)C1,30
25433,O=C(O)c1ccncc1Cl,41
25434,Cl.N=C(N)c1cccnc1,46
25438,NC(=O)CCC(N)=O,39
25440,Oc1ccc(Br)c(F)c1,46
25442,N#CC(C#N)=C(C#N)C#N,95
25484,O=C(O)C1CC2CCC1C2,66
25489,CC(C)(C)c1nnc(N)s1,65
25501,O=C(O)C1COc2ccccc2O1,34
25506,OB(O)c1ccccc1OC(F)(F)F,45
25514,CCOC(=O)CCC(C(C)=O)C(=O)OCC,21
25530,NNC(=O)c1ccccc1[N+](=O)[O-],65
25554,Nc1c(F)cc(F)cc1F,54
25558,CC(C)(C)c1ccc(CN)cc1,76
25567,O=C(O)c1cc(C(F)(F)F)ccc1F,39
25570,O=C1NCCCN1,31
25578,Nc1nc2cc(Cl)ccc2s1,96
25604,O=Cc1ccc(O)c(Br)c1,45
25620,O=C(O)c1ccc(O)cc1O,30
25631,CCOC(=O)C(Cl)c1ccccc1,74
25663,O=C(O)c1c[nH]c2ncccc12,79
25689,S=c1sc([S-])nn1-c1ccccc1.[K+],62
25691,O=C(O)c1cc(F)c(F)cc1Br,48
25693,Fc1cnc(Cl)nc1,49
25701,Cc1ccc(Cl)cc1C,25
25702,O=C(O)c1ccc(Cl)c(C(F)(F)F)c1,55
25706,CCOC(=O)C[C@H](O)CCl,79
25721,Nc1ccccc1OC(F)(F)F,26
25729,COc1ccccc1Oc1ccc(N)cc1,94
25744,NNC(=O)c1ccc([N+](=O)[O-])cc1,35
25751,CCOC(=O)CN=C=O,96
25759,COC(CN)OC,30
25760,O=C1Nc2cccc3cccc1c23,33
25765,CCCCCCCCCCCO,26
25785,CC(C)Nc1ccc(Nc2ccccc2)cc1,26
25786,O=C(CCl)c1ccc(Br)cc1,56
25798,Nc1cc(F)cc(F)c1,30
25805,O=C1Cc2ccccc2O1,26
25808,CC(C)(C)C(=O)CN.Cl,69
25820,COc1ccc2[nH]c(C)cc2c1,79
25824,CCCCCCCCCCC(=O)O,21
25829,COc1ccc(C=O)cc1,30
25830,COc1ccc(N)cn1,39
25835,NC(c1ccccc1)c1ccccc1,30
25838,O=C1Cc2ccc(Cl)cc2N1,30
25862,Cc1ccc(N)c(N)c1,26
25865,O=[PH](Oc1ccccc1)Oc1ccccc1,29
25872,Cc1ccc(C(=O)CBr)cc1,39
25880,COC(=O)C(Br)c1ccccc1Cl,21
25908,O=C=Nc1ccccc1F,38
25910,Cc1cc(Cl)nc(Cl)n1,30
25914,N#CCc1ccc([N+](=O)[O-])cc1,30
25916,Nc1cccc2[nH]ncc12,89
25944,CCN(CCO)c1ccc(N)cc1.O=S(=O)(O)O,58
25946,Nc1cccc2c(=O)[nH][nH]c(=O)c12,30
25968,NCCCCC(N)C(=O)O,21
26001,COC(=O)c1ccccc1S(N)(=O)=O,26
26028,Cl.NNc1ccc(Cl)cc1,30
26092,Nc1cc(Br)cc(C(=O)O)c1,51
26133,C[C@@H]1C[C@H]2[C@@H]3CCC4=CC(=O)C=C[C@]4(C)[C@@]3(F)[C@@H](O)C[C@]2(C)[C@@]1(O)C(=O)CO,75
26155,Cc1cc(N)cnc1Cl,66
26177,O=C(O)CCc1ccc(OC(F)(F)F)cc1,91
26188,CC(C)CCC(=O)Cl,54
26259,CC(C)(C)OC(=O)N1CCCC[C@@H]1C(=O)O,26
26326,Cc1cccc([N+](=O)[O-])c1Cl,46
26350,Cc1ccc(C(=O)O)c(Br)c1,44
26369,COc1ccc(CNCc2ccc(OC)cc2)cc1.Cl,55
26376,CCOC(=O)[C@H](C)O,30
26391,CC(C)(C)OC(=O)N1CC(O)C1,49
26429,Cc1cccc([N+](=O)[O-])c1F,30
26445,Cc1ccccc1NC(=N)NC(=N)N.Cl,41
26461,N[C@H](C(=O)O)c1ccccc1,30
26488,CC(C)(C)OC(=O)N1CC(OS(C)(=O)=O)C1,21
26493,Cc1ccnc(Cl)c1N,30
26535,CC(=O)c1ccc(O)c([N+](=O)[O-])c1,30
26582,Cc1cccc(CN2CCN(C(c3ccccc3)c3ccc(Cl)cc3)CC2)c1.Cl.Cl,39
26636,O=C([O-])c1cc(I)cc(I)c1O.[Na+],21
26727,O=Cc1c(Cl)ncnc1Cl,51
26741,COc1ccc(Br)cc1Cl,46
26785,Cl.N=C(N)c1ccc(F)cc1,50
26803,FC(F)(F)c1ccc2c(Cl)ccnc2c1,86
26835,O=C1CC2(CCCCC2)CC(=O)N1,39
27062,[N-]=[N+]=Nc1ccccc1C(F)(F)F,90
27073,CCCCCCCCCCCC[N+](C)(C)CC(=O)O.[Cl-],21
27089,CN1CCN(Cc2ccc(C(=O)O)cc2)CC1.Cl.Cl,21
27231,N[C@@H](CC(=O)O)c1ccccc1,25
27250,O=C(O)Cc1ccc(CBr)cc1,69
27300,Fc1cc(Br)ccc1C(F)(F)F,49
27301,COC(CCl)(OC)OC,51
27310,COc1ccc2c(c1)CC(=O)CC2,96
27312,Clc1ccnc2[nH]ccc12,38
27384,C[C@]12C=CC(=O)C=C1CC[C@@H]1[C@@H]2C(=O)C[C@@]2(C)[C@H]1CC[C@]2(O)C(=O)CO,50
27446,CC(=O)c1ccc(Br)cc1O,83
27457,N#CC1CN(Cc2ccccc2)CCO1,93
27496,CC(O)c1ccccn1,88
27593,Oc1cccc(F)c1F,30
27600,O=C(O)c1cnc2ccccc2c1,45
27603,CC(=O)Nc1ccc(O)c(C(C)=O)c1,64
27605,O=Cc1ccc(I)o1,48
27610,Nc1nc2ccc(C(=O)O)cc2s1,83
27624,COC(=O)c1ccc(N)c(C)c1,21
27645,Cl.N=C(N)NC(=N)Nc1ccccc1,55
27672,NC(=S)c1ccncc1,30
27674,Clc1ncnc2ccc(Br)cc12,40
27704,Nc1cnccc1O,59
27723,CC(C)(C)OC(=O)NCC(=O)O,26
27731,Cc1nc(N)sc1C.Cl,41
27739,NC(=S)Nc1cccc(Cl)c1,37
27764,CCCCCCCCCOC(=O)c1ccccc1C(=O)OCCCCCCCCC,30
27781,O=C(Nc1cccc(O)c1)c1ccccc1,75
27784,CNCCc1ccccn1.Cl.Cl,40
27815,CN(CCO)c1ccccn1,84
27863,O=C(O)c1cc(F)ccc1Br,30
27926,COC(=O)c1ccc(Cl)c(N)c1,21
27985,COc1nc(Cl)nc(OC)n1,30
27994,Cc1ccc(S(=O)(=O)N2CCNCC2)cc1,72
28041,O=CC(Br)C=O,30
28095,COc1ccc2nc(Cl)c(C=O)cc2c1,65
28097,Cc1ccncc1C,26
28133,O=Cc1ccc(-n2cncn2)cc1,84
28137,Cc1nc(-c2ccc(C(F)(F)F)cc2)sc1C(=O)O,57
28140,Cc1ncc(CO)c(CO)c1O,29
28198,Brc1ccc2cc[nH]c2c1,45
28202,O=S(=O)([O-])CCS.[Na+],38
28241,CC(=O)c1ccc(Cl)c(N)c1,91
28319,Cl.O=C(O)CN1CCOCC1,58
28340,CCCCCCCCCCCCI,59
28431,Br.Cc1sc(N)nc1-c1ccccc1,43
28432,O=[N+]([O-])c1cccc2ncccc12,36
28437,O=Cc1ccc(N2CCCC2)cc1,90
28438,OCCN(Cc1ccccc1)Cc1ccccc1,55
28441,O=C1OC(c2ccccc2)c2ccccc21,85
28443,COC(=O)C(N)Cc1c[nH]c2ccccc12.Cl,31
28499,O=C1c2ccccc2C(=O)c2c1cc(S(=O)(=O)[O-])c(O)c2O.[Na+],30
28520,CC(C)(C)OC(=O)N1CCC(I)CC1,76
28536,NS(=O)(=O)c1ccccc1C(F)(F)F,26
28556,CCOC(=O)C(F)C(=O)OCC,26
28582,FC(F)(F)Oc1ccccc1Br,30
28585,CC(C)B(O)O,88
28586,N#Cc1ccccc1C(=O)O,91
28587,Cc1cnc(Cl)c([N+](=O)[O-])c1,48
28591,Cl.N=C(N)C1CC1,44
28592,COc1ccc(Br)c(C#N)c1,86
28595,Nc1ncccc1I,86
28666,COC(=O)C(OC)OC,30
28680,Cc1ccc(C(=O)O)cc1F,41
28695,COC(=O)c1ccc(OC)cc1O,31
28700,O=C(c1cccs1)C1CC1,51
28724,Cc1ccccc1C(OCCN(C)C)c1ccccc1.O=C(O)CC(O)(CC(=O)O)C(=O)O,50
28739,O=C1CCC2(CC1)OCCO2,30
28752,O=C1COc2ccc(Br)cc2N1,61
28772,Cc1cccc(C)c1NC(=O)CN1CCNCC1,71
28785,O=Cc1cccc(F)c1F,54
28812,O=C1OC(C(O)CO)C(O)=C1O,29
28830,Cc1c(C=O)c(=O)n(-c2ccccc2)n1C,95
28831,Cc1ccc(F)c(Br)c1,30
28840,Cc1ccccc1NC(N)=S,51
28841,CC(C)(C)OC(=O)N1CC2OC2C1,51
28846,Clc1cnc2ccccc2n1,83
28863,Clc1ccc(C(c2ccccc2)N2CCNCC2)cc1,46
28864,CC(C)c1ccc(CN)cc1,71
28865,Cc1ccc(C(=O)/C=C(\[O-])C(F)(F)F)cc1.[Na+],21
28903,Cl.Nc1ccc(Oc2ccccc2Cl)cc1,90
28915,NC(=O)C(F)(F)C(F)(F)F,53
28917,Cc1ccc([N+](=O)[O-])c(F)c1,30
28920,Cc1ccnc(C)c1,30
28923,CC(C)(C)OC(=O)CC(=O)OC(C)(C)C,30
28925,O=C(O)c1ccc(Br)cc1O,50
28926,O=S(=O)(Cl)c1ccc(Br)cc1C(F)(F)F,55
28943,COc1ccc2cc(C(=O)O)[nH]c2c1,71
28961,O=C(O)c1cc([N+](=O)[O-])ccc1F,30
28989,NC(=S)Nc1cccc(F)c1,44
29026,N#Cc1ccc(O)c(F)c1,41
29027,CCOc1ccc(CC#N)cc1,47
29032,Fc1cccnc1F,56
29075,O=c1[nH]cnc2cc(Cl)c([N+](=O)[O-])cc12,53
29100,Brc1ccc(-c2ccccc2)cc1,30
29125,N#Cc1ccc(Br)cn1,44
29132,COc1cc(Br)ccc1Cl,46
29137,CN(C)CC(N)=S,74
29159,CC(C)(C)OC(=O)NCCCC(=O)O,30
29160,Clc1cc(Cl)nc(Cl)n1,30
29173,Cn1nnc(N)n1,45
29190,O=Cc1cc(F)cc(C(F)(F)F)c1,73
29197,BrC1=Cc2ccccc2C1,45
29204,O=C(O)Cc1ccccc1I,55
29208,CC(=O)O[BH-](OC(C)=O)OC(C)=O.C[N+](C)(C)C,26
29218,Fc1ccc(C(F)(F)F)cc1,30
29250,C=C(C)CCO,30
29253,CC(=O)C(=O)c1ccccc1,30
29257,N#Cc1ccc2cc[nH]c2c1,41
29258,Brc1cn2ccnc2c(Br)n1,96
29260,COc1ccc(N)c(Cl)n1,80
29263,O=C(O)c1ccc(F)c(F)c1F,30
29275,N#CCc1ccc(Cl)c(Cl)c1,30
29292,O=C(O)CC(O)c1ccccc1,35
29324,COC(=O)C1CNC(=O)C1,84
29326,Nc1nc(=O)cc[nH]1,34
29331,Cc1ccc(F)c(N=C=S)c1,91
29360,Cc1cc(Br)cnc1Br,30
29373,O=C(O)[C@@H]1CCCC[C@H]1C(=O)O,24
29377,O=C(O)c1ccc(Cl)c(Br)c1,36
29378,Nc1ncc(Br)cc1C(=O)O,48
29380,CCCCc1ccc(O)cc1,83
29386,O=C(c1ccc(F)cc1)C(O)O,29
29387,Fc1ccc(Cl)c(F)c1,30
29398,O=Cc1ccc(Cl)c(F)c1,26
29412,O=C(O)c1cccc(CCl)c1,26
29415,COc1ccc(S(N)(=O)=O)cc1,49
29417,Nc1cccc(Br)n1,35
29422,C[C@H](O)c1ccccc1,69
29424,O=C(O)C1CCCCN1C(=O)OCc1ccccc1,30
29426,COc1cc([C@@H]2c3cc4c(cc3[C@H](O)[C@H]3COC(=O)[C@H]23)OCO4)cc(OC)c1OC,79
29434,OCc1cc(Cl)ccn1,60
29479,COc1cc(C=O)ccc1F,50
29483,COc1cc(N)ncn1,30
29509,CCOC(CC#N)OCC,40
29514,CC(C)[C@@H](N)C(=O)O,30
29527,COc1ccc(Cl)cn1,49
29544,COC(=O)CNCC(=O)OC.Cl,94
29559,O=Cc1ccc(F)cc1F,30
29564,CON=C(C(=O)O)c1csc(N)n1,79
29569,Clc1ccc(C(Cl)(Cl)Cl)cn1,86
29590,NS(=O)(=O)c1ccccc1Cl,26
29597,COc1cccc(NN)c1.Cl,25
29605,O=C1NC(=O)c2cnccc21,83
29613,Cl.O[C@@H]1CCNC1,33
29616,Cl.Cl.NNCC(F)(F)F,43
29633,CC(C)(N)C#N.Cl,30
29642,CC1CCN(Cc2ccccc2)CC1=O,68
29647,Nc1ccc(C(=O)O)c(F)c1,44
29649,CCCOc1ccccc1O,99
29658,OCCc1ccccn1,30
29661,CCCCOc1ccccn1,29
29663,CCOc1ccc(C=O)cc1,30
29664,CCOC(=O)CCC(=O)OCC,30
29668,CC(=O)Nc1ccccc1O,26
29670,NC1CCCCC1N,30
29671,NS(=O)(=O)c1cc(C(=O)O)c(Cl)cc1Cl,26
29691,NS(=O)(=O)c1cc(Br)ccc1Br,94
29700,Cc1ncccc1N,38
29735,Brc1cccc(I)c1,30
29736,O=[N+]([O-])c1cc(Cl)cnc1O,33
29737,Cc1nc(C)c(Cl)c(O)c1Cl,21
29752,COS(=O)(=O)c1ccc(C)cc1,29
29780,Fc1cnc(Cl)nc1Cl,30
29782,NC1=CC(=O)CCC1,48
29838,O=C(O)c1cnc(Cl)cn1,96
29886,O=C1Nc2c(Cl)cccc2C1=O,60
29904,COC(=O)[C@@H]1CCCN1.Cl,30
29912,O=C(O)[C@@H]1C[C@@H]2CCCC[C@@H]2N1,64
29941,Nc1cc([N+](=O)[O-])ccc1C(=O)O,30
29953,N#Cc1cccc(CBr)c1,53
29962,Clc1nc(-c2ccccc2)c2ccccc2n1,62
30020,Cc1cc(N)n(C(=O)OC(C)(C)C)n1,88
30022,Oc1cc(F)cc(Br)c1,30
30045,C=C(C)CBr,81
30047,Br.BrCc1cccnc1,76
30051,CC(C)(C)OC(=O)NC1(C(=O)O)CCCC1,90
30054,N#Cc1ccsc1,49
30057,NC(=S)Nc1ccc(Cl)cc1,36
30064,O=C(Cl)c1cccnc1Cl,68
30124,CCOC(=O)CC(=O)C(C)C,54
30136,COC(=O)CCC(C(C)=O)C(C)=O,97
30143,NNCc1ccccc1,39
30158,O=C1NC(=O)c2c1cccc2[N+](=O)[O-],30
30230,OCCc1cccc(Cl)c1,38
30234,CC(C)(CCC(=O)O)C(=O)O,53
30251,O=C(O)COc1ccc([N+](=O)[O-])cc1,30
30264,O=[N+]([O-])C(CO)(CO)CO,26
30289,Nc1ccc(Br)c(C(=O)O)c1,44
30316,Cl.Cn1ccnc1CO,29
30322,Cc1ccc(S(=O)(=O)OI(O)c2ccccc2)cc1,30
30337,O=C(O)c1cc(I)c(F)cc1F,58
30340,S=c1sc(S)nn1-c1ccccc1,72
30345,COc1ccc(C=O)cc1Cl,88
30384,O=C[C@H](O)[C@@H](O)[C@H](O)[C@H](O)CO,26
30408,CNCC(OC)OC,30
30449,O=C(OCc1ccccc1)N1CC(O)C1,35
30476,N#Cc1ccc(C#N)cc1,30
30485,O=S(=O)(Cl)c1c(F)c(F)c(F)c(F)c1F,73
30553,CCOC(=O)COCCCl,33
30556,CC(CO)NC(=O)OC(C)(C)C,84
30563,CNC(=O)c1cc(Oc2ccc(N)cc2)ccn1.Cl.Cl,30
30565,CC(C)(C)OC(=O)N1CCC(=O)C(Br)C1,90
30571,NCCCCCCCN,44
30572,CCCNC1CCN(C(=O)OC(C)(C)C)CC1,82
30633,Cc1cccc(C)c1OCC(C)N,44
30728,CCCCOc1ccc(C=O)cc1,21
30776,COc1cccc(C(=O)O)n1,81
30810,O=C(O)Cc1cccc(OC(F)(F)F)c1,58
30818,Nc1ccc2c(S(=O)(=O)O)cccc2c1,50
30859,CC(C)(C)OC(=O)n1cc(C[C@@H](NC(=O)OCC2c3ccccc3-c3ccccc32)C(=O)O)c2ccccc21,87
30860,Cc1cnc(Cl)nc1Cl,30
30867,O=[N+]([O-])c1cccnc1Br,58
30868,O=C(CC[C@H](NC(=O)OCC1c2ccccc2-c2ccccc21)C(=O)O)NC(c1ccccc1)(c1ccccc1)c1ccccc1,36
30880,Cl.Clc1ccncc1,25
30903,Cc1cc(O)nnc1O,44
30908,CC(C)(O)C#CC(C)(C)O,26
30920,Cc1ccc([N+](=O)[O-])c(Cl)n1,81
30924,Cc1ccc([N+](=O)[O-])c(Cl)c1,30
30929,Cc1cc(-c2csc(N)n2)ccc1F,66
30936,c1ccc(P(CCCCP(c2ccccc2)c2ccccc2)c2ccccc2)cc1,30
30953,COC(=O)c1ccc(B(O)O)c([N+](=O)[O-])c1,83
30954,CC(=O)CCC=C(C)C,26
30955,CSCCC(O)C(=O)O,46
31007,O=C(O)c1ccc(F)c(Cl)c1,30
31011,COc1cc2c(cc1OC)CCN=C2,32
31027,Cl.Nc1ccc(-n2cccn2)cc1,75
31072,CC(C)(C)Oc1ccc(C#N)cc1,63
31081,Nc1cccc2ccc(O)cc12,51
31086,OC1CN(C(c2ccccc2)c2ccccc2)C1,30
31198,O=C(CCCCl)CCCCl,38
31234,CC(C)CCS,38
31356,N#Cc1ccc(Cl)c(N)c1,55
31375,CC(=O)Nc1ccc(F)cc1,30
31405,O=[N+]([O-])c1cccc(Cl)c1O,90
31414,O=Cc1ccc(Br)cc1[N+](=O)[O-],75
31423,COc1ccc(C#N)c(F)c1,63
31456,O=S(=O)([O-])C(F)(F)F.O=S(=O)([O-])C(F)(F)F.[Cu+2],33
31463,O=P(Cl)(c1ccccc1)c1ccccc1,30
31473,O=C(O)CSc1cc(Cl)ccc1Cl,32
31486,CC(C)(C)OC(=O)Nc1cccc(O)c1,65
31602,CC(C)(C)OC(=O)[C@H](N)Cc1ccccc1.Cl,45
31610,O=C(O)c1cc(I)ccc1F,69
31611,Cc1cc(Cl)ccc1C(=O)O,39
31615,Cc1nc(Cl)ccc1[N+](=O)[O-],41
31681,N#Cc1ccc([N+](=O)[O-])s1,66
31682,O=C(O)c1cc(Cl)cc(Br)c1,59
31687,O=[N+]([O-])c1cnc(O)c(Br)c1,48
31711,O=C1CCc2cc(Br)ccc2N1,48
31720,BrCC1(CBr)COC1,66
31847,CCOC(=O)c1csc(Nc2ccc(OC)cc2)n1,83
31890,NCCc1ccccc1C(F)(F)F,90
32036,Cl.NC(C(=O)O)c1cccc(Cl)c1,38
32047,CC(C)(C)OC(=O)Nc1ncc(Br)s1,72
32055,CC(O)CN1CCOCC1,42
32103,O=C(O)[C@@H]1CCCO1,59
32108,N#Cc1ncc(Br)cc1[N+](=O)[O-],41
32110,OCC(Cl)(Cl)Cl,26
32123,Cc1noc(C)c1Br,26
32185,CC(C)(C)OC(=O)NCC(=O)NCC(=O)O,38
32191,OCCC(F)(F)F,94
32192,Cc1ccncn1,45
32193,CC(C)CC(NC(=O)OCc1ccccc1)C(=O)O,62
32194,O=C(O)c1ccc(Br)cc1Br,85
32197,Nc1ncccc1Cl,30
32200,N#Cc1ccc(F)c([N+](=O)[O-])c1,40
32224,COc1ccc(F)cc1Br,30
32272,Cc1cc(O)ccc1O,30
32279,O=C1OCCc2ccccc21,86
32293,C[C@@H](O)CN,73
32294,O=C(O)c1cc(O)cc(O)c1,30
32308,OCC(O)COc1ccc(Cl)cc1,30
32317,CC(=O)Br,26
32318,Nc1cc(Cl)c(Cl)cc1N,50
32320,OB(O)c1cccc(C(F)(F)F)c1,44
32321,O=C(O)c1ccc(Cl)c(F)c1,38
32357,CC1=CCC(=C(C)C)CC1,26
32389,CC(C)(C)OC(=O)NNC(=O)OC(C)(C)C,29
32399,c1cnc2c(c1)CCN2,66
32404,O=C1COC1,60
32409,O=C1CCc2ccc(Cl)cc21,81
32410,c1ccnnc1,60
32411,C[C@H](O)CO,30
32412,O=C(O)c1ccc([N+](=O)[O-])c(Cl)c1,53
32415,COc1cccc(C(=O)O)c1F,78
32416,O=C(Cl)SCl,41
32422,C[C@H]1CN(C(=O)OC(C)(C)C)CCN1,45
32423,O=c1[nH]c2ccccc2c(O)c1[N+](=O)[O-],70
32446,CC(C)[C@H](N)C(=O)OCc1ccccc1.Cl,31
32473,COC(=O)c1ccc(Br)cn1,38
32488,COC(=N)N.COC(=N)N.O=S(=O)(O)O,21
32492,O=[N+]([O-])c1cc(Cl)nc(Cl)c1,55
32498,Nc1c(Cl)cc(C(=O)O)cc1Cl,41
32499,O=C(O)c1cc(F)c(Cl)cc1F,33
32502,CCOC(=O)CC(C(=O)OCC)C(=O)OCC,21
32503,COc1ccc2[nH]c(S(=O)Cc3ncc(C)c(OC)c3C)nc2c1,31
32510,Oc1ccc(Cl)c(F)c1,48
32551,CN1CCN(c2ccc(C=O)cc2)CC1,79
32581,Cl.ONCc1ccccc1,69
32582,Nc1ccc(Cl)c(S(=O)(=O)O)c1,31
32603,O=C(c1ccc(F)cc1)c1ccc(F)cc1,34
32610,CNC[C@H](O)c1ccc(O)c(O)c1,83
32613,Cc1n[nH]c2cc([N+](=O)[O-])ccc12,39
32614,Cc1cn([C@H]2C=C[C@@H](CO)O2)c(=O)[nH]c1=O,44
32623,O=S(=O)(O)CCCN1CCOCC1,30
32625,CCOCCl,98
32626,CCCC(Br)C(=O)O,30
32627,O=C1Cc2ccc(Br)cc2N1,45
32630,O=C1CCCc2[nH]c3ccccc3c21,31
32639,CSc1nc(O)cc(O)n1,26
32651,Cc1ccc(F)cc1C=O,45
32652,O=C(Cl)C1CCC1,54
32695,CCC(C)(C)C(=O)O[C@H]1C[C@@H](C)C=C2C=C[C@H](C)[C@H](CC[C@@H]3C[C@@H](O)CC(=O)O3)[C@H]21,24
32697,COc1cccc(B(O)O)c1OC,48
32703,COc1ccnc(N)c1,90
32705,N[C@@H](Cc1ccc([N+](=O)[O-])cc1)C(=O)O,30
32708,Oc1ccc(Br)cc1C(F)(F)F,59
32715,C=C1CC(=O)OC1=O,30
32716,Nc1ccc(Br)c2ccccc12,48
32720,O=C(O)c1ccc(O)cc1F,41
32723,Cc1nc(Cl)ccc1Br,44
32738,Nc1c(F)cc(Cl)cc1F,69
32780,CCC1(C)CC(=O)NC1=O,52
32787,CC(C)(C)OC(=O)N1CCC(OS(C)(=O)=O)CC1,83
32807,O.O.O=c1oc2c(O)c(O)cc3c(=O)oc4c(O)c(O)cc1c4c23,30
32814,O=C(O)c1ccc(F)c(Cl)c1F,50
32819,Nc1cc(Cl)cc([N+](=O)[O-])c1O,46
32885,Cn1ccccc1=O,56
32890,Cl.NNc1ccc(C(=O)O)cn1,81
32931,Oc1cc(Br)ccc1F,30
32933,O=Cc1cccc(Br)n1,38
32937,Fc1cncc(Cl)c1,96
32939,CCOC(=O)CC(O)C(F)(F)F,21
32943,CC(=O)c1cccc(F)c1F,78
32951,COC[C@@H]1CO1,40
32964,COCCOCCBr,81
32967,C1CN(C2COC2)CCN1.O=C(O)C(F)(F)F.O=C(O)C(F)(F)F,52
32998,Nc1cc(N2CCCCC2)nc(N)[n+]1[O-],32
33001,NCCCCCCO,49
33003,Nc1cc(F)c(Br)c(F)c1,26
33011,Oc1ccc(F)c(Br)c1,48
33016,Cc1ccnc(C)c1[N+](=O)[O-],76
33037,Cc1cc(C)c(CC(=O)O)c(C)c1,30
33056,CN(C)C(=O)C(CCN1CCC(O)(c2ccc(Cl)cc2)CC1)(c1ccccc1)c1ccccc1.Cl,54
33062,O=[N+]([O-])c1c(O)cccc1O,30
33122,CC1=CCCC(C)C1C=O,54
33132,Nc1c(F)cc(F)cc1Cl,43
33134,Cc1ccc(C#N)cc1Br,30
33142,CC(C)(C)c1cc(O)ccc1O,41
33171,CN(C)CCOC(c1ccccc1)c1ccccc1.Cl,30
33191,O=C(Cl)C(Br)CBr,69
33207,CC[C@@H](N)CO,49
33221,Cc1ccc(I)cc1,30
33222,CCC(C)CO,30
33226,FC(F)OC(Cl)C(F)(F)F,38
33235,Nc1cc(Cl)c(O)c(Cl)c1,30
33242,O=C([O-])CCCCO.[Na+],69
33245,C=CCC(C(=O)OC)C(=O)OC,34
33256,COc1c(C)cccc1C,30
33257,CN(C)CCCCl.Cl,30
33258,O=C(O)CCCCCCCCCCCCC(=O)O,41
33299,Cl.OC(CCCN1CCCCC1)(c1ccccc1)c1ccccc1,46
33300,CC1(C)[C@H](C(=O)O)N2C(=O)C[C@H]2S1(=O)=O,62
33308,Cc1cccc(N)c1F,40
33322,Cc1c(F)cccc1Br,30
33326,O=C(OCC1c2ccccc2-c2ccccc21)ON1C(=O)CCC1=O,30
33328,Cc1nc(Br)ccc1N,89
33329,CC#CCO,48
33330,Fc1cnccc1I,61
33332,C=CC(O)CC,49
33378,CC(C)OB1OC(C)(C)C(C)(C)O1,30
33392,COc1ccc(S(C)(=O)=O)cc1C(=O)O,41
33413,CC(C)(C)OC(=O)N[C@@H](CCCCN)C(=O)O,40
33415,C#CCCCCC(=O)O,96
33425,Cc1ccc(F)cc1C,49
33456,CCn1cc(C(=O)O)c(=O)c2cc(F)c(N3CCNCC3)nc21,39
33540,Cc1cc(Cl)cc(C)c1N,69
33542,CCOC(=O)c1[nH]cnc1C,45
33543,CCC(C(=O)O)c1ccccc1,26
33544,O=C(O)c1cc(Cl)ccc1O,30
33553,CC(C)[SiH](C(C)C)C(C)C,29
33569,CCCCCCCCCCCCc1ccc(O)cc1,21
33577,CCOC(=O)N1CCC(=C2c3ccc(Cl)cc3CCc3cccnc32)CC1,28
33620,COc1cc(C(=O)O)cc(OC)c1O,33
33621,COc1ccc2cccc(CC(=O)O)c2c1,45
33638,Cn1nnnc1N,51
33641,O=C=Nc1ccc(OC(F)(F)F)cc1,46
33662,CCOC(CC(OCC)OCC)OCC,30
33675,N=C(CCSCc1csc(N=C(N)N)n1)NS(N)(=O)=O,42
33742,O=C(O)c1cccc(F)n1,59
33744,COc1cc(Cl)ccn1,80
33775,CNC1CCCCC1NC,71
33809,COc1ccccc1OCC(=O)O,36
33816,CC(C)(C)OC(=O)NC1CNC1.Cl,90
33838,Cc1cc(Cl)cc(C)c1Br,56
33841,CC(C)(C)OCCO,26
33842,CCCC(=O)c1ccc(Cl)cc1Cl,34
33844,C=COCCC,31
33849,O=S(=O)(Cl)c1cc(F)c(Br)cc1F,61
33866,Cl.N[C@H]1CC[C@H](O)CC1,30
33895,O=S(=O)(Cl)c1cc(Br)ccc1Br,37
33902,Cc1cc(S(=O)(=O)Cl)ccc1Br,58
33922,CCOC(=O)C(F)Cl,35
33923,O=C(O)c1cc(Br)cc(C(F)(F)F)c1,41
33930,COc1cc(C(=O)O)cc(Cl)c1O,50
33931,CC(=O)Nc1ccc(S(N)(=O)=O)cc1,41
33932,COc1ccc(Br)cc1C=O,30
33933,O=C1CSc2ccccc2N1,21
33934,COc1ccc2nc(N)sc2c1,26
33958,Nc1cc(S(=O)(=O)O)ccc1O,29
33979,O=C(O)c1cc(B(O)O)ccc1F,60
33983,Cc1cc(Cl)cc([N+](=O)[O-])c1N,96
33984,N#Cc1cnn(-c2ccccc2)c1N,76
33987,O=C1Nc2ccc(F)cc2C1=O,33
33988,Nc1nc(O)cc(Cl)n1,52
33993,N=C(N)S(=O)O,26
33997,O=C1CC2(CCCCC2)CC(=O)O1,57
34018,FC(F)(F)c1cccnc1Br,49
34019,O=C=Nc1cc(Cl)cc(Cl)c1,65
34028,Oc1ccc(Cl)cc1F,34
34051,O=Cc1ccc(B(O)O)s1,49
34074,Cc1ccc(Cl)cc1C#N,91
34110,CC(C)(C)c1ccc(B(O)O)cc1,30
34111,CSCC[C@H](NC(=O)OC(C)(C)C)C(=O)O,30
34112,CC[C@H](C)[C@H](NC(=O)OC(C)(C)C)C(=O)O,26
34124,Nc1ccncc1Br,46
34126,Nc1ccc(C(F)(F)F)cc1Br,30
34127,Fc1cccc(OC(F)(F)F)c1,41
34147,Nc1cc(C(=O)O)ccc1Br,41
34160,Cc1ccc(C)c(NN)c1.Cl,33
34161,Cl.OC1CCCNC1,30
34176,O=C(O)[C@H]1CC=CC[C@H]1C(=O)O,26
34184,Oc1ccc2cccc(Cl)c2n1,88
34185,CO[C@@H](C(=O)O)c1ccccc1,90
34186,O=C(O)c1cc(I)ccc1Br,50
34195,CCOC(=O)c1cn[nH]c1.Cl,21
34200,COC(=O)c1cncc(F)c1,85
34266,Cc1ccc(F)c([N+](=O)[O-])c1,30
34297,C[C@H](N)C(N)=O.Cl,48
34306,O=C1CNC(=O)c2ccccc2N1,57
34315,CC(=O)c1cc(Cl)c(N)c(Cl)c1,45
34316,Cl.N=C(N)n1cccn1,30
34324,OB(O)c1ccc(F)cc1F,36
34344,N#Cc1c(F)c(F)c(F)c(F)c1C#N,41
34349,Fc1c(Cl)cccc1Cl,26
34400,COc1cccc(OC)c1B(O)O,33
34404,CNO.Cl,60
34422,Nc1[nH]c(=O)ncc1F,30
34495,C=CC(C)(C)CC(=O)OC,60
34525,CC(C(=O)O)c1cccc(C(=O)c2ccccc2)c1,21
34527,O=c1n(Cl)c(=O)n(Cl)c(=O)n1Cl,26
34531,O=C(NCCO)OCc1ccccc1,31
34532,COc1ncc(Br)cn1,38
34533,Nc1cncc(Br)c1,21
34542,Cc1cc(O)ccc1C(=O)O,56
34543,FC(F)(F)C(F)(F)C(F)(F)I,88
34544,Cc1ccc(C)c(B(O)O)c1,40
34546,OB(O)c1cc(F)cc(F)c1,36
34618,Brc1cccc2cccnc12,48
34621,O=C(O)C1CCC(F)(F)CC1,56
34624,CCOC(=O)C(C=O)C=O,61
34625,C=CCC(C(=O)OCC)C(=O)OCC,26
34626,Cc1cc(I)c[nH]c1=O,62
34628,Cc1cc(Br)ncc1Br,54
34629,O=[N+]([O-])c1cc(C(F)(F)F)ccc1O,49
34630,Cc1cnc(Cl)nc1,44
34632,OB(O)c1cccc2ccccc12,30
34633,Cc1ccc(C#N)c(Br)c1,49
34635,OB(O)c1cccnc1F,38
34636,OB(O)c1ccc(O)cc1,48
34646,Cc1ccnc2c1NC(=O)c1cccnc1N2C1CC1,24
34647,COC(=O)C1=C(C)NC(C)=C(C(=O)OCC(C)C)C1c1ccccc1[N+](=O)[O-],67
34662,CCOC(=O)C(CC)CC,85
34706,CCOC(=O)Cc1ccccc1F,35
34712,N#Cc1cc(C=O)ccc1F,44
34727,COc1cccc(OC)c1C=O,60
34737,COC(=O)c1cc(OC)ccn1,88
34763,COc1ccc([N+](=O)[O-])c(N)n1,21
34778,CC1(C)[C@H]2CC[C@]1(C)C(=O)C2,61
34782,NCCCNCCCN,31
34785,Cc1cc(C(=O)O)cc(C(=O)O)c1,33
34786,O=[N+]([O-])c1c(F)cc(F)cc1F,49
34789,CC(=O)c1ccc(Cl)c(C(F)(F)F)c1,41
34795,Brc1ccc(I)nc1,30
34798,CN(C)C(=O)CBr,57
34841,CC(C)Cc1ccc(C(C)C(=O)O)cc1,26
34851,OCC1(CO)CC1,30
34867,C=C(C)[C@H]1CC=C(C)CC1,30
34868,Cc1cc(C)cc([N+](=O)[O-])c1,64
34894,Cc1cccc(C(=O)O)c1Br,30
34908,COc1cc(C#N)ccc1C,79
34909,CC[C@H](C)[C@H](N)C(=O)OC(C)(C)C.Cl,41
34918,Cc1cccc([N+](=O)[O-])c1O,57
34923,Cc1ccc(N)c(N)c1C,67
34950,CC1CCCC(O)C1C,63
34956,CC1CCOC1=O,98
34957,CCc1cnccn1,41
34958,Cc1c(Cl)ccc2cccnc12,95
34959,COc1cccc2[nH]ccc12,90
34961,Cc1cccc(F)c1N,48
34963,O=C(O)c1ncc(Cl)cc1Cl,53
34967,C[C@@H]1CNC[C@H](C)O1,38
34970,O=C(O)c1cc(Br)ncc1F,70
34971,Nc1ccc(C(F)(F)F)cn1,46
34976,Cc1ccc(Cl)cc1C(=O)O,31
34977,CC(=O)c1cc(O)cc(O)c1,33
34978,CC(C)[C@H]1CC[C@H](C(=O)O)CC1,21
34991,OCCc1ccc(O)cc1,30
35002,Cl.NC(Cc1ccc(F)cc1)C(=O)O,49
35015,C=COC(C)(C)C,99
35048,Cc1ccc(-c2cc(C(F)(F)F)nn2-c2ccc(S(N)(=O)=O)cc2)cc1,69
35051,Nc1c(Br)cncc1Br,31
35052,C=CC(=O)OCc1ccccc1,26
35066,O=C(O)[C@H]1CC[C@H](C(=O)O)CC1,30
35091,COC(=O)C1(Br)CC1,34
35129,CCCCNC(=O)NS(=O)(=O)c1ccc(C)cc1,21
35158,CC1(C)c2ccccc2-c2ccccc21,66
35192,CN1C(=O)C(=O)c2ccccc21,55
35194,O=C(CCl)N1CCCC1,96
35195,Nc1ccccc1OCCOc1ccccc1N,40
35197,NNc1ccc(Cl)nn1,54
35201,Clc1nc[nH]c1Cl,42
35209,CCOC(CN(C)C)OCC,21
35216,COC(=O)c1ncccc1C,68
35221,COC(=O)Cc1cccc(Br)c1,63
35260,ON=Cc1ccccc1O,21
35261,CSc1nc2ccccc2[nH]1,40
35262,CCOC(=O)c1ccc(O)cc1,30
35263,O=C(O)c1ccc2ccccc2c1O,26
35264,Nc1nc(N)nc(-c2ccccc2)n1,21
35265,Nc1cccc2c1C(=O)c1ccccc1C2=O,26
35267,O=C(O)c1cc([N+](=O)[O-])cc([N+](=O)[O-])c1,30
35301,COC(=O)[C@@H]1CCC(=O)N1,26
35302,COc1cc(CO)cc(OC)c1,26
35303,CCCCOCCOCCOCCO,26
35341,N=C(N)Nc1ccccc1.O=C(O)O,30
35344,S=C=NCCc1ccccc1,30
35345,NNC(=O)c1ccccc1,30
35346,Nc1cc(Cl)ccc1Cl,26
35347,NC1=NC(=O)CS1,70
35348,CCCCOC(=O)c1ccc(N)cc1,26
35349,CC(C)(C)c1ccc(O)cc1,30
35350,O=Cc1ccc(O)cc1,30
35351,Oc1ccc(O)cc1,21
35353,CCOc1cc(C=O)ccc1O,26
35354,O=C1c2ccccc2C(=O)N1CCO,30
35355,Cc1cccc(C(=O)O)c1,30
35356,Cc1ccc2c(c1)C(=O)OC2=O,33
35357,Nc1ccc(Cl)c([N+](=O)[O-])c1,40
35358,CCNCC.Cl,26
35359,O=Cc1cccc(Cl)c1Cl,30
35360,N#Cc1cccc(N)c1,30
35361,Cc1cc(C)cc(O)c1,26
35362,CCN(CC)CCCC(C)N,46
35363,Oc1ccc(Cl)c(Cl)c1,30
35364,S=C=Nc1ccc(Cl)cc1Cl,41
35365,O=C(O)CCCCBr,30
35366,c1ccc2[nH]c(-c3cscn3)nc2c1,24
35368,O=[N+]([O-])c1ccc(CO)cc1,30
35369,OC(c1ccccc1)c1ccc(Cl)cc1,21
35370,Cc1cc(Br)ccc1N,30
35376,O=C(CCl)NC1CC1,53
35392,CC(=O)Nc1ccc(-c2csc(N)n2)cc1,99
35412,O=CN1CCCCC1,30
35436,COC(=O)c1ccc(Cl)nc1,30
35437,O=[N+]([O-])c1cnc2ccc(Br)cc2c1O,75
35446,O=C(O)c1ccccc1OCc1ccccc1,43
35447,N#CCc1nc2ccccc2s1,41
35448,O=C(CCl)Nc1ccc(OC(F)(F)F)cc1,21
35451,O=C(CCl)Nc1ccccc1,67
35454,CC(C)NC(=O)CCl,71
35456,Oc1ccccc1-c1nc2ccccc2s1,29
35457,O=S(=O)(Cl)c1ccc(Cl)cc1F,59
35458,CCCCCCCCCCCCOS(=O)(=O)[O-].[Na+],26
35460,FC(F)c1ccc(Br)cc1,78
35462,Cc1nnc(N)nc1C,21
35467,O=C(O)Cc1ccc(CC(=O)O)cc1,69
35473,O=C(CCl)Nc1ccc(F)cc1,24
35484,CC(=O)c1ccc(Oc2ccccc2)cc1,30
35485,CCc1cccc(C)c1NC(=O)CCl,53
35494,OCC1COc2ccccc2O1,38
35513,COC(=O)[C@@H](C)O,30
35517,N#Cc1ccc(Oc2ccccc2)cc1,39
35544,Cc1cc(CO)ccc1[N+](=O)[O-],95
35570,COC(=O)C[C@@H](C)O,30
35587,CC(C)(C)OC(=O)NCc1ccc(C(=O)O)cc1,53
35595,NNC(=O)Cc1cccs1,57
35632,COC(=O)C1CC(=O)N(Cc2ccccc2)C1,41
35659,CCN(O)CC,33
35661,Cc1cc2ccccc2n1C,38
35662,Cc1cc(Br)ccc1I,26
35705,NC(=S)c1cccc(F)c1,95
35707,Nc1ccc(C2(c3ccc(N)cc3)CCCCC2)cc1,68
35708,NC(=S)c1ccc(Br)cc1,63
35716,N#CCSc1ccc(Cl)cc1,78
35717,NC(=O)c1cnccn1,30
35718,CCOc1cc(C=O)ccc1OC,30
35719,COC(=O)c1ccc(OC)nc1,31
35721,O=C1c2ccccc2C(=O)N1CCCCBr,39
35723,O=C(O)c1cccc(I)c1,30
35724,O=C(O)COc1ccc(F)cc1,30
35726,Oc1ccc2cc(Br)ccc2c1,30
35727,O=C(O)CCC(=O)O,26
35728,CC(=O)c1ccc(Br)cc1,30
35730,O=C1OC(=O)c2ccccc21,30
35731,CN(C)c1ccc(C=O)cc1,30
35732,Nc1ccc(Cl)cc1Cl,26
35733,Oc1ccc(Br)cc1Cl,30
35734,O=C(O)c1c(O)c(Cl)cc(Cl)c1Cl,30
35735,O=Cc1cccc(O)c1,30
35736,N#Cc1cccnc1,30
35737,O=C(Oc1ccccc1)c1ccccc1O,26
35738,CC[n+]1cccc2ccccc21.[I-],21
35739,FC(F)C(F)(F)Oc1ccccc1,29
35768,COC(=O)C1CN(C(=O)OC(C)(C)C)C1,69
35787,CNS(=O)(=O)c1ccc(C)cc1,21
35791,CCC(=O)c1cc(Br)ccc1O,98
35798,Cc1n[nH]cc1[N+](=O)[O-],30
35801,CCOC(=O)c1ccc[nH]1,46
35803,CCC(=O)c1ccccc1F,30
35809,Nc1cc(C(F)(F)F)ccn1,90
35814,Nc1c(Cl)cccc1Cl,31
35815,CN1CC(=O)NC1=O,27
35816,O=C(O)c1ccc(Cl)cc1,30
35817,O=C(O)CCCCCCCCC(=O)O,26
35818,O=C(O)C1CCCCC1,30
35819,COc1cc(C(=O)Cl)cc(OC)c1OC,68
35820,CC(=O)CC(=O)c1ccccc1,30
35821,O=Cc1ccc(C(=O)O)cc1,30
35822,OCc1ccccc1Cl,21
35823,COC(=O)NN,30
35824,Oc1ccc(OCc2ccccc2)cc1,30
35825,OCCNc1ccccc1,26
35826,CCc1ccc(O)cc1,26
35827,CCCNCCO,60
35828,COc1ccc(C(C)=O)c(F)c1,30
35829,CC(C)(C)CC(C)(C)c1ccc(O)cc1,26
35831,NNc1c(F)c(F)c(F)c(F)c1F,74
35832,COc1cccc(Nc2ccccc2)c1,30
35833,N#CCNCC#N,26
35834,CCC(=O)c1ccc(O)cc1,26
35835,O=C1Cc2ccccc2C(=O)O1,89
35836,Clc1cccc(Br)c1Cl,30
35837,Fc1cc(F)cc(Br)c1,30
35838,O=C1CCC(=O)N1Cl,30
35839,CCON.Cl,30
35840,NCc1ccc(S(N)(=O)=O)cc1,36
35841,N[C@@H](CS)C(=O)O,30
35877,Clc1ccccc1CBr,26
35902,CCOC(=O)CN=C(c1ccccc1)c1ccccc1,30
35904,CC(C)(C)OC(=O)N1CC=C(B2OC(C)(C)C(C)(C)O2)CC1,65
35910,CCCCC1C(=O)N(c2ccccc2)N(c2ccccc2)C1=O,21
35917,COC(=O)c1ccccc1C(=O)O,44
35918,Clc1ccc(Br)c(Cl)c1,30
35921,Cc1cc2cc(F)ccc2[nH]1,69
35925,Nc1ccc(S(=O)(=O)Nc2ccccn2)cc1,30
35926,N#CC(CCBr)(c1ccccc1)c1ccccc1,26
35927,COc1cc(CO)ccc1O,30
35928,O=C1CCCC(=O)C1,26
35929,N#Cc1cc([N+](=O)[O-])ccc1N,30
35930,O=Cc1c2ccccc2cc2ccccc12,26
35931,c1ccc2c(c1)CCc1ccccc1N2,26
35932,CC(=O)c1ccc([N+](=O)[O-])cc1,26
35933,O=C(O)Cc1cccs1,30
35934,O=C(O)CCCCCCC(=O)O,30
35935,NNC(=O)c1ccncc1,30
35936,O=C(C(=O)c1ccco1)c1ccco1,60
35937,Nc1ccc(N)c2c1C(=O)c1ccccc1C2=O,21
35938,COc1ccc(C=O)cc1O,30
35939,COCCOC(=O)CC(C)=O,26
35940,O=C(O)c1ccccc1Cc1ccccc1,90
35941,Nc1cc(C(=O)O)ccc1Cl,30
35943,NNC(=O)C(=O)NN,30
35944,O=C(O)c1c(F)c(F)c(F)c(F)c1F,30
35945,COc1ccc(C=O)cc1OCc1ccccc1,53
35946,O=Cc1ccc(Cl)cc1Cl,30
35947,COc1ccc(C=O)cc1OC,30
35948,O=C(O)c1cccnc1S,30
35994,C[Si](C)(C)C#CCO,58
35998,COC(=O)c1cccc2cc[nH]c12,65
36027,COc1cc(C(=O)O)cc(OC)c1OC,30
36029,COc1ccccc1I,30
36030,Oc1ccc2c(c1)OCO2,30
36032,CC(C)(C)C1CCC(O)CC1,30
36033,Nc1ccc([N+](=O)[O-])cc1N,30
36034,COc1ccc2cc(C(C)=O)ccc2c1,30
36035,O=C(O)c1ccccc1Nc1cccc(C(F)(F)F)c1,26
36036,CCOC(=O)CC(=O)c1ccc([N+](=O)[O-])cc1,44
36037,CCCCCCOc1ccc(C=O)cc1,55
36038,O=C(c1ccccc1)c1ccccn1,30
36039,Oc1ccc(N2CCNCC2)cc1,30
36040,CCN(CC)C(=O)CC(C)=O,26
36041,COc1cc([N+](=O)[O-])ccc1N,30
36042,Oc1cccc(Cl)c1Cl,39
36044,c1ccc(Nc2ccc3ccccc3c2)cc1,30
36045,CC(C)(C)C1CCC(=O)CC1,30
36046,O=C(O)c1ccc([N+](=O)[O-])cc1Cl,30
36047,CCOC=C(C#N)C#N,30
36048,O=Cc1c[nH]c2ccccc12,30
36049,O=C(O)c1c(Cl)cccc1Cl,30
36057,COc1ccc(CBr)cc1F,40
36072,CC(=O)OCC1=C(C(=O)O)N2C(=O)[C@@H](N)[C@H]2SC1,30
36096,Fc1cccc(F)c1CCl,31
36109,COC(=O)c1cccc(CO)n1,95
36118,O=C1CNC(=O)N1,30
36119,COc1cccc(C=O)c1O,30
36120,O=C(c1ccco1)C(O)c1ccco1,30
36121,Nc1cc(Cl)c(N)cc1Cl,21
36122,NC(=O)NCc1ccccc1,33
36123,O=C(O)c1ccc(O)c(O)c1,30
36124,CC(N)C(=O)O,30
36125,Cc1ccc(C(=O)O)c(C)c1,35
36126,COc1ccc(C(=O)O)cc1[N+](=O)[O-],30
36127,CC(=O)c1ccc(-c2ccccc2)cc1,30
36128,Nc1ccc(NC(=O)c2ccc(N)cc2)cc1,21
36129,Nc1cc(Cl)ccc1[N+](=O)[O-],26
36132,Nc1ccc(Cl)c(C(F)(F)F)c1,30
36133,CC(=O)N(c1ccccc1)c1ccccc1,95
36134,NC(=O)c1ccccc1C(N)=O,60
36135,CC(=O)c1ccc2c(c1)Cc1ccccc1-2,33
36138,O=C(CCl)Nc1ccccc1Cl,56
36139,Cc1ccc(C)c(OCC(=O)O)c1,59
36140,Nc1ccc(Cl)cc1C(=O)c1ccccc1Cl,33
36141,O=C1C=CC(=O)N1c1ccc(Br)cc1,61
36206,Nc1ccc2nc(S)[nH]c2c1,63
36218,CC(O)c1ccccc1F,70
36224,NC(=S)c1ccccc1,30
36227,CC(C(=O)O)N1C(=O)c2ccccc2C1=O,48
36229,Cc1ccc(NC(N)=O)cc1,84
36230,OCc1nc2ccccc2[nH]1,25
36234,CN(C1CCCCC1)S(=O)(=O)c1ccccc1N,56
36235,CC(=O)NC(=Cc1ccccc1)C(=O)O,21
36236,NNC(=S)Nc1ccc(Cl)cc1Cl,35
36237,O=C(n1ccnc1)n1ccnc1,30
36238,Cc1cccc(O)c1C,30
36239,CNC(=O)NC,30
36240,CCOc1ccc(O)cc1,30
36241,CC(=O)CC(=O)Nc1ccc(C)cc1C,26
36242,C=CCOC(=O)CC(C)=O,30
36243,O=[N+]([O-])c1ccc(Cl)c(Cl)c1,30
36244,O=C(O)CN1C(=O)CSC1=S,46
36246,Cc1ccc(OCC(=O)O)cc1,46
36248,Cc1ccc(C(N)=S)cc1,78
36249,O=C(CCl)c1cc(F)ccc1F,30
36287,CCc1ccc(S(N)(=O)=O)cc1,21
36325,CCOC(=O)Cc1csc(NC(=O)CCl)n1,87
36326,N#Cc1ccccc1C#N,26
36328,CC(=O)c1ccc(S(C)(=O)=O)cc1,30
36329,CCN(CC)CCNC(=O)c1ccc(N)cc1.Cl,30
36331,CCCCC(=O)c1ccccc1,30
36332,O=C(O)c1cc(Br)c(C(=O)O)cc1Br,34
36334,Brc1ccc(Br)nc1,30
36335,O=c1oc(=O)c2cc3c(=O)oc(=O)c3cc12,21
36336,CNc1cccc2c1C(=O)c1ccccc1C2=O,30
36337,O=S(=O)(Cl)c1ccc(C(F)(F)F)cc1,30
36338,Cc1ccccc1NC(=O)c1cc2ccccc2cc1O,30
36339,O=C(O)c1ccc(Cl)cc1Cl,30
36341,c1ccc2c(c1)Cc1ccccc1-2,30
36342,N#CCc1ccc(O)cc1,30
36343,OCCNC1CCCCC1,29
36344,CCOC(=O)c1[nH]c(C)c(C(=O)OCC)c1C,33
36346,Cc1cccc(N)c1N,55
36347,COc1cc([N+](=O)[O-])c(OC)cc1Cl,34
36348,O=C(O)CSc1ccccc1,41
36357,CCOc1ccc([N+](=O)[O-])cn1,50
36411,N#Cc1cc(C(F)(F)F)ccc1N,96
36425,CC(=O)Oc1ccc(OC(C)=O)c(OC(C)=O)c1,41
36426,CC(N)CC(=O)O,88
36428,CCc1cccc(CC)c1NC(=O)CCl,71
36430,BrC(c1ccccc1)(c1ccccc1)c1ccccc1,21
36431,O=C(O)CC12CC3CC(CC(C3)C1)C2,45
36432,O=C(O)Cc1cccc2ccccc12,30
36433,CCCC[N+](CCCC)(CCCC)CCCC.[I-],21
36434,O=C(O)c1cncc(C(=O)O)c1,26
36435,O=C(O)c1cc(Cl)cc(Cl)c1,30
36436,Oc1ccc2ccccc2c1,30
36437,Nc1ccc(Cl)c(N)c1.Nc1ccc(Cl)c(N)c1.O=S(=O)(O)O,43
36439,Cc1cc(O)ccc1[N+](=O)[O-],30
36441,Cc1cc(N)c(C)cc1N,21
36442,Nc1ccncc1,44
36443,NC(=O)c1cccnc1Cl,30
36444,O=C(OC(=O)c1ccccc1)c1ccccc1,30
36446,CC1(C)NC(=O)NC1=O,30
36448,O=[N+]([O-])c1ccccc1O,30
36449,O=S(=O)(c1ccccc1)N(F)S(=O)(=O)c1ccccc1,30
36509,ClCc1cccc(Br)c1,48
36522,Cc1cc(O)cc(C)c1Cl,26
36523,Cc1cc(O)nc(C)n1,46
36524,CN1CCCCC1CCCl.Cl,45
36525,O=C(Oc1ccccc1)c1ccccc1C(=O)Oc1ccccc1,21
36528,CC(C)(C)c1cc(C(=O)O)cc(C(C)(C)C)c1O,39
36529,Nc1c(Cl)cc([N+](=O)[O-])cc1Cl,26
36530,Nc1cc(C(F)(F)F)cc(C(F)(F)F)c1,46
36531,O=C(CC(=O)C(F)(F)F)c1ccccc1,30
36532,O=Cc1ccc([N+](=O)[O-])cc1,30
36533,COc1ccc(C(C)=O)cc1OC,26
36534,CC(C)C[C@H](N)C(=O)O,30
36537,C[C@H](C(=O)O)c1ccccc1,98
36538,COc1cc(O)cc(OC)c1OC,55
36542,C[C@@H]1CNCCN1,39
36554,CCC(Br)CBr,31
36597,O=C(Cl)c1ccc(Cl)c(Cl)c1,50
36601,OCc1c(F)cccc1F,26
36610,Cc1occc1S,51
36621,COc1cc(Br)ccc1C=O,90
36626,Fc1ncccc1Cl,64
36630,CC(C)(C)OC(=O)N1CCCC1=O,55
36631,CC1(C)C(=O)[C@]2(C)CC[C@H]1C2,26
36637,Cl.Cl.Nc1cccc(N)c1,26
36661,CON(C)C(=O)C1CCN(C(=O)OC(C)(C)C)CC1,67
36706,CNC(=O)c1ccccc1,79
36722,CCOc1ccc(C(=O)NN)cc1,55
36724,O=C(O)Cc1c(F)cccc1Cl,41
36725,Cc1ccc2nc(N)sc2c1,49
36726,N#Cc1ccc(N)c(N)c1,66
36727,O=Cc1ccc(OCC(=O)O)cc1,38
36730,CC(C)(C)c1ccc(C(=O)O)cc1,30
36731,Cl.NCCCCl,30
36732,CCOC(=O)CCN(C)C,47
36735,CC(C)(C)c1cc(C(=O)O)cc(C(=O)O)c1,49
36736,Cc1cc(C)c(C=O)cc1C,78
36738,O=C(O)Cc1ccccc1F,30
36739,Cc1csc(S)n1,26
36740,CC(=N)N.Cl,26
36743,CCOC(=O)c1sc(N)nc1C,34
36744,Br.N=C(NN)NN,26
36745,CC1(C)c2ccccc2Oc2ccccc21,58
36765,CC(C)(C)OC(=O)NCCCC[C@@H](NC(=O)OCC1c2ccccc2-c2ccccc21)C(=O)O,68
36774,N#Cc1nc(N)[nH]c1C#N,74
36775,O=C(c1ccc(O)cc1)c1ccc(Cl)cc1,26
36776,O=C(Cl)CCCCCCCC(=O)Cl,86
36777,O=C(Cl)N1CCOCC1,39
36778,COC(=O)c1cc(Br)cc(Br)c1N,21
36779,N#CNC(=N)N,26
36780,O=C(c1ccc(O)cc1)c1ccc(F)cc1,60
36781,O=Cc1ccc(O)cc1O,30
36782,Nc1ncnc2[nH]cnc12,30
36783,Sc1nc2ccccc2o1,30
36784,Cn1c(=O)c2[nH]cnc2n(C)c1=O,30
36786,COc1cc(OC)c(Cl)cc1N,26
36787,c1cc(N2CCNCC2)ccn1,61
36788,CCOC(=O)C=C([O-])C(=O)OCC.[Na+],30
36790,CC(=O)Nc1ccc(N)c(C(=O)O)c1,58
36792,Cl.NC1CCCCC1,28
36793,C1CNCCN1,30
36794,NC(=S)N=C(N)N,26
36796,Nc1nc(N)c(N)c(N)n1.O=S(=O)(O)O,30
36798,ClCc1ccccc1CCl,29
36799,Cc1cc(C(C)(C)C)c(O)c(C(C)(C)C)c1,30
36800,CCc1ncc[nH]1,30
36803,Cc1c(N)cccc1C(=O)O,30
36804,O=C(O)c1ccncc1C(=O)O,30
36805,N[C@@H](CO)Cc1ccccc1,40
36836,CCCCCCc1ccc(O)cc1O,21
36845,CC(=O)Nc1ccc(C(C)=O)cc1,23
36846,CC1(C)[C@@H]2CC[C@]13CS(=O)(=O)N[C@@H]3C2,48
36851,COC(=O)c1cc[nH]c1,91
36852,COC(=O)c1cc(Br)cnc1Cl,34
36856,C#CCCCCCO,96
36857,Fc1ccnc(F)c1,96
36863,Nc1c(Br)cc(Br)cc1C=O,33
36881,COC(=O)c1ccc(Br)cc1I,54
36905,ClCCC(Cl)(Cl)Cl,26
36914,O=C(O)c1ccc(Oc2ccccc2)cc1,31
36915,O=Cc1ccc(Cl)cc1,30
36917,OC[C@@H](O)[C@H](O)[C@H](O)[C@@H](O)CO,30
36919,NC(=O)c1ccc(N)cc1,30
36921,OC(c1ccccc1)c1ccccc1,30
36922,NN1C(=O)CSC1=S,54
36923,Nc1nc(C(=O)O)n[nH]1,30
36924,O=C(O)Cc1ccc(Cl)c(Cl)c1,30
36925,CCc1ccc(C(=O)O)cc1,30
36926,COC(=O)c1cc(C(=O)O)cc([N+](=O)[O-])c1,31
36928,Cc1ccc(C(=O)c2ccccc2C(=O)O)cc1,21
36929,Nc1c(Br)cc([N+](=O)[O-])cc1Br,30
36931,Nc1cc2ccccc2cc1C(=O)O,55
36932,CCOC(=O)c1ccc(NC(=O)CCl)cc1,85
36933,Cc1[nH]n(-c2ccccc2)c(=O)c1C(=O)c1ccccc1,72
36934,Cc1ccc(C#N)n1C,95
36936,NCCCCCCC(=O)O,56
36937,Fc1ccc(N=C=S)cc1Cl,48
36938,CC(=O)c1c(C)[nH]c(C(=O)O)c1C,34
36941,OCc1ccc(F)c(F)c1F,64
36954,Oc1ccc(-c2ccccc2)cc1Cl,30
36955,Oc1ccc(C2CCCCC2)cc1,33
36956,O=C(O)c1cccc(O)c1,30
36980,Nc1ccc(C(=O)O)cc1,30
36981,Nc1c(Cl)cc(Cl)cc1C(=O)O,26
36982,CCOC(=O)c1ccc(N)cc1,30
36983,O=C(O)c1ccc2[nH]cnc2c1,46
36984,O=C(O)c1cc(=O)[nH]c(=O)[nH]1,26
36986,COc1ccc(C(C)=O)c(O)c1,30
36987,Cc1cccc(C)c1O,26
36988,NC1=NN(c2ccccc2)C(=O)C1,26
36989,Cc1nc2ccccc2[nH]1,30
36990,Cc1ccc(C)c(O)c1,31
36991,O=C(O)Cc1c[nH]c2ccccc12,21
36992,CC(=O)c1ccccc1O,26
36993,N#CCc1nc2ccccc2[nH]1,29
36994,COC(=O)c1cccnc1,30
36995,Cc1cc(O)ccc1Cl,26
36996,Cc1cc(I)ccc1N,39
36997,O=C(O)c1cc(Cl)ccc1Cl,30
36998,NCC(=O)O,26
36999,O=C(O)CCCc1c[nH]c2ccccc12,30
37000,COc1ccc(C(=O)O)cc1,30
37001,NC(=S)c1cccnc1,30
37002,Cc1cccc(Nc2ccccc2C(=O)O)c1C,30
37003,NC(=O)c1ccccc1O,26
37004,O=c1cnc2ccccc2[nH]1,26
37005,Sc1nc(-c2ccccc2)c(-c2ccccc2)o1,41
37006,c1ccc(C(c2ccccc2)(c2ccccc2)n2ccnc2)cc1,73
37007,CC(=O)c1ccc(I)cc1,30
37009,S=C1NCCCN1,41
37010,CCc1cc(O)ccc1Cl,69
37016,COc1ccc2[nH]c(S)nc2c1,21
37017,Cl.Cl.Nc1ccc(O)c(N)c1,26
37018,CCC(C)c1ccc(O)cc1,33
37019,Cl.NNc1ccc(F)cc1,26
37020,CC(C)(C)c1cccc(O)c1,26
37021,Cl.N=C(N)c1cccc([N+](=O)[O-])c1,79
37022,Cl.NNc1ccc(Cl)cc1Cl,30
37023,Cl.NOCc1ccccc1,30
37025,O=C(O)c1cc([N+](=O)[O-])ccc1O,31
37027,O=C(Cl)c1ccc(Cl)cc1,30
37031,Cc1noc(C)c1[N+](=O)[O-],29
37034,CC(=O)Nc1ccc(C=O)cc1,36
37035,O=C(O)c1ccccc1[N+](=O)[O-],30
37036,O=C=Nc1ccc(Cc2ccc(N=C=O)cc2)cc1,26
37037,Cc1ccc(C(=O)O)cc1,30
37038,Cc1cc(=O)oc2cc(O)ccc12,26
37039,O=[N+]([O-])c1cccc(CCl)c1,48
37040,O=C(c1ccccc1)c1ccc(Cl)cc1,26
37041,COc1ccccc1CC#N,26
37042,O=C(O)c1cc(S(=O)(=O)O)ccc1O,26
37043,Cc1ccc(S(=O)(=O)Cl)cc1,30
37044,O=S(=O)(Cl)c1ccc(F)cc1,30
37045,COc1cc2[nH]c(=O)[nH]c(=O)c2cc1OC,30
37046,CC(=O)NS(=O)(=O)c1ccc(N)cc1,29
37047,COc1cc(CC(=O)O)cc(OC)c1OC,40
37048,N#Cc1ccc(C(=O)O)cc1,31
37049,Nc1ccc(Cl)cn1,30
37050,O=C(O)c1ccc2ccccc2c1,30
37051,COc1ccc2ccccc2c1C=O,41
37052,O=Cc1ccccc1OCC(=O)O,21
37053,Nc1cnccn1,30
37054,O=C(O)c1cc2ccccc2oc1=O,21
37055,c1ccc2c(c1)Nc1ccccc1S2,30
37056,O=C(c1ccccc1)c1ccncc1,28
37057,O=C1CCC(=O)N1,30
37063,COC(=O)c1cccc(C)c1O,99
37080,CC(=O)Nc1ccc(O)cc1,30
37081,O=C(O)CC1CCCCC1,58
37082,N=C(c1ccccc1)c1ccccc1,30
37083,CCOP(=O)(CC(C)=O)OCC,63
37084,O=C(O)c1ccc(O)nc1,30
37086,N#Cc1ccc(Cl)c([N+](=O)[O-])c1,36
37087,CCOC(=O)C(=O)CCc1ccccc1,45
37088,OC1CCNCC1,30
37089,CC(C)c1ccc(O)cc1,30
37090,O=C(O)Cc1ccc2ccccc2c1,34
37092,O=C(O)c1ccc(F)c([N+](=O)[O-])c1,30
37093,COC(=O)c1ccc(O)cc1,30
37095,Nc1c(F)cccc1Cl,45
37096,Cl.NCC(F)(F)F,30
37097,COC(=O)CN.Cl,30
37098,Nc1ccc(I)cc1C(=O)O,30
37099,COC(=O)CCCBr,30
37100,Cl.ClCc1ccccn1,30
37101,O=C(O)c1ccccc1-c1ccccc1C(=O)O,30
37102,O=C(O)c1cc2ccccc2o1,58
37103,O=[N+]([O-])c1cccc2cccnc12,40
37104,N#Cc1ccc(N)cc1Cl,46
37106,COc1cc(C=O)cc(OC)c1OC(C)=O,93
37107,CCCCC(=O)c1ccc(F)cc1,38
37110,Cl.N=C(N)c1ccc([N+](=O)[O-])cc1,49
37112,Cl.NCCSSCCN,26
37113,CCOC(=O)CN.Cl,30
37114,CCCCCC(=O)c1ccccc1,41
37115,CCCCCCCC(=O)c1ccccc1,68
37118,Nc1ccc(N)c(Cl)c1.O=S(=O)(O)O,30
37123,CCCC(C)(CO)CO,41
37127,Nc1cccc2c1C(=O)c1cccc(N)c1C2=O,47
37131,CCCCOC(=O)CCl,41
37133,O=c1[nH]cc([N+](=O)[O-])c(=O)[nH]1,28
37136,O=C(O)Cc1ccccc1C(=O)O,33
37137,CCC(=O)c1ccc(Cl)cc1,30
37138,O=Cc1ccc(N(c2ccccc2)c2ccccc2)cc1,30
37139,CC1(C)CC(O)CC(C)(C)N1,26
37140,Cc1ccc(C)c(O)c1C,26
37141,Nc1cc(Cl)c(S(N)(=O)=O)cc1S(N)(=O)=O,30
37142,Cc1ccc(O)c(C(C)(C)C)c1,26
37143,COc1ccc(N)cc1OC,30
37144,O=C(O)c1ccc(-c2ccccc2)cc1,30
37145,O=C(O)c1cccc(C(=O)O)c1,30
37146,Cc1cc(Cl)ccc1OCC(=O)O,31
37147,NNC(=O)c1ccc(O)cc1,26
37148,Cc1nc2c(ccc3ccccc32)s1,96
37149,CCC(=O)c1cccc(Cl)c1,30
37150,CC(=O)CC(=O)Nc1ccccc1,30
37152,COc1ccc(CC#N)cc1OC,30
37153,O=C(CCl)Nc1ccccc1[N+](=O)[O-],24
37154,C1N2CN3CN1CN(C2)C3,30
37155,CC1(C)C(=O)N(Cl)C(=O)N1Cl,26
37157,Clc1nc(Cl)nc(Cl)n1,30
37159,CCCCCCCCCCCCCCCCCC(=O)O,26
37160,O=c1ccc2ccccc2o1,26
37161,CC(=O)C12CC3CC(CC(C3)C1)C2,60
37188,Nc1nc2ccccc2s1,26
37190,COc1ccc(Br)c(C(=O)O)c1,30
37191,Nc1ccnc(O)n1,30
37195,C[C@H](N)C(=O)O,26
37201,N#CCc1cc(Cl)ccc1Cl,69
37203,Cc1ccc(C=O)c(O)c1,96
37207,CC(C)C[C@@H](N)C(=O)O,30
37210,O=Cc1ccc([N+](=O)[O-])s1,30
37215,Cc1cc(F)cc([N+](=O)[O-])c1,44
37224,O=C1CC[C@@H](C(=O)O)N1,30
37228,Cl.N=C(N)CC(N)=O,30
37229,COC(=O)Cc1cccc(C(F)(F)F)c1,61
37239,CC(Oc1ccccc1)C(=O)O,30
37241,O=C(CBr)c1ccc2ccccc2c1,33
37242,O=C(O)c1ccccc1SSc1ccccc1C(=O)O,30
37245,O=C(CCl)Nc1cccc(Cl)c1,48
37246,c1ccc2c(c1)sc1ccccc12,26
37247,Nc1ccc([N+](=O)[O-])cc1[N+](=O)[O-],26
37248,CCOC=C(C#N)C(=O)OCC,26
37251,CCc1ccc(OCC(=O)O)cc1,52
37254,O=Cc1cc([N+](=O)[O-])ccc1Cl,30
37256,Cc1ccc(Sc2ccc(C(=O)O)cc2[N+](=O)[O-])cc1,27
37258,CCOc1ccc(CC(=O)O)cc1,26
37259,Cc1ccc(N)c(O)c1,30
37260,Cc1cccc(Nc2ccccc2)c1,21
37261,CC(C)(c1ccccc1)c1ccc(O)cc1,21
37282,CC(O)c1ccccc1Br,78
37290,Cn1nc(C(F)(F)F)cc1O,75
37291,Oc1c(F)cc(F)cc1Br,46
37296,O=c1cc(Cl)[nH]c(=O)[nH]1,30
37331,Nc1cccc(B(O)O)c1.O,40
37335,Nc1ccc([N+](=O)[O-])cc1C(=O)c1ccccc1,30
37336,Oc1ccc(Cl)cc1C1CCCCC1,79
37339,CN(C)CCCN1c2ccccc2Sc2ccc(Cl)cc21.Cl,64
37340,Cc1c(Cl)cccc1N=C=S,32
37341,CC(=O)c1ccc(Cl)s1,88
37343,CC(C)(C(=O)O)c1ccccc1,30
37344,O=C(O)c1nccnc1C(=O)O,30
37345,CCOc1ccc(OCC)c(N)c1,96
37346,Nc1ccccc1N1CCCCC1,66
37347,Cn1cccc1C(=O)C(Cl)(Cl)Cl,29
37348,CCCCCCNC(N)=S,78
37350,Cl.NCCS,26
37351,OC1c2ccccc2-c2ccccc21,21
37352,COc1cc(C=O)cc(I)c1O,22
37355,COc1ccc(C(=O)c2ccccc2)cc1,30
37357,O=C(O)c1cncc(Br)c1,30
37358,Nc1ccc([N+](=O)[O-])cc1C(F)(F)F,30
37359,CC(C)(C)c1ccc(O)c(O)c1,48
37360,CN(C)c1ccc(C(=O)c2ccccc2)cc1,85
37361,Cl.Cl.c1ccc(N2CCNCC2)nc1,26
37362,CC(C)c1ccc(OCC(=O)O)cc1,49
37409,COc1ccc(F)c(Br)c1,50
37423,Oc1ccc(Cl)c(O)c1,21
37424,O=C1CCSc2ccc(F)cc21,95
37425,Cc1nnc(C)n1N,92
37426,Oc1cccc(O)c1,30
37427,Cc1cc(O)c(C(C)C)cc1Cl,61
37428,Fc1cc(Br)ccc1CBr,30
37429,O=C(c1ccccc1)C1CCCCC1,29
37430,Nc1ccc(S(=O)(=O)O)cc1,21
37431,Cc1cccc(C(=O)O)c1[N+](=O)[O-],30
37434,Nc1ccc(Oc2ccccc2)cc1,30
37435,O=C(O)c1ccc(C(=O)O)c(C(=O)O)c1,30
37436,COc1ccc(CC(=O)O)cc1,30
37439,Cc1ncc([N+](=O)[O-])n1C,30
37440,N#CCC(N)=C(C#N)C#N,76
37441,O=C(O)CC1OC(=O)c2ccccc21,35
37442,O=C(O)CC(S)C(=O)O,26
37445,COc1ccc2nc3cc(Cl)ccc3c(Cl)c2c1,38
37446,CC(C)COC(=O)N1c2ccccc2C=CC1OCC(C)C,43
37447,CC(=O)CC(=O)Nc1ccc(Cl)cc1,21
37454,COc1ccc(O)c(Br)c1,85
37460,O=C(O)c1ccc(O)c(F)c1,48
37468,N#Cc1cc(Cl)c(N)c(Cl)c1,21
37470,Fc1ccc(CBr)c(F)c1,30
37525,OC1c2ccccc2CC1Br,35
37526,NS(=O)(=O)c1cccc(Cl)c1,95
37527,COc1cc(C(C)=O)ccc1O,35
37529,CCN(C)C(=O)CCl,61
37533,CCC1CCCCN1.Cl,66
37534,NC(C(=O)O)c1ccccc1,30
37536,COC(=O)[C@@H](N)CO.Cl,30
37544,O=[N+]([O-])c1cc[n+]([O-])c(Cl)c1,69
37552,COC(=O)C(N)C(C)O.Cl,60
37615,CCOC(=O)C1CCN(C(=O)c2ccccc2)CC1,94
37630,NCCOCCOCCN,38
37637,COC(=O)c1cccc(Cl)c1[N+](=O)[O-],64
37650,COC(=O)c1c(F)cccc1Cl,73
37692,COC(=O)c1ccc([N+](=O)[O-])c(F)c1,45
37696,O=C(O)c1ccc(Cl)s1,30
37697,CC(=O)CCc1ccc2c(c1)OCO2,30
37699,O=C(O)c1cn(C2CC2)c2cc(N3CCNCC3)c(F)cc2c1=O,21
37703,Brc1ccc2c(c1)CCO2,60
37715,COC(=O)c1ccc(C)cc1C,34
37725,CCOc1ccc(I)cc1,26
37728,COc1cc(CC#N)cc(OC)c1,89
37761,OCCCCc1ccccc1,30
37773,O=C(Cl)c1ccccc1I,30
37793,NC(=NO)c1ccc(Br)cc1,73
37794,CC(C)(C)OC(=O)NC(CO)C(=O)O.O,51
37830,O=S(=O)(O)c1cccc2cccnc12,64
37835,Cc1ccc(C)c(CC#N)c1,21
37847,Cc1cc([N+](=O)[O-])c(Cl)cc1N,84
37857,O=C(Cl)c1ccccc1[N+](=O)[O-],79
37859,O=C1CCCC(=O)N1,69
37860,O=[N+]([O-])c1c(Cl)cccc1Cl,39
37872,C=C(C(=O)O)c1ccccc1,66
37894,OCC(CO)(CO)COCC(CO)(CO)CO,26
37904,Cl.O=C(O)[C@H]1C[C@@H](O)CN1,45
37916,N=C(N)NCCCCN.O=S(=O)(O)O,30
37920,OC1CCCN(Cc2ccccc2)C1,30
37933,CC(C)(C)OC(=O)N1CCC[C@@H](N)C1,79
37937,O=C1c2ccccc2C(=O)c2c1ccc(O)c2O,51
37953,Clc1nc(Cl)c2[nH]cnc2n1,31
37956,O=C(O)CCSSCCC(=O)O,30
37958,Cc1cc(O)c([N+](=O)[O-])c(=O)[nH]1,33
37960,O=Cc1cncc(Br)c1,69
37970,O=[N+]([O-])c1cccc(F)c1O,39
37983,Cc1cc(Br)cnc1Cl,44
37996,OCc1cc(Cl)ccc1Cl,48
38004,Cc1cc(N)cnc1Br,66
38037,COC(=O)c1ccc(OCc2ccccc2)c(OC)c1,38
38077,Cc1nccn1CC1CCc2c(c3ccccc3n2C)C1=O,31
38094,COC(=O)c1ccccc1[N+](=O)[O-],30
38111,Br.CCN(CC)CCBr,40
38117,O=C(O)c1cc2ccccc2[nH]1,30
38118,O=c1c(O)c(O)c1=O,30
38119,O=C(O)CNC(=O)c1ccccc1,30
38120,Nc1ccc(S(N)(=O)=O)cc1,30
38121,O=C(O)c1ccccc1-c1ccc(C(F)(F)F)cc1,76
38122,COc1ccc(O)c(C=O)c1,68
38123,O=c1cc(O)c2ccccc2o1,30
38124,O=C1CCC(c2ccccc2)CC1,30
38125,O=c1[nH]c2ccccc2[nH]1,36
38126,COc1ccc(N)cc1,26
38127,O=[N+]([O-])c1cc(F)ccc1F,30
38128,O=c1[nH]c(=O)c2ccccc2[nH]1,30
38205,O=[N+]([O-])c1ccc(Cl)c([N+](=O)[O-])c1,26
38207,O=C(O)c1ccc(Cl)cc1O,30
38208,O=C(O)c1cc([N+](=O)[O-])ccc1Cl,26
38209,COc1cccc(OC)c1C(=O)O,35
38210,Cc1cc(NS(=O)(=O)c2ccc(N)cc2)no1,30
38211,Nc1nc2ccccc2[nH]1,30
38212,O=C(O)c1ccc(=O)oc1,44
38213,c1ccc(C(c2ccccc2)N2CCNCC2)cc1,26
38214,Nc1cccc(O)c1,30
38215,O=C(O)c1ccc2ccccc2n1,30
38216,Clc1nnnn1-c1ccccc1,44
38218,COc1ccc(C(=O)O)cc1OC,30
38219,Nc1ccc(C(=O)O)cc1N,30
38220,O=C(O)C1CCCO1,30
38221,Oc1ccc(I)cc1,33
38222,O=C(O)c1n[nH]c2ccccc12,30
38223,O=C(O)c1ccc(O)cc1,30
38224,Brc1ccc2ccccc2c1,30
38225,N=C(N)NN.O=[N+]([O-])O,26
38227,COC(C(=O)O)c1ccccc1,83
38229,CCCC(=O)OC,21
38240,N#Cc1ccc([N+](=O)[O-])c(F)c1,51
38258,COC(=O)c1cc(Br)cc([N+](=O)[O-])c1C,57
38299,O=[N+]([O-])c1cc(Cl)c(Cl)cc1F,44
38310,O=[N+]([O-])c1ccc(CCO)cc1,30
38317,COC(=O)C[C@H](C)O,43
38332,O=C(O)c1cc(O)c2ccccc2c1O,21
38333,Nc1cc(O)nc(N)n1,26
38334,O=C(c1ccccc1)c1ccc(O)cc1,30
38335,Cc1ccnc(N)n1,39
38336,COc1ccc(C(=O)c2ccccc2)c(O)c1,30
38337,CCCCOC(=O)c1ccc(O)cc1,30
38338,O=c1[nH]cnc(O)c1[N+](=O)[O-],41
38339,C[N+](C)(C)CC(=O)NN.[Cl-],21
38340,Sc1nncs1,36
38341,CC(C)(C)c1cc(C=O)c(O)c(C(C)(C)C)c1,30
38343,Cc1ccc(Cl)cc1Cl,30
38345,CC(C)(CC(=O)O)CC(=O)O,41
38346,Cc1c[nH]c(=O)[nH]c1=O,30
38347,N#Cc1ccccc1C=O,40
38348,Cc1ccc(O)c(C(=O)O)c1,35
38350,CN(C)C(N)=NC(=N)N,26
38351,Clc1cncc(Cl)n1,30
38352,O=[N+]([O-])c1c[nH]cn1,30
38353,NCCS(=O)(=O)O,30
38354,O=C(O)C#Cc1ccccc1,58
38355,NC(=O)c1cccc(Cl)c1,32
38356,O=CN1CCOCC1,30
38357,Nc1cccc2ncccc12,44
38359,O=C1OC(=O)c2cc([N+](=O)[O-])ccc21,54
38360,Nc1cc(=O)[nH]c(S)n1,26
38361,O=c1[nH]nc2ccccn12,31
38363,Cc1ccccc1N1CCNCC1,75
38364,O=C(O)CCCCCCCCCCBr,26
38365,CCc1ccco1,49
38366,Oc1ccc2c(c1)CCCC2,30
38367,Cc1ccc(O)cn1,38
38368,COc1ccc2ccccc2c1,26
38369,COc1ccc(Cl)c([N+](=O)[O-])c1,30
38370,O=[N+]([O-])c1cc(C(F)(F)F)c(Cl)cc1Cl,30
38371,Fc1cc(Br)c(Cl)c(Br)c1,29
38373,ON=Cc1ccccc1Br,79
38375,NNC(=O)c1ccccc1Cl,38
38376,O=C(O)c1ccccc1C(=O)O,30
38377,CCC(C)(C)C1CCC(=O)CC1,39
38378,O=C1Nc2ccc([N+](=O)[O-])cc2C1=O,48
38379,Nc1ccc(Cl)cc1[N+](=O)[O-],30
38380,Nc1ccc(Cl)c(Cl)c1,30
38381,O=Cc1cc(Br)cc(Br)c1O,35
38382,O=Cc1ccc(Cl)c(Cl)c1,30
38383,O=[N+]([O-])c1cc(Cl)ccc1Cl,26
38384,CCN(CC)c1ccc(C=O)cc1,41
38385,COc1cc(C=O)cc(OC)c1OC,30
38386,COc1ccc(C(C)=O)c(OC)c1,30
38387,O=C(c1ccccc1)C(O)c1ccccc1,26
38388,NCc1ccc(C(=O)O)cc1,30
38389,COc1ccccc1C(=O)O,30
38390,NCCCCN,26
38391,NNC(=O)c1cccc([N+](=O)[O-])c1,39
38392,NNC(=O)c1ccc(Br)cc1,38
38393,NNc1ccc(C(=O)O)cc1,30
38394,CC(=O)c1ccc(N)cc1,30
38395,O=C=Nc1ccc(Cl)c(Cl)c1,30
38418,CCOC(C)=C(C#N)C#N,39
38419,NCc1ccccc1N,89
38424,O=S(=O)(Cl)c1ccc(Br)cc1F,49
38433,CC1CCC(O)CC1C,90
38437,N#Cc1cccc(C#N)c1,26
38439,Cc1cc([N+](=O)[O-])ccc1Br,30
38445,Oc1cccc(OC(F)(F)F)c1,45
38451,CSCCCO,26
38475,O=C1OC(=O)c2cccc3cccc1c23,26
38476,NNC(=O)COc1ccc(Cl)cc1Cl,38
38477,O=C(O)COc1ccccc1,30
38479,Cc1c(C(=O)O)cc([N+](=O)[O-])cc1[N+](=O)[O-],30
38480,O=C1C=C(O)C(=O)c2ccccc21,33
38482,c1ccc2c(c1)Sc1ccccc1S2,21
38483,Cc1cccc(C(=O)O)c1O,30
38484,O=[N+]([O-])c1ccc2[nH]ncc2c1,30
38485,OC1CCCCCCCCCCC1,22
38486,O=C(O)c1ccc(F)cc1F,30
38488,CC1CNCCN1,30
38489,CC(=O)c1ccc[nH]1,39
38490,Cc1[nH]c2ccccc2c1C=O,36
38491,COc1cccc(C=O)c1OC,30
38492,Cn1c(=O)c2[nH]c(Cl)nc2n(C)c1=O,39
38493,Cc1ccccc1S(N)(=O)=O,30
38494,Oc1c(Br)cc(Br)cc1Br,26
38495,N#Cc1ccc(O)cc1,30
38496,Nc1ccc([N+](=O)[O-])cn1,30
38497,O=C1C(=O)c2cccc3cccc1c23,24
38498,O=Cc1cccc(OCc2ccccc2)c1,46
38499,NC(=O)c1ccc(Br)cc1,41
38500,Nc1ccc(Br)cn1,30
38526,O=[N+]([O-])c1cccc2[nH]ncc12,75
38537,CC(C)(Br)C(N)=O,54
38572,O=[N+]([O-])c1ccc(O)c2ncccc12,30
38573,O=C1CCN(c2ccccc2)N1,26
38574,OCc1ccc2c(c1)OCO2,26
38575,O=C(O)c1ccccc1Oc1ccccc1,89
38576,O=C(O)COCC(=O)O,26
38577,CC(=O)c1ccc(-n2ccnc2)cc1,66
38578,O=C(O)c1c(F)cccc1Cl,30
38579,O=C(O)c1ccccc1Nc1ccccc1,30
38580,COc1cc(N)cc(OC)c1,28
38581,Nc1ccc(N)c([N+](=O)[O-])c1,26
38582,O=C(O)CC(C(=O)O)c1ccccc1,26
38583,COc1ccc(C=O)c(OC)c1,30
38585,O=c1c2ccccc2[nH]c2ccccc12,21
38586,Cc1csc(N)n1,21
38587,Sc1nc2cc(Cl)ccc2s1,64
38588,CNc1ccccc1C(=O)O,46
38589,Cc1ccc(Cl)c(N)c1Cl,60
38590,O=S(=O)(O)c1cccnc1,30
38591,COC(=O)c1ccc(C(=O)OC)c(N)c1,30
38592,Nc1c(Br)cc(Br)cc1Br,30
38593,Cc1cc(N)ccc1Br,30
38594,Nc1ccc([N+](=O)[O-])cc1Cl,30
38595,Cc1cc([N+](=O)[O-])cc([N+](=O)[O-])c1O,30
38596,O=C(O)CC1(CC(=O)O)CCCC1,31
38597,Nc1cc(N)cc(C(=O)O)c1,30
38598,CC(=O)c1ccc(Cl)c(Cl)c1,30
38599,O=C(O)c1cccc(Cl)c1Cl,30
38600,O=C(O)c1c(F)cccc1F,30
38601,COc1ccc(C(=O)O)c(OC)c1,30
38605,Nc1cc(Cl)nnc1Cl,52
38615,Cc1ncc(Br)cn1,60
38619,O=C(O)c1cc(Br)ccc1Br,45
38623,Oc1cccc(Cl)c1F,49
38630,O=C(O[C@H](C(=O)O)[C@H](OC(=O)c1ccccc1)C(=O)O)c1ccccc1,30
38631,Cc1cccc(Cl)c1I,60
38634,COc1cc(Cl)ccc1Cl,36
38673,BrCc1ccc(Br)cc1,30
38674,Nc1ccc(S(=O)(=O)O)c2ccccc12,21
38675,O=C(O)c1cccc(Br)c1,30
38676,N#Cc1ccc(-c2ccc(O)cc2)cc1,39
38677,Nc1ncccc1O,30
38678,CC1=NCCS1,39
38679,ClCc1ccc(CCl)cc1,26
38680,O=C(O)Cc1ccc(Cl)cc1,30
38681,CCOc1ccc(C(=O)O)cc1OCC,30
38683,CC(=O)c1ccc2ccccc2c1,30
38684,Cc1cc([N+](=O)[O-])ccc1N,30
38685,O=C(O)c1cnc(Cl)c(Cl)c1,76
38686,Cc1cccc(C(=O)O)c1C,30
38687,NC1(C(=O)O)CCCCC1,30
38688,O=C(O)c1ccc(C(=O)O)nc1,30
38689,O=Cc1ccc(-c2ccccc2)cc1,30
38690,Cc1cc2ccccc2[nH]1,30
38692,O=[N+]([O-])c1ccc(I)cc1,26
38693,c1ccc2c(c1)oc1ccccc12,30
38694,Clc1ccc(Cl)nn1,30
38696,O=Cc1ccccc1OCc1ccccc1,33
38698,O=c1[nH]c2ccccc2c(=O)o1,30
38702,NC[C@H]1CC[C@H](C(=O)O)CC1,30
38703,Cc1ccc(Br)cc1[N+](=O)[O-],30
38726,CCOC(=O)CNC(C)=O,26
38729,N#Cc1ccc(Br)cc1N,40
38746,CC(=O)c1cc(Br)cc([N+](=O)[O-])c1O,39
38773,O=C(C(=O)c1ccccc1)c1ccccc1,30
38777,Brc1ccc(-c2ccc(Br)cc2)cc1,30
38779,CC(=O)c1ccc2c(c1)OCCO2,69
38780,O=[N+]([O-])c1cc([N+](=O)[O-])cc(C(F)(F)F)c1,30
38781,CS(=O)(=O)c1ccc(Cl)cc1,36
38782,c1cc2c3c(cccc3c1)CC2,26
38783,Clc1cc(Cl)c(Cl)cc1Cl,30
38784,Clc1ccc(Cl)c(Cl)c1,21
38785,Fc1ccc(Cl)cc1Cl,30
38786,O=S(=O)(Cl)c1cc(Cl)ccc1Cl,26
38787,O=[N+]([O-])c1ccc(F)c(Cl)c1,30
38788,CCCCCCCCCCCCCCCCCCN,30
38789,O=C(O)c1cc([N+](=O)[O-])cc([N+](=O)[O-])c1Cl,44
38790,N#Cc1ccc([N+](=O)[O-])cc1,26
38791,Nc1c(I)c(C(=O)O)c(I)c(C(=O)O)c1I,26
38792,Cc1ccc2ccccc2c1,30
38794,N#Cc1cccc(C(F)(F)F)c1,30
38795,O=C(c1ccccc1)c1ccc(O)cc1O,34
38796,Nc1cc(Cl)c(-c2cc(Cl)c(N)cc2Cl)cc1Cl,49
38797,NC(=O)Nc1ccccc1,26
38798,CC(=O)c1ccc(OCc2ccccc2)cc1,69
38799,O=C(O)Cc1ccccc1Cl,30
38800,O=C(CCl)Nc1cccc(F)c1,21
38801,Cc1ccc(S(=O)(=O)CC#N)cc1,39
38829,C[C@@H]1CNC[C@H](C)N1,35
38841,COc1cccc(F)c1[N+](=O)[O-],85
38874,O=C(O)c1ccc(Oc2ccc(C(=O)O)cc2)cc1,21
38875,CCCOc1ccc(O)cc1,29
38876,O=C(O)CNC(=O)OCC1c2ccccc2-c2ccccc21,30
38878,COc1cccc(C(=O)CBr)c1,37
38879,O=C1c2ccccc2C(=O)N1SC1CCCCC1,21
38881,Cc1ccccc1NC(=S)NN,74
38882,Cn1c(N)cc(=O)[nH]c1=O,30
38884,O=c1[nH]nc(-c2ccccc2)c2ccccc12,44
38888,N#CCC(=O)N1CCCCC1,30
38890,Nc1c(Cl)cncc1Cl,30
38892,COC(=O)c1ccc(C(=O)O)cc1,30
38896,Cc1ccc([N+](=O)[O-])cc1C#N,48
38897,CC=Cc1ccc(O)c(OC)c1,29
38898,O=c1[nH]c2ccccc2o1,30
38899,Oc1ccc(Cl)cc1Br,30
38900,O=[N+]([O-])c1cc(C(F)(F)F)cc([N+](=O)[O-])c1Cl,26
38905,O=C(O)c1cnc(O)c([N+](=O)[O-])c1,53
38909,O=C(NCO)C(F)(F)F,85
38919,c1ccc(P(CP(c2ccccc2)c2ccccc2)c2ccccc2)cc1,39
38943,CSc1ccc(B(O)O)cc1,55
38970,COc1cccc([N+](=O)[O-])c1Br,68
38980,CC(=O)NC(Cc1c[nH]c2ccccc12)C(=O)O,30
38981,O=c1[nH][nH]c(=O)c2ccccc12,30
38982,O=C1NC(=O)c2cccc3cccc1c23,21
38983,Nc1ccc(Cl)cc1C(=O)c1ccccc1F,30
38985,Cc1cc(C)c(C(=O)O)c(C)c1,30
38986,CNc1ccc(Cl)cc1C(=O)c1ccccc1,21
38987,O=C(O)CCCCC1CCSS1,30
38989,CCOC(=O)c1cnn(-c2ccccc2)c1N,75
38992,COc1cc(C)cc(OC)c1O,96
38993,COc1cc(C=O)cc([N+](=O)[O-])c1O,30
38996,CCOc1cc(C=O)ccc1OCc1ccccc1,50
39000,O=C(CCCCl)c1ccc(Br)cc1,45
39001,COc1cc(OC)c(OC)cc1C=O,30
39003,COc1cc(OC)c(C=O)c(OC)c1,30
39007,O=Cc1cc(F)cc(Cl)c1,39
39015,COc1cccc(F)c1Br,35
39037,NNCC(F)(F)F,60
39048,CCOP(=O)(CC(=O)OC(C)(C)C)OCC,30
39074,CC(C)(C)c1ccc(O)c(C(C)(C)C)c1,30
39075,CCc1cccc(CC)c1NC(N)=S,50
39077,O=C(c1ccccc1)C1OC1c1ccccc1,35
39078,NC(=O)c1cc(Cl)ccc1O,31
39079,Fc1cc(Br)c(F)cc1Br,30
39081,Cc1cccc(OCC(N)=O)c1,33
39082,Cl.NNc1ccccc1C(F)(F)F,46
39083,Cc1cc(Cl)nc2ccccc12,63
39084,Nc1nccnc1C(=O)O,30
39086,Cc1ccc([N+](=O)[O-])cc1Cl,30
39087,O=C1C(Cl)=C(Cl)C(=O)c2ccccc21,30
39088,CCOc1ccc2nc(N)sc2c1,35
39089,O=C1NCCN1,30
39092,Cc1cccc(C(=O)CC#N)c1,79
39093,CC(=O)NC(C(=O)O)C(C)C,83
39094,CCOc1ccc2nc(S)[nH]c2c1.Cl,45
39095,NC(=S)NCc1ccccc1,28
39096,Cc1nnc(S)s1,30
39097,N#Cc1ccc(Cl)c(Cl)c1,36
39098,CC(=O)c1cc(C)ccc1O,48
39099,N#Cc1ccc(F)cc1,30
39100,Cl.NC1=NCCS1,31
39166,CNC(N)=S,26
39167,O=c1ccc([N+](=O)[O-])c[nH]1,30
39171,Cc1ccc([N+](=O)[O-])cc1C,31
39173,Oc1c(I)cc(I)c2cccnc12,56
39174,N#Cc1c(N)cccc1F,30
39175,CC[N+](CC)(CC)Cc1ccccc1.[Cl-],30
39176,NC(=O)c1ccc(F)cc1,50
39177,O=C(c1ccc(Br)cc1)C(Br)Br,52
39180,CC(=O)Nc1ccccc1,30
39183,O=[N+]([O-])c1ccc(Oc2ccc([N+](=O)[O-])cc2)cc1,34
39184,O=C(O)c1ccc(C(=O)O)c([N+](=O)[O-])c1,41
39185,Sc1ccc(Cl)cc1,30
39186,Oc1cccc2c(O)cccc12,30
39187,O=C(O)C(F)(F)C(F)(F)C(F)(F)C(F)(F)C(=O)O,68
39188,O=C(O)c1cccc([N+](=O)[O-])c1C(=O)O,30
39189,Cc1ccc([N+](=O)[O-])cc1S(=O)(=O)Cl,44
39190,O=[N+]([O-])c1cc([N+](=O)[O-])c(F)cc1F,60
39191,Nc1ccc2c[nH]nc2c1,36
39193,Oc1ccc(Oc2ccccc2)cc1,30
39195,COc1cc(C=O)cc(OC)c1O,30
39204,CC(C)(C)c1cc(CCC(=O)NNC(=O)CCc2cc(C(C)(C)C)c(O)c(C(C)(C)C)c2)cc(C(C)(C)C)c1O,45
39207,CC(C)(C)OC(=O)N1CCC[C@H]1CO,30
39250,O=[N+]([O-])c1cccc(S(=O)(=O)[O-])c1.[Na+],30
39269,CCN(CC)c1cccc(O)c1,31
39271,COC(=O)c1cc(OC)cc(OC)c1,21
39273,NC(=O)CC(N)=O,30
39274,O=C(CCl)c1ccc(Cl)cc1Cl,30
39275,O=C(O)CCC(=O)c1ccc(Cl)cc1,21
39276,Oc1cccnc1Br,30
39277,O=C(O)c1ccccc1S(=O)(=O)O,21
39278,Oc1ccccc1I,30
39280,CC1(C)CC(=O)OC(=O)C1,88
39281,COc1ccc([N+](=O)[O-])cc1O,30
39282,Cl.NNc1cccc(Cl)c1,30
39284,NC(=O)c1ccccc1F,21
39287,Cc1cc(C(C)(C)c2ccc(O)c(C)c2)ccc1O,42
39288,COc1cc(Br)c(Br)cc1OC,21
39289,CC(C)(C)c1csc(N)n1,71
39294,OCc1ccc(-c2ccccc2)cc1,30
39295,COc1ccc(N)cc1Cl,36
39296,O=C(O)c1cc[n+]([O-])cc1,41
39315,Cc1ccc[n+]([O-])c1C,71
39316,O=C(O)c1cccc(C(=O)O)c1C(=O)O,49
39322,Fc1ccc(I)cc1F,30
39359,Cl.OC[C@@H]1C[C@@H](O)CN1,86
39366,O=S(=O)(Cl)c1ccc(Br)cc1,30
39367,O=C(O)c1cc(-c2ccccc2)nc2ccccc12,32
39368,O=Cc1ccc([N+](=O)[O-])o1,41
39369,O=Cc1c(F)cccc1Cl,26
39370,Cc1ccc(C(C)C)c(O)c1,30
39372,O=c1[nH]c(=O)c2nc[nH]c2[nH]1,26
39373,NN=C(c1ccccc1)c1ccccc1,30
39376,O=[N+]([O-])c1cc[n+]([O-])cc1,30
39379,Oc1ccc(Cl)cc1Cc1ccccc1,21
39380,O=Nc1ccc2ccccc2c1O,59
39381,O=C(O)c1ccccc1N=Nc1ccc(O)cc1,46
39384,Cc1cc(C)nc(NS(=O)(=O)c2ccc(N)cc2)n1,26
39385,NNC(=O)c1cc(Cl)ccc1Cl,21
39386,Cn1cnc2c1c(=O)[nH]c(=O)n2C,30
39387,COc1ccc(OC)c(NC(=O)CC(C)=O)c1,61
39388,CC(C)(C)c1ccc(O)c(N)c1,30
39389,BrCCOc1ccccc1,30
39390,CC(C)(C)c1cc(C=O)cc(C(C)(C)C)c1O,30
39394,N#Cc1cccc(C(F)F)c1,49
39411,CCOC(=O)[C@@H]1CCCN1.Cl,60
39420,COC(=O)c1cc(C)ccc1F,65
39423,FC(F)(F)c1cc(Cl)cc(Br)c1,30
39441,C=COC(=O)C(C)(C)C,26
39450,COC(=O)c1ccc(Br)cc1OC,66
39456,O=C(O)Cc1ccc(F)cc1Br,36
39464,O=C(O)c1cccc(Cl)c1,30
39466,O=C(O)C1(c2ccc(Cl)cc2)CCCC1,42
39467,CC(C)c1cc(C(=O)O)c(O)c(C(C)C)c1,30
39468,CC(=NO)C(C)=NO,41
39469,Cc1c(Br)cccc1[N+](=O)[O-],89
39471,FC(F)(F)c1ccc(C(F)(F)F)cc1,30
39476,CCOC(=O)CCNCc1ccccc1.Cl,23
39492,Fc1cccc(F)c1Br,41
39493,NCCCCCCCCCCC(=O)O,30
39552,Cl.NCc1ccc(Cl)cc1F,94
39602,S=C=Nc1ccc(Oc2ccccc2)cc1,82
39607,Nc1nc(-c2ccccc2)cs1,42
39609,Sc1nnc(-c2ccccc2)o1,95
39611,ON=Cc1cccs1,56
39612,NNC(=O)COc1ccc(F)cc1,47
39614,CN(C)Cc1ncccc1O,84
39615,O=C(O)c1ccc[nH]1,39
39617,NC(=O)c1ccccc1,26
39619,ON=Cc1ccc(F)cc1,53
39620,ON=C1CCCCC1,30
39622,CS(N)(=O)=O,30
39623,COc1ccc(C#N)cc1OC,55
39624,Sc1c(Cl)cccc1Cl,30
39625,O=[N+]([O-])c1ccc2cn[nH]c2c1,30
39627,Nc1cc(C(=O)O)cc(C(=O)O)c1,30
39628,Cc1cc(=O)[nH]c(=O)[nH]1,30
39640,O=C(Cl)c1c(F)c(F)c(F)c(F)c1F,30
39650,O=C(O)c1c(F)ccc(F)c1F,61
39652,CCOC1(O[Si](C)(C)C)CC1,94
39676,Cc1ccc(CO)c(C)c1,79
39693,CCSc1cccc(Br)c1,79
39701,O=[N+]([O-])c1ncccc1O,30
39702,O=S(=O)(Cl)c1c(Cl)cccc1Cl,46
39703,CC(N)=CC#N,26
39704,CC(Cl)C(N)=O,42
39705,O=[N+]([O-])c1cc(Br)c(O)c(Br)c1,30
39706,Cn1c(N)cc(=O)n(C)c1=O,30
39707,N#Cc1ccc(Cl)cc1,30
39709,N#Cc1c(Cl)cccc1Cl,26
39710,O=Cc1ccc2c(c1)OCCO2,51
39711,Nc1nnc(S)s1,30
39712,CC(=O)c1ccc(O)cc1,30
39713,CC(=O)c1cccc(N)c1,30
39714,O=Cc1cccc([N+](=O)[O-])c1,30
39715,O=[N+]([O-])c1cccnc1Cl,30
39716,Cl.ClCCNCCCl,30
39717,NC(CS)C(=O)O,26
39718,O=C(O)c1ccccc1Br,30
39719,O=C1OC(=O)c2c1cccc2[N+](=O)[O-],30
39720,COc1cccc(C(=O)O)c1,30
39721,N#Cc1ccccc1Cl,30
39722,O=Cc1c(Cl)cccc1Cl,26
39723,O=C(CBr)c1ccc([N+](=O)[O-])cc1,26
39724,O=C1CCCCC1=O,53
39725,COc1cc(N)cc(OC)c1OC,33
39726,[O-][n+]1ccccc1S,26
39727,CCN(CC)c1ccc(N)cc1.O=S(=O)(O)O,26
39728,Oc1ccc(Cl)cc1,30
39729,OCC#CCO,30
39730,Oc1ccc(F)cc1,26
39731,O=S(=O)(Cl)c1ccc2ccccc2c1,30
39734,COc1cc(Cl)ccc1[N+](=O)[O-],48
39806,Oc1cccc2ccccc12,30
39807,Brc1ccc(Br)cc1,30
39808,Nc1ccc([N+](=O)[O-])cc1O,30
39809,CCCCCCCCCCCCCCCCCCCl,26
39810,O=C(O)c1cnccn1,30
39811,CC(=O)Nc1ccc(S(=O)(=O)Cl)cc1,30
39812,O=C(O)CCSCCC(=O)O,26
39813,CCCCCCCCCCCCCCCO,93
39814,NC(=O)C1CCNCC1,30
39815,Clc1ncccn1,30
39816,OC(c1ccc(Cl)cc1)c1ccc(Cl)cc1,30
39817,Cc1cc(Cl)ccc1O,31
39818,O=Cc1ccc[nH]1,46
39819,Nc1ccc(Nc2ccccc2)cc1,21
39820,Clc1ccc2c(c1)Nc1ccccc1S2,30
39821,CC(=O)CC(=O)OCC(C)C,40
39822,O=c1cc(CO)occ1O,38
39823,COC(=O)Cc1ccc(O)cc1,30
39824,Cc1nc2cc(Cl)ccc2o1,30
39825,COC(=O)c1sccc1N,30
39826,Oc1c(Cl)cccc1Cl,30
39827,N#CC1=C(C#N)C(=O)C(Cl)=C(Cl)C1=O,30
39828,Brc1ccc2[nH]ccc2c1,30
39829,OCc1ccc(O)cc1,30
39830,CCNc1cc(O)ccc1C,43
39832,CSc1ccc(O)cc1,35
39833,C=CCn1c(=O)[nH]c(=O)n(CC=C)c1=O,38
39834,CCOC(=O)c1cc(C(=O)O)cc([N+](=O)[O-])c1,41
39836,N#CC(N)=C(N)C#N,26
39837,CCCCCCCC(=O)OCC,30
39838,SC1CCCCC1,31
39849,Cc1cc(Br)cc(Cl)c1N,59
39859,C1CN(C2COC2)CCN1,60
39868,NCC(c1ccccc1)c1ccccc1,61
39876,CCOC(=O)c1ccc(F)c([N+](=O)[O-])c1,36
39883,CCOc1ccccc1CO,47
39898,CNCC(=O)OC,36
39915,Nc1ccc2scnc2c1,72
39958,O=C(c1ccccc1)N1CCNCC1,51
39995,COC(=O)c1ccc(N)c(Cl)c1,58
40014,NC1CCCCC1,26
40015,O=c1[nH]ccc2ccccc12,95
40016,Cc1ccc(N)c(C)c1,21
40017,CCNCCO,30
40019,Nc1nnc(N)[nH]1,30
40025,CNCc1ccccc1[N+](=O)[O-],97
40031,CC(C)(N)CC(=O)O,30
40033,NCc1ccc(O)cc1,58
40070,NC1CCSC1=O,30
40072,Nc1ccc(Cl)c(N)c1,50
40078,COc1ccccc1OCCN,49
40085,NCCc1ccc(C(F)(F)F)cc1,90
40087,CNC(=O)CN,71
40106,O.O=C(O)c1ccc(O)cc1Cl,72
40155,CCN(c1ccc(N)cc1)C(C)C,97
40157,Nc1cc(Cl)ccc1Oc1ccc(Cl)cc1,58
40214,Clc1ccc(Cl)c(I)c1,30
40229,NC1CCOCC1,69
40260,Cl.OC1(c2ccccc2)CCNCC1,81
40275,COC(=O)[C@@H](N)Cc1c[nH]c2ccccc12.Cl,30
40283,Nc1cccnc1O,81
40314,CCOC(=O)[C@@H]1CCCN1,64
40365,CC(C)(C)OC(=O)N1CCOCC1,55
40387,Cl.NNC(=O)c1cccs1,22
40396,CC(C)(C)OC(=O)[C@@H](N)Cc1ccccc1,39
40398,C[C@@H](N)CCO,31
40441,N#CC1(N)CC1,71
40498,NCCc1cnc[nH]1,26
40505,CC1(C(=O)O)CCCCC1,68
40545,Nc1cccc(N)c1,26
40547,CN(C)c1ccc(N)cc1,26
40551,CNCCc1ccccn1,44
40552,Oc1ccccc1N1CCNCC1,44
40554,OC1CCCNC1,30
40555,Clc1ccccc1N1CCNCC1,30
40588,O=C(c1ccco1)N1CCNCC1,38
40589,CC(N)C12CC3CC(CC(C3)C1)C2,29
40590,CNCC(=O)O,26
40593,CC(=O)Nc1cccc(N)c1,32
40612,O=C(O)c1c(Cl)cccc1I,81
40639,CNCc1cccc2ccccc12,31
40651,COC(=O)c1ccc(C)c(N)c1,26
40683,Nc1ncc(Cl)cc1O,48
40694,COC(=O)C(N)CC(C)C,33
40698,NC(=O)C1CCCCN1,71
40704,CNCC#N,30
40707,NC(=O)C1(N)CCCC1,78
40737,COC(=O)c1scc(C)c1N,30
40739,O=C(O)c1cc(Cl)cc(C(F)(F)F)c1,96
40753,Nc1cccc(B(O)O)c1,40
40760,Nc1ccc(C(=O)O)cc1OC(F)(F)F,93
40829,CC(N)C(=O)OC(C)(C)C,46
40832,CC(C)(C)C(=O)CN,73
40848,CC(C)[C@H](N)C(=O)OCc1ccccc1,34
40852,NC(Cc1ccc([N+](=O)[O-])cc1)C(=O)O,39
40856,COC[C@H](C)N,90
40859,Cc1cc(Br)ccn1,45
40861,COC(=O)c1ccc(N)c(OC)c1,60
40947,Cc1ccc(OC(F)(F)F)cc1,66
40952,CC(=O)c1ccc(O)cc1C,69
40980,C[C@H]1CC[C@H](N)CC1,33
40998,Cc1ccc(CCN)cc1,26
41007,CCc1cc(Br)ccc1N,28
41017,COc1ccc(CNCc2ccc(OC)cc2)cc1,59
41021,C=CCNC(=O)OC(C)(C)C,45
41065,Fc1cc(CBr)ccc1Cl,30
41071,Nc1cc(Br)ccn1,35
41072,Fc1ccc(I)cc1,30
41106,Nc1nc(N)c(N)c(O)n1.O=S(=O)(O)O,30
41108,Cc1cnc(Cl)c(Br)c1,45
41109,Cc1cccc(Cl)c1[N+](=O)[O-],66
41111,CC[Si](CC)(CC)OS(=O)(=O)C(F)(F)F,26
41135,Fc1cc(Br)cc(Br)c1I,95
41196,Cl.O=C(O)[C@H]1CCCNC1,79
41197,Fc1ccc(Cl)c(CBr)c1,81
41219,O=C1CCc2cc(O)ccc21,73
41223,CC(=O)c1ccc(N)c(F)c1,88
41232,O=C1CCC(N2C(=O)c3ccccc3C2=O)CC1,76
41331,CC(=O)Cc1ccccc1F,96
41345,BrCCCCCCCCCBr,30
41351,COc1cc(C)ccc1C(=O)O,98
41352,CCOC(=O)C1CCN(C(=O)OC(C)(C)C)CC1,30
41358,Cc1ccsc1Cl,31
41361,COc1cc(N)ccc1F,65
41362,CCOC(OCC)N(C)C,21
41396,Cl.N=C(N)Nc1ccc(C(=O)O)cc1,38
41401,Fc1cccc(F)c1CBr,30
41404,CC(C)(O)C(=O)NN,32
41547,CCOC(=O)CC(=O)c1ccc(OC)cc1,34
41548,CCOC(=O)C=C(N)C(F)(F)F,26
41562,CC(=O)c1nccnc1C,43
41572,O=C(O)c1ccc(C(F)(F)F)c(F)c1,64
41573,CC(=O)c1c(O)cccc1O,30
41578,O=Cc1ccc(Cl)cc1F,35
41588,CC(C)(C)OC(=O)N1CCCC[C@@H]1CO,99
41604,Cc1cc(F)ccc1Cl,30
41608,O=C1CCc2ccc(O)cc2N1,30
41626,Cn1nccc1B1OC(C)(C)C(C)(C)O1,46
41641,O=CNNC=O,31
41642,CC1C(=O)OC(C)(C)OC1=O,83
41649,COC(=O)C(C)(C)CO,30
41654,C[C@H]1CNCCN1C(=O)OC(C)(C)C,90
41678,COC(=O)c1ccc2[nH]ccc2c1,54
41687,N[C@H]1CCCC[C@@H]1O,61
41693,Cl.N=C(N)c1cccc(Br)c1,88
41700,CCOC(=O)C1CCCCC1,29
41714,CC(C(=O)O)c1ccc(CBr)cc1,26
41724,Cc1cc(Br)cnc1F,45
41725,Clc1cnc(Br)c(Br)c1,30
41751,Cc1cc(O)ccn1,67
41752,Cc1ccc(F)cc1O,35
41754,Clc1ccc2cccnc2c1,60
41764,C=CC(C)O,38
41771,Nc1cc(Br)c(F)cc1F,49
41772,Clc1sccc1Br,55
41806,COc1ccc([N+](=O)[O-])c(OC)c1,48
41817,CC(C)(C)OC(=O)N1CCC(CBr)CC1,62
41857,CC(=O)Nc1ccc(F)cc1F,35
41874,Fc1cc(Cl)ccc1CBr,35
41942,Fc1c(Cl)cccc1CBr,45
41982,Fc1ccc(Cl)cc1CBr,69
42061,CNCc1cc(OC)c(OC)c(OC)c1,85
42064,N#CCc1ccc(F)c(F)c1,46
42066,C[C@@H](O)C(=O)O,24
42068,CCCC(C)O,30
42078,COC(=O)c1cccc(N)n1,25
42080,CCOC(=O)c1c[nH]c2c(F)cccc2c1=O,54
42118,COc1ccc2[nH]c(C(=O)O)cc2c1,78
42142,CCOC(=O)c1ccc(Cl)nc1Cl,39
42201,c1ccc(-c2cc(-c3ccccc3)cc(-c3ccccc3)c2)cc1,45
42228,CCc1nc(C)ccc1O,31
42267,CCOC(=O)CC(C)N.Cl,77
42273,CCOC(=O)c1ccncc1,21
42313,c1ccc2cnncc2c1,80
42317,Fc1ccc(F)c(F)c1,30
42364,Cc1csc(C(C)C)n1,26
42447,NNC(=O)c1ccc(C(F)(F)F)cc1,68
42475,C[C@@H](O)C(=O)[O-].[Li+],27
42476,C=CCCCCCC,30
42478,CC(C)(C)OC(=O)NCCCCCC(=O)O,41
42492,Cc1cnc(CO)c(C)c1[N+](=O)[O-],74
42494,Clc1cnc(Cl)c(Br)c1,45
42495,COc1ccnc(CCl)c1OC.Cl,55
42509,CC(C)CC[P+](c1ccccc1)(c1ccccc1)c1ccccc1.[Br-],21
42585,O=C(OCc1ccccc1)ON1C(=O)CCC1=O,30
42600,CC1=C(O)C(=O)C(C)O1,41
42610,CCC(Br)C(=O)OC(C)(C)C,61
42621,Cc1cc(Br)cc([N+](=O)[O-])c1,48
42623,Brc1cccc2ccncc12,83
42627,Cc1cc(Br)ccc1C#N,45
42628,CN1N=CCC1=O,75
42633,SCc1ccccc1Cl,36
42637,COC(=O)c1ccc(I)cc1,30
42674,CCC(C)CC(=O)O,46
42676,CS(=O)(=O)Nc1cccc([N+](=O)[O-])c1,94
42682,Cc1ccc(F)c(C)c1,72
42685,COc1nccnc1C,30
42691,CCOC(=O)CC,30
42698,COC(=O)c1cccc(I)c1,26
42721,CC1=NCCC1,56
42738,O[C@H]1CCOC1,39
42744,Cc1cccc(Br)c1F,38
42753,OCc1cccc(CO)c1,71
42765,CCCCOC(=O)OCCCC,24
42823,Oc1ccc(F)cn1,86
42830,C[C@H](NC(=O)OCC1c2ccccc2-c2ccccc21)C(=O)O,30
42831,CC(C)n1ccnc1,30
42833,CC(C)(C)OC(=O)N1CC(I)C1,59
42835,Brc1ccc2cnccc2c1,55
42838,O=C(O)c1c(F)cccc1C(F)(F)F,37
42841,Cc1cncc(C)n1,30
42842,CCCC(C)CO,73
42867,Brc1ccc(OCc2ccccc2)cc1,30
42880,CCCCB(O)O,45
42915,O=C(c1ccccc1)c1ccc(Br)cc1,26
42920,Cc1cccc(Cl)c1C(=O)O,73
42922,Nc1ncns1,93
42924,CC(C)(C)OC(=O)n1cccc1B(O)O,65
42927,Cc1cc(O)cc(C)c1Br,30
42928,O=S(=O)([O-])c1ccc(O)cc1.[Na+],21
42929,CC1(C)C=CC(=O)CC1,73
42934,c1ccc(COc2ccc3cc[nH]c3c2)cc1,63
42938,FC(F)(F)Oc1cc(Br)cc(Br)c1,36
42944,CCCCC[P+](c1ccccc1)(c1ccccc1)c1ccccc1.[Br-],30
42947,O=C(O)C1Cc2ccccc2C1,87
42952,Brc1cccnc1I,95
42954,Cc1cc(O)c2ccccc2n1,63
42955,COC(C)(C)CCO,26
42958,COc1ccc(C#N)cc1Br,60
43001,COc1cc2nccc(O)c2cc1OC,58
43040,O=C1NC(=O)c2cc(Br)ccc21,49
43052,CC1(C)COC(=O)C1O,30
43205,O=C(O)c1c(F)c(F)c(C(=O)O)c(F)c1F,36
43219,Cl.NNc1cc(Cl)cc(Cl)c1,45
43233,CCOC(=O)c1cccc(I)c1,30
43234,COC(=O)[C@]1(C)CCCN1.Cl,81
43239,COc1cccc2c1CCC(=O)C2,85
43313,Nc1ccc(Br)cc1OC(F)(F)F,30
43327,CC(C)Cc1ccc([C@H](C)C(=O)O)cc1,33
43396,O=[N+]([O-])c1cc(Cl)ccc1F,36
43417,NC(=O)C(F)F,61
43460,Fc1ccccc1CBr,26
43461,CC(C)(C)C(=O)CBr,81
43462,COC(=O)c1ccc(C(F)(F)F)cc1,26
43468,Nc1ccccc1S(=O)(=O)O,26
43470,Fc1cc(OC(F)(F)F)ccc1Br,45
43471,CC#CC(=O)O,86
43585,C[C@H](N)c1ccc(Br)cc1.Cl,48
43621,Cc1cc(F)c(Br)cc1[N+](=O)[O-],55
43628,COC(=O)CS(C)(=O)=O,45
43644,CC(C)(C)c1ccc(C#N)cc1,35
43645,CC(C)(C)OC(=O)CCC(=O)O,69
43651,NCCCCCCCCCCN,26
43828,Cc1ccc(Br)c(F)c1,30
43835,Cc1nc(F)ccc1Br,46
43836,O=Cc1ccc(Br)c(Cl)c1,53
43841,Nc1cc(Cl)c(F)c(Cl)c1,51
43863,COc1cc(C)ccn1,63
43867,N#CCCCBr,40
43937,CC1=C(O)C(=O)CO1,45
43961,CN(C)c1ccc(O)cc1,73
43963,COc1cccc(C)c1C,49
44025,Cc1cnc(O)c(Br)c1,44
44065,CC(C)OC(OC(C)C)OC(C)C,96
44114,CCOCC(C)O,52
44120,Cl.ClCc1cccnc1,30
44149,COC(=O)C1CCC(=O)CC1,60
44152,Cc1ccc(C(=O)O)c(Cl)c1,54
44178,CCOC(=O)CC[C@H](N)C(=O)O,35
44208,Nc1cc(C(=O)O)ccc1O,38
44216,C#C[Si](CC)(CC)CC,81
44287,O=c1oc(=O)c2ccccc2c2ccccc12,59
44294,CC(CC(=O)O)CC(=O)O,25
44295,COc1ccc([N+](=O)[O-])c(N)c1,40
44303,O=C(O)c1cccnc1F,35
44369,CC(C)(C)OC(=O)N1CCC[C@H](O)C1,36
44372,Clc1cccc(Br)n1,76
44581,OCc1ccc(N2CCOCC2)cc1,76
44589,Oc1cc(Cl)c(Br)cc1Cl,33
44648,OCCn1ccnc1,58
44658,NNC(=O)c1ccccc1F,28
44661,Cc1ccc(Br)cc1O,45
44669,CC(C)(O)c1ccccc1,30
44672,OCCN1CCCCCC1,35
44694,Cl.NNC(=O)OCc1ccccc1,26
44705,Cc1ccc(O)cc1F,80
44714,COC(=O)c1ccc(F)c(Br)c1,91
44755,Cc1ccc(Br)cc1F,30
44778,Clc1cccc(CBr)c1Cl,66
44865,C[Si](C)(Cl)CC[Si](C)(C)Cl,45
44953,O=C(O)Cc1ccc(Cl)c(F)c1,79
44962,COC(=O)[C@H]1C[C@@H](O)CN1C(=O)OC(C)(C)C,38
45006,O=[N+]([O-])c1ccccc1Oc1ccccc1,24
45035,Cc1c(Cl)cccc1C(=O)O,30
45039,OB(O)c1cccc(Cl)c1Cl,69
45075,CC(C)Cc1ccccn1,85
45077,O=C1CCCc2ccc([N+](=O)[O-])cc21,96
45083,O=C(O)c1cc(O)ccc1[N+](=O)[O-],56
45086,CC(C)(C)OC(=O)NCCOCCO,60
45094,CC(O)c1ccc(C(F)(F)F)cc1,76
45098,C=CCCCCCBr,49
45128,Oc1cc(Br)cc(F)c1F,26
45138,O=[N+]([O-])c1cccc(I)c1,30
45162,Cc1c(Cl)cccc1N=C=O,96
45219,COc1cc(C(C)(C)C)c(O)c(C(C)(C)C)c1,41
45225,Cc1nc(Cl)ccc1N,45
45241,CN(C)c1cccc2c(S(=O)(=O)Cl)cccc12,93
45249,O=C(O)c1cc(C(=O)O)cc(C(=O)O)c1,30
45252,N#CC=P(c1ccccc1)(c1ccccc1)c1ccccc1,89
45253,OCc1ccc(B(O)O)cc1,44
45258,COC(=O)c1ccc(N)cc1O,26
45277,OCC1CCC(CO)CC1,30
45279,COc1cc(N)ccc1Cl,83
45280,COC(=O)C1CCN(Cc2ccccc2)C1,58
45288,C#Cc1ccccc1F,63
45295,COc1ccc(Cl)cc1S(=O)(=O)Cl,39
45300,Cl.N#CCCN,94
45305,O=[N+]([O-])c1ccc(Cl)cc1Nc1ccccc1,63
45311,Fc1cc(F)c(I)c(Br)c1,38
45313,COC(=O)c1c(F)ccc([N+](=O)[O-])c1F,58
45342,O=[N+]([O-])c1cc(Cl)c(F)c(Cl)c1,30
45347,O=C(OI(OC(=O)C(F)(F)F)c1ccccc1)C(F)(F)F,30
45361,Cc1cccc(F)c1F,48
45429,c1ccc(P(c2ccccc2)c2ccccc2Oc2ccccc2P(c2ccccc2)c2ccccc2)cc1,40
45480,Cc1c(Br)cccc1C#N,75
45516,O=C(O)[C@H]1CCCN1C(=O)OCc1ccccc1,30
45519,O=CC1CCN(C(=O)OCc2ccccc2)CC1,83
45524,Brc1nc(Br)c(Br)[nH]1,30
45526,CCC(CC)CO,35
45528,OB(O)c1cncnc1,58
45536,O[C@@H]1CO[C@H]2[C@@H]1OC[C@@H]2O,26
45600,Cl.N=C(N)Cl,58
45608,CC(C)(C)OC(=O)NN1C(=O)c2ccccc2C1=O,95
45611,Cc1ccc2[nH]c(S)nc2c1,29
45644,SCCCCS,45
45646,COc1ccc(B(O)O)c(C)c1,66
45672,On1nnc2cccnc21,81
45703,CN(C)C(=N)N,40
45705,O=C(O)c1cccc(Br)c1F,48
45706,Oc1ncccc1Br,50
45907,OCCCOCc1ccccc1,65
45931,COC(=O)c1ccc(C(=O)OC)nc1,41
45932,O=Cc1ccc([N+](=O)[O-])cc1[N+](=O)[O-],36
45938,COC=C(C(=O)OC)C(=O)OC,26
45939,CC(=O)c1c(F)c(F)c(F)c(F)c1F,42
45947,COc1cccc(C(=O)O)c1[N+](=O)[O-],75
45950,Cc1ccc2cccnc2c1,74
45957,Cn1c(N)c(N)c(=O)[nH]c1=O.O=S(=O)(O)O,30
45967,Cc1ccc(B2OC(C)(C)C(C)(C)O2)o1,56
45988,Cc1ccc(N)cc1C.Cl,26
46112,O=[N+]([O-])c1cnc(Cl)nc1,66
46144,CC(C)N(C(C)C)P(OCc1ccccc1)OCc1ccccc1,83
46145,COC(=O)C1CCCCN1C(=O)OC(C)(C)C,34
46156,O=C(Cl)c1c(Cl)cccc1Cl,59
46265,Cc1ccc2ccc3ccc(C)nc3c2n1,73
46295,CC(=O)c1ccc(Br)cn1.Cl,95
46307,C=Cc1ccc(F)cc1,48
46320,FC1(F)CCNCC1,87
46324,COC(=O)C1CCCN(C(=O)OC(C)(C)C)C1,30
46327,COC(=O)C1CCCC1,65
46333,COc1ccccc1NN.Cl,51
46346,OCCCCCO,30
46361,COC(=O)c1ccc(Cl)s1,81
46386,COC(=O)CNC(=O)CN.Cl,71
46408,Clc1nccc2[nH]ncc12,95
46413,COC(=O)c1ccc2cc[nH]c2c1,46
46465,O=C(O)c1cc(F)c(Br)cc1Cl,60
46490,OB(O)c1cc(C(F)(F)F)ccc1F,53
46532,COc1cccc(OCC(=O)O)c1,70
46536,COC(=O)[C@H]1CC[C@H](C(=O)O)CC1,21
46544,CC(O)CCl,31
46545,O=C(Cl)c1cccc(CCl)c1,54
46550,O=Cc1c(F)cccc1Br,49
46553,Cc1ccc(C)c(Cl)c1,31
46555,O=C(O)C1NCCS1,21
46557,O=S(=O)(Cl)c1ccc(CBr)cc1,40
46561,NC(=O)c1cccc(Br)c1,29
46597,N=C(N)c1ccc(Br)cc1,56
46628,CCc1cc(O)nc(N)n1,62
46629,O=C[C@H](O)[C@H](O)[C@H](O)CO,30
46634,Nc1ccc(OC(F)(F)F)c(Br)c1,49
46635,CN(C)c1ccc(C(=C2C=CC(=[N+](C)C)C=C2)c2ccc(N(C)C)cc2)cc1.[Cl-],21
46638,COc1cc2c(cc1OC)C(=O)CC2,30
46640,O=C(O)CCSCc1ccccc1,54
46645,Oc1ccc(O)c(Cl)c1,30
46663,Cc1ccc(Br)cc1Cl,30
46676,CCCCNS(=O)(=O)c1ccc(C)c(Br)c1,30
46682,COc1ccc2[nH]cc(CC#N)c2c1,89
46716,CC1(C)OB(c2ccc(Cl)s2)OC1(C)C,74
46824,CC(=O)N1CCNC1=O,71
46834,O=C(O)c1ccc(Cl)nn1,70
46855,CC(C)(C)OC(=O)[C@H]1CCC(=O)N1,83
46871,CC(=O)Nc1ccc(Br)cc1C(F)(F)F,89
46885,c1cnn(C2CCCCO2)c1,44
46918,O=C1OC(=O)c2cnccc21,59
46920,O=C(O)Cc1ccc(OCc2ccccc2)cc1,21
46986,COC(=O)C1CCOCC1,45
46987,COc1cccc2c1CCCC2=O,58
47000,COC(=O)C(Cl)CCl,35
47004,Oc1cc(F)ccc1Cl,41
47010,C=C1CN(C(=O)OC(C)(C)C)C1,89
47018,Cc1cc(N)c(Cl)cc1F,79
47026,Cc1nc(Br)ccc1Br,49
47033,CC(C)(C)OC(=O)Nc1ccccn1,42
47049,COC(=O)[C@H](C)NC(=O)OC(C)(C)C,29
47071,COC(=O)c1ccc(C)c(Br)c1,31
47074,O=C(Cl)c1ccc(F)cc1,26
47078,Cc1c(Cl)cccc1I,30
47081,Brc1ccncc1Br,48
47126,O=S(=O)(O)c1cccc2cnccc12,21
47159,COCC(C)N.Cl,44
47197,CCN(CC)CC(=O)O,92
47313,COC(=O)c1ccc(C(C)(C)C)cc1,21
47400,COCC(C)N,47
47403,COc1ccccc1C(=O)Cl,96
47407,COc1ccc(Br)c(CBr)c1,58
47438,CNCCC(Oc1ccc(C(F)(F)F)cc1)c1ccccc1.Cl,45
47581,COc1ccccc1C(N)=O,44
47584,Cc1[nH]c(=O)[nH]c(=O)c1[N+](=O)[O-],46
47597,CC(C)(C)OC(=O)[C@@H]1CCC(=O)N1,48
47617,O=C(O)CCCCCCBr,90
47648,FC(F)(F)c1ccc(I)cc1,30
47661,CCOC(=O)C(CC)(CC)C(=O)OCC,30
47808,CON(C)C(=O)c1ccc(F)cc1,45
47816,O=C(O)c1cnc(Br)s1,64
47829,CS(=O)(=O)c1ccc(CCl)cc1,55
47852,Cc1cc(C)c(Br)c(C)c1,26
47862,CC(C)(C)c1ccnc(-c2cc(C(C)(C)C)ccn2)c1,91
47886,Cc1cccc(C)c1[N+](=O)[O-],30
47887,O=Cc1c(Br)cncc1Br,90
47889,COc1cccnc1Cl,78
47891,Brc1ccccc1I,30
47895,Oc1ccc(O)c(O)c1,40
47910,O=Cc1c(F)ccc(Br)c1F,86
47912,Nc1ncc(Br)cc1Br,30
47947,CCOC(=O)C(C)(F)F,83
47974,CCCCC(C)C(=O)O,50
48003,Brc1cnc(Br)c(Br)c1,61
48005,O=C(OCc1ccccc1)N1CCC(CO)CC1,36
48009,CC1(O)CSC(C)(O)CS1,41
48012,FC(F)(F)c1cnc(Br)c(Cl)c1,74
48023,O=C(Cl)c1ccc(Cl)nc1,49
48049,O=Cc1cn(CC(=O)O)c2ccccc12,75
48097,O=C(Cl)C1CCCCC1,26
48108,COC(=N)C(Cl)(Cl)Cl,66
48109,N#CCN1CCCCC1,44
48138,Nc1ccc2nccnc2c1Br,58
48153,FC(F)(F)c1cc(Br)cc(C(F)(F)F)c1,30
48205,C1CCNNC1.Cl.Cl,76
48206,CNC(=N)SC.I,38
48211,CCn1cc[n+](C)c1.[Br-],29
48244,Cc1c(C(=O)[O-])cc([N+](=O)[O-])cc1[N+](=O)[O-].[K+],30
48254,CC(C)(C)OC[C@@H](NC(=O)OCC1c2ccccc2-c2ccccc21)C(=O)O,69
48290,N#Cc1cc(F)c(F)cc1Br,83
48317,Cl.Cl.Nc1ccc(N2CCCCC2)cc1,52
48395,Fc1ccc(I)c(F)c1,30
48437,COCCCCBr,46
48446,Cc1ccn(C)n1,36
48447,O=c1[nH]c(=O)c2sccc2[nH]1,96
48453,Cc1ccc(C=O)s1,30
48456,Nc1nc2c(ncn2[C@@H]2O[C@H](CO)[C@@H](O)[C@H]2O)c(=O)[nH]1,28
48513,N[C@H](CO)c1ccccc1,30
48516,CN(C)C(OC(C)(C)C)N(C)C,59
48517,Brc1csc(Br)c1,90
48519,ON=C(Br)Br,64
48543,CC(C)OB(OC(C)C)OC(C)C,30
48544,C[C@@H](N)CO,29
48545,CCOC(=O)CCC(=O)CCC(=O)OCC,36
48616,COc1ccc(C=O)cc1F,49
48618,CC(C)(C)OC[C@H](N)C(=O)O,50
48619,COC(=O)C(F)C(=O)OC,69
48628,Cc1ccc(B2OC(C)(C)C(C)(C)O2)cc1,36
48633,O=S(=O)(Cl)c1cccc(Cl)c1,44
48650,Cl.FC(F)(F)c1ccnc(Br)c1,99
48674,COc1ccccc1CC(C)=O,88
48685,O=C(N[C@@H](C(=O)O)c1ccccc1)c1cc([N+](=O)[O-])cc([N+](=O)[O-])c1,68
48748,Cl.NCc1nccnc1Cl,67
48752,CC[C@H](C)[C@H](NC(C)=O)C(=O)O,30
48767,CCOC(C)=NC#N,26
48770,C[C@H]1CNCCN1,26
48773,Cc1cnn(C)c1,30
48776,O=c1[nH]cc(C(F)(F)F)c(=O)[nH]1,65
48834,CNc1ccccc1,30
48838,CSc1cccc(N)c1,44
48843,CCOC(=O)c1cnc(N)nc1O,93
48850,COC(=O)C1CC=CC1,48
48856,CCCCCCCCCC(=O)O,21
48860,CCOC(=O)C(CC)C(C)=O,35
48861,FC(F)(F)c1ccccc1CBr,30
48870,Nc1ccc(N2CCCCC2)cc1,57
48884,COC(=O)c1ccc2cn[nH]c2c1,41
48900,N#Cc1ccc(N)cc1Br,66
48903,O=Cc1cccc(I)c1,96
48967,NNc1ccc(S(=O)(=O)O)cc1.NNc1ccc(S(=O)(=O)O)cc1.O=S(=O)(O)O,21
48979,COC(=O)c1ccc(C(F)(F)F)cn1,99
48982,COc1ccc(Cl)cc1N=C=O,77
48991,Cl.NNc1ccc(S(=O)(=O)O)cc1,21
49001,O=C(O)C1=C[C@@H](O)[C@@H](O)[C@H](O)C1,30
49017,FC(F)(F)c1cccc(Br)n1,48
49019,O=C(O)c1cc(Br)cc(I)c1,58
49022,NC(Cc1ccc(Cl)cc1)C(=O)O,36
49026,CC(C)(C)OC(=O)N1CC[C@@H](O)C1,36
49033,COc1ccc(C(=O)O)cc1F,30
49039,CC(C)(C)OC(=O)N1CC=CCC1,31
49042,COc1ccc(Br)c(F)c1,41
49045,CC(=O)Nc1ccccc1C,41
49064,NCCc1cccc(Cl)c1,34
49070,CS(=O)(=O)c1ccc(F)c([N+](=O)[O-])c1,36
49080,CON(C)C(=O)CNC(=O)OC(C)(C)C,48
49089,O.O=P(O)(O)C(O)(Cn1ccnc1)P(=O)(O)O,86
49122,Oc1ccc(SC(F)(F)F)cc1,50
49164,C[C@@H](OC(C)(C)C)[C@H](N)C(=O)O,44
49169,O=[N+]([O-])c1c(Cl)ccnc1Cl,30
49175,COCCOCC(OC)OC,31
49181,COc1ccc(N)c(C(=O)O)c1.Cl,27
49202,[O-][n+]1cccc2cc[nH]c21,48
49214,O=C1[N-]S(=O)(=O)c2cc([N+](=O)[O-])ccc21.[NH4+],21
49236,O=Cc1ccccc1OC(F)F,66
49237,O=Cc1ccc(OC(F)F)cc1,65
49238,NN(Cc1ccccc1)c1ccccc1,55
49251,O=C(O)C(Br)(Br)Br,40
49321,Cc1c(Cl)ccc([N+](=O)[O-])c1Cl,25
49333,N[C@H](C(=O)O)c1ccc(O)cc1,36
49340,Cc1cc(C)c(C=O)c(C)c1,39
49377,Clc1cc(Br)cnc1Br,89
49406,O=C(Cl)OC1CCCC1,68
49411,CO[Si](CCCN)(OC)OC,26
49446,CCSC,29
49571,Cn1c(=O)[nH]c(=O)c2[nH]cnc21,39
49573,C[C@@H](O)C(N)=O,70
49613,CCOC(=O)c1cnc2ccccc2c1O,74
49620,Cl.Cl.N[C@@H]1CCCNC1,45
49640,COC(=O)c1ccc(OCc2ccccc2)cc1,41
49644,O=C(O)COc1ccc(CO)cc1,45
49687,N#CN=C1NCCS1,35
49692,Cl.NC1CCC(=O)CC1,95
49723,CC1(C)OB(c2ccc([N+](=O)[O-])cc2)OC1(C)C,61
49732,Nc1cnn(CCO)c1N.O=S(=O)(O)O,48
49734,CCO[Si](C)(OCC)OCC,30
49751,C[C@@H]1CNCCN1.Cl.Cl,36
49763,N#CCS(=O)(=O)c1ccccc1,31
49774,N#Cc1ccc2ccccc2c1,53
49778,C=CCCCCO,76
49830,COC(=O)CC(C)CC(=O)O,49
49831,N#Cc1cc(O)cc(F)c1,60
49846,Fc1cc(Cl)cc(Cl)c1,41
49851,C#CC(C)(O)CC,26
49921,Brc1n[nH]nc1Br,58
49928,CCOC(=O)C1CCC(=O)C=C1C,58
49932,Clc1ccc(CBr)cc1,30
49933,COc1cc(Br)ccc1O,44
49938,Cc1noc(C)c1I,26
49984,Nc1nc2c(ncn2[C@@H]2O[C@H](CO)[C@@H](O)[C@H]2O)c(=O)[nH]1.O,28
49987,OC[C@@H](O)[C@@H](O)[C@H](O)[C@H](O)CO,26
50001,C=Cc1ccc(S(=O)(=O)[O-])cc1.[Na+],30
50006,CCSCC,51
50023,Nc1n[nH]cc1Br,73
50028,CCOC(=O)c1csc(C)n1,75
50105,NC(=O)c1cc(Br)ccc1O,45
50161,O[C@H](CCCl)c1ccccc1,89
50187,Cc1ccnc(NS(=O)(=O)c2ccc(N)cc2)n1,47
50188,CC(=O)c1cccc(N)c1O,30
50216,N=C(N)NC(=N)N1CCOCC1,63
50299,Cl.Fc1ccc2c(C3CCNCC3)noc2c1,21
50326,CC(C)(C)c1cc(O)c(C(C)(C)C)cc1O,30
50350,N[C@@H](c1ccccc1)[C@H](O)c1ccccc1,68
50365,CCOC(=O)C=C1CCCCC1,50
50387,NC12CC3CC(C1)CC(O)(C3)C2,33
50406,NC(=O)N1C(=O)C=CC1=O,46
50419,O=C1OC2C(O)C3CC1C2C3,55
50536,COc1ccc(C(C)=O)cc1O,58
50550,CNS(=O)(=O)c1ccc(O)c(N)c1,80
50558,CC(C)[C@@H](N)C(N)=O.Cl,90
50595,CCN(CC)[Si](C)(C)C,31
50596,CC(=O)c1c(O)cc(O)cc1O.O,35
50616,Clc1ccc(I)cn1,38
50639,Cl.N=C(N)NC(=N)N1CCOCC1,60
50652,O=C1NCC[C@@H]1O,69
50664,CC(O)CC(C)(C)O,30
50665,O=Cc1cc(Br)cc(Br)c1,55
50668,N#Cc1cc(O)cc(Cl)c1,85
50671,O=[N+]([O-])c1c(O)ccnc1O,30
50673,CCOC(=O)c1c(C)csc1N,83
50692,O=C(c1ccc(F)cc1)C(F)(F)F,28
50693,N[C@@H]1CCCNC1,49
50699,Cl.NNC1CCCCC1,63
50700,Cl.Cl.NNC1CCCCC1,60
50706,CS(=O)(=O)c1ccc(CO)cc1,44
50713,CCOP(=O)(CC(=O)OC)OCC,30
50715,O=[N+]([O-])c1c[nH]c2ncc(Br)cc12,90
50730,CC(C)(C)[S@@](N)=O,36
50740,O=C1Cc2cc(Cl)ccc2N1,33
50743,FC(F)(F)Oc1ccc(Cl)c(Br)c1,25
50801,CCOC(=O)c1csc(N)n1,38
50805,CSc1ncc(Br)c(C(=O)O)n1,23
50807,O=C(O)c1cc(O)ccc1F,83
50811,N#CC1(C(=O)O)CC1,75
50821,CC[SiH2]CC,85
50822,C=CCOCCO,35
50845,N#Cc1cc(N)ccc1Br,88
50850,O=C(O)c1cccc(F)c1Br,86
50874,O=C([O-])C1Cc2ccccc2C1.[Na+],74
50875,CC(=O)Oc1ccccc1C(=O)Nc1ncc([N+](=O)[O-])s1,21
50921,C[N+](C)(C)C.O=[N+]([O-])[O-],26
50922,Cl.Cl.O=C(O)[C@H]1CNCCN1,80
51005,COC(=O)c1ccc(N)c(I)c1,63
51042,CC(C)(C)S(N)(=O)=O,46
51075,CCOC(=O)c1cn(C)nc1C(F)F,74
51103,CCC(N)C(N)=O.Cl,21
51159,Clc1ccc(Br)c(CBr)c1,46
51200,COc1ccc(N)c(C(F)(F)F)c1.Cl,45
51230,Nc1cc(N2CCCCC2)nc(N)[n+]1[O-].O=S(=O)(O)O,27
51331,C[C@H]1[C@H](N)C(=O)N1S(=O)(=O)O,53
51337,C1=CCCC=C1,64
51339,CC(=O)Cc1ccc(O)cc1,56
51340,CSCCl,54
51346,Cc1ccc2c(c1)no[n+]2[O-],89
51350,CCOC(=O)CC1CCN(C(=O)OC(C)(C)C)CC1,66
51365,O=C1NC(=O)C2C3C=CC(C3)C12,21
51383,O=C(O)c1ncccc1Cl,79
51393,Cl.N[C@@H](CS)C(=O)O,30
51446,Cc1ccc(O)cc1C(=O)O,80
51452,NNc1cccc(Cl)n1,35
51453,COC(=O)c1ccc(C(=O)O)cc1N,33
51454,Nc1ccc(Oc2ccc(Cl)cc2)cc1,46
51455,O=S1(=O)C=CCO1,76
51456,Fc1cc(Br)ccc1Cl,30
51458,O=C1OC(=O)C2=C1CCCC2,30
51462,OCc1ccc(Br)cc1,30
51463,Cc1cc(Cl)cnc1N,44
51468,CCOC(=O)c1csc(N)n1.Cl,35
51509,O=C1O[C@H]([C@@H](O)CO)C([O-])=C1O.[Na+],30
51511,N#C[N-]C#N.[Na+],30
51518,Cc1cccnc1F,30
51519,O=C(O)C(C(=O)O)c1ccccc1,30
51527,O=Cc1cc(C(F)(F)F)ccc1Br,69
51529,CCOc1cccc(B(O)O)c1,80
51531,C[Si](C)(C)C#CCCO,95
51533,COc1ccc(F)cc1C=O,55
51534,Cn1c(=O)cc(Cl)[nH]c1=O,30
51550,CC(=O)c1c(F)cccc1Cl,76
51577,O=C1OC(=O)c2c(F)cccc21,75
51579,Nc1cc(F)cc(F)c1F,98
51587,O=c1c([N+](=O)[O-])c[nH]c2ccccc12,48
51590,OCCc1cccc(F)c1,73
51594,O=C(Cl)c1ccccc1C(=O)Cl,26
51599,Nc1c(C(=O)O)cccc1C(=O)O,75
51602,CC(CO)[N+](=O)[O-],53
51612,COC(=O)[C@@H]1C[C@@H](O)CN1C(=O)OC(C)(C)C,26
51620,Cc1nc(O)ccc1[N+](=O)[O-],61
51623,O=C(O)c1ccnc(C(F)(F)F)c1,76
51629,CCc1ccc([N+](=O)[O-])cc1N,48
51639,Nc1cc(Cl)c(F)cc1[N+](=O)[O-],96
51692,CC1=CCC(C(C)C)=CC1,30
51705,O=C(Cl)Cc1cccc(F)c1,84
51707,OB(O)B(O)O,76
51708,CC1CC(=O)CC(=O)C1,55
51715,O=[N+]([O-])c1cc(O)ccc1Cl,48
51725,C[Si](C)(C)OB(O[Si](C)(C)C)O[Si](C)(C)C,34
51829,COC(=O)c1ccc(OC)c(Cl)c1,55
51855,O=C1C=C(Cl)C(=O)C(Cl)=C1,53
51872,COC(=O)[C@@H]1C[C@@H](O)CN1C(=O)OCc1ccccc1,30
51939,CC(C)(C)[S@](N)=O,30
51969,OCCc1ccccc1Br,46
51970,CC(C)(C)OC(=O)Nc1cccc(F)c1,81
52003,COc1ccc(F)c(C=O)c1,78
52009,COc1ccc([N+](=O)[O-])c(F)c1,44
52021,Cc1ccc(S(=O)(=O)F)cc1,34
52023,COC(=O)c1ccc(I)c(O)c1,63
52116,Cc1nccn1-c1ccc(N)cc1,68
52186,O=C(O)c1cccc(OC(F)(F)C(F)F)c1,55
52197,COC(=O)c1cc(C)sc1N,45
52331,O=[N+]([O-])c1ccc(S(=O)(=O)F)cc1,67
52426,C1CSCCO1,21
52428,Nc1c(Br)cc(F)cc1C(=O)O,86
52486,Cc1ccc([N+](=O)[O-])cc1S(N)(=O)=O,31
52489,O=S(=O)(Cl)c1ccc(F)c(F)c1,21
52490,CCNC(=O)CCl,78
52495,CNCc1cccc(F)c1,75
52499,CCn1cncn1,68
52562,COc1cccc(F)n1,71
52578,Cc1ccccc1N=C=O,30
52631,CCOc1ccc(Br)cc1C=O,37
52633,c1ccc2[nH]c(-c3ccncc3)nc2c1,79
52635,CCOC(=O)c1sc(N)c(C(=O)OCC)c1C,35
52636,Brc1ccc2[nH]cnc2c1,80
52700,FCCn1cccn1,78
52726,CCCC[Sn](CCCC)(CCCC)O[Sn](CCCC)(CCCC)CCCC,31
52748,Oc1cc(C(F)(F)F)nn1-c1ccccc1,86
52783,Nc1cc(Cl)ccc1OC(F)(F)F,30
52798,CC(C)CCCC(=O)O,47
52839,Cc1cccc2sc(NN)nc12,21
53053,CS(=O)(=O)Cc1ccccc1Br,88
53070,CCNC(C)(C)C,91
53111,CCCC[N+](CCCC)(CCCC)CCCC.F[P-](F)(F)(F)(F)F,21
53156,CCCCCCCCCCCCc1ccc(S(=O)(=O)O)cc1,26
53176,Cc1cc(S(=O)(=O)Cl)c(Cl)cc1Cl,85
53182,CC(C)N(C(C)C)P(OCCC#N)N(C(C)C)C(C)C,55
53185,Brc1cnc2ccnn2c1,72
53187,FC(F)(F)c1cc(Br)ccc1Cl,30
53217,O=C(O)c1cc(Br)ccn1,63
53230,Cc1csc(C(=O)O)c1,76
53235,CC(F)(F)C(=O)O,99
53236,Cc1c[nH]c(=S)[nH]c1=O,38
53320,c1ccc2c(N3CCNCC3)nsc2c1,44
53321,Cl.NCC(=O)c1ccc(Br)cc1,55
53323,CCOC(=O)c1ccc2nc(N)sc2c1,68
53337,COc1ccc(F)c(Cl)c1,44
53467,Cc1nnc(C(=O)[O-])o1.[K+],48
53554,COC(=O)C(C)(C)F,49
53669,CC1CN(c2ccccc2)N=C1O,69
53857,Cc1ccccc1Oc1ccc(N)cc1,74
54060,Cc1n[nH]c(C)c1I,35
54184,O=C(O)CNC(=O)c1ccc([N+](=O)[O-])cc1,80
54297,CCOC(=O)c1cc(C)nn1C,43
54742,O=[N+]([O-])c1cccc(OC(F)F)c1,60
54776,COc1ccc(Cl)cc1I,31
54789,COC(=O)C[C@@H](N)C(=O)O.Cl,90
54897,Nc1cc(Cl)cnc1Cl,60
54914,Cc1ccc(C(O)c2ccccc2)cc1,53
54921,Cc1nc2ccccc2nc1C,69
54923,CCOc1c(OCC)c(=O)c1=O,39
54950,Cc1noc(C)c1CCl,46
54951,Cc1c(C(=O)O)oc2ccccc12,46
54960,O=S(=O)(Cl)c1cc(F)ccc1F,36
54968,Cc1ccc(S(=O)(=O)Cl)cc1[N+](=O)[O-],58
54973,COc1cc(CC(=O)O)ccc1O,38
54999,O=[N+]([O-])c1ccc(F)cc1Cl,61
55015,CCOC(=O)C(=O)C(C)C(=O)OCC,55
55018,N#Cc1ccc([N+](=O)[O-])cc1C#N,30
55021,Nc1ccc(CN2CCCCC2)cc1,55
55028,O=C(O)c1c(Cl)cc(Cl)cc1Cl,66
55029,N#CCC(=O)c1ccc(Cl)c(Cl)c1,94
55035,N#CCS(=O)(=O)c1ccc(Br)cc1,66
55041,C=CC(=O)N(C)C,26
55053,CC(C)c1cc(C(C)C)c(S(=O)(=O)Cl)c(C(C)C)c1,33
55080,O=C(CCl)N1CCOCC1,44
55092,COc1ccc(C(=O)NN)cc1OC,21
55093,NNc1nc2ccccc2s1,70
55099,Cc1cc(C)nc(S)n1.Cl,26
55115,O=C(O)c1ccccc1CBr,73
55119,CCOc1ccc(N=C=O)cc1,49
55121,COC(=O)c1ccc(CCl)o1,98
55126,O=S(=O)(Cl)Cc1ccc(Cl)cc1,99
55169,CCOC(=O)C1CCN(Cc2ccccc2)CC1,21
55182,O=C1NC2NC(=O)NC2N1,30
55186,CC(=O)CN1C(=O)c2ccccc2C1=O,53
55187,Clc1ccc2nc(Cl)sc2c1,53
55241,Cc1cccc(Br)c1[N+](=O)[O-],84
55655,Fc1ccc2nc(Cl)sc2c1,81
55683,OCCc1c(Cl)cccc1Cl,88
55724,COc1cc(Br)c(C(=O)O)cc1OC,50
55725,C1CCC([PH+](C2CCCCC2)C2CCCCC2)CC1.F[B-](F)(F)F,31
55728,CC(C)OC(=O)[C@@H](N)Cc1ccc(O)cc1.Cl,57
55778,N.O=C(O)C1=CC(=C(c2ccc(O)c(C(=O)O)c2)c2ccc(O)c(C(=O)O)c2)C=CC1=O,30
55859,O=C(O)c1ccccc1C(=O)c1ccc(O)cc1,30
56156,CCCn1ccnc1,30
56157,Oc1cc(Br)c(O)cc1Br,52
56165,Nc1ccc2c(c1)CCCC2=O,83
56172,Nc1cc(Cl)ccn1,39
56175,Nc1ccc(CCC(=O)O)cc1,95
56185,Clc1nsnc1N1CCOCC1,63
56199,O=C(O)c1ccc(O)cn1,63
56205,Cc1ccc2[nH]cnc2c1,50
56208,O=C(O)c1ccc2cc(C(=O)O)ccc2c1,38
56217,CCCCCCCCCCCCc1ccc(S(=O)(=O)[O-])cc1.[Na+],26
56230,CCOC(=O)c1c(O)cc(C)nc1O,21
56304,CCn1c(C)nc2cc(Cl)c(Cl)cc21,85
56316,Nc1ccc(N2CCOCC2)cc1,49
56318,O=C(O)CCS(=O)(=O)c1ccccc1,66
56339,Brc1cnn(Cc2ccccc2)c1,91
56390,Clc1nccnc1Cl,30
56391,COC(=O)CC(=O)OC,26
56392,COCCC(=O)OC,31
56399,Oc1nncc2ccccc12,30
56401,N#CCNCc1ccccc1,65
56427,OC1CCC1,75
56438,O=Cc1ccc(OCc2cccc(F)c2)cc1,46
56467,O=C1COCCO1,48
56468,OC(c1ccccc1)c1ccc(Br)cc1,49
56472,O=C(O)CCc1ccc(Cl)c(Cl)c1,90
56482,Cl.O=C(O)CNCc1ccccc1,30
56492,CC(C)=NO,26
56493,O=[N+]([O-])c1c(Cl)ncnc1Cl,30
56521,N#Cc1cccc(Cl)c1F,46
56551,O=C1OCC(F)O1,31
56562,Brc1cccc2cnccc12,41
56566,OCC1CCCC1,50
56579,CCCCOS(=O)(=O)c1ccc(C)cc1,21
56586,C[Si](C)(C)CCO,45
56587,Nc1c(F)cccc1C(=O)O,75
56609,Cc1cccc(C(=O)O)n1,69
56614,O=S(=O)(Cl)c1ccc(-c2ccccc2)cc1,83
56615,Cc1ccc2cccc(N)c2n1,78
56621,CC(C)(C)OC(=O)N1CCCC(=O)C1,30
56624,NS(=O)(=O)c1ccccc1Br,85
56634,Cl.Cl.N[C@@H]1CCCC[C@@H]1N,46
56644,CC(O)CCC(C)O,40
56645,Brc1ccnc2ccccc12,60
56655,CCN(Cc1ccccc1)c1ccccc1,26
56668,O=C1CCOc2ccc(F)cc21,65
56670,CC(=O)OCC(=O)O,75
56671,Nc1ccc2nccnc2c1,49
56674,COc1cc(F)ccc1N,84
56678,O=[N+]([O-])c1cc(Br)cnc1O,45
56684,NNc1ccc(C(=O)O)cn1,90
56709,N#Cc1ccc(O)c([N+](=O)[O-])c1,38
56711,CCOC=C(C(C)=O)C(=O)OCC,60
56753,Cc1cccc2cc[nH]c12,49
56768,O=C(O)CSc1nc2ccccc2[nH]1,92
56831,Cl.N=C(N)c1nccs1,63
56874,Cl.NCc1cccc2ccccc12,90
56899,Cc1csc(NC(=O)OC(C)(C)C)c1,70
56942,CCc1ccc(S(=O)(=O)Cl)cc1,64
56944,N#Cc1cn[nH]c1N,30
56945,O=C1CCC1,39
56966,CC1=CC[C@@H]2C[C@H]1C2(C)C,26
56989,Oc1cccc2[nH]c3ccccc3c12,35
57006,Cc1ccc(O)cc1Br,48
57013,Cl.NCCOc1ccccc1,54
57025,CC(C)OCCCN.Cl,26
57034,Cc1ccc2[nH]ccc2c1,65
57075,FC(F)=C(F)CCBr,81
57078,N[C@@H]1CCCC[C@@H]1N,51
57083,Oc1ccc(Cl)cn1,30
57085,C#CCCl,26
57091,Oc1ccc(Cl)c(Br)c1,90
57097,O=[N+]([O-])c1ccc(F)c([N+](=O)[O-])c1,30
57099,NS(=O)(=O)c1ccc([N+](=O)[O-])cc1,46
57101,CNC(=O)c1cccc(N)c1,94
57138,Oc1cncc(Br)c1,46
57183,CCOC(=O)C(=O)CC,89
57189,[C-]#[N+]CC(=O)OCC,94
57197,Brc1ccc(N2CCNCC2)nc1.Cl.Cl,68
57283,COC(=O)c1ccc2[nH]ncc2c1,49
57299,Cc1cccc(B(O)O)c1C,50
57302,COC(=O)c1ccccc1C(=O)OC,30
57303,N#Cc1ccc(CO)cc1,78
57312,O=C(CBr)c1ccc(Cl)c(Cl)c1,26
57315,N#CCc1ccccc1[N+](=O)[O-],21
57319,NC(=S)Nc1ccccc1C(F)(F)F,39
57374,O=S(=O)(Cl)c1ccccc1F,35
57378,COc1ccc2c(O)ccnc2c1,75
57399,Nc1nc2ccc(Br)cc2s1,55
57400,COC(=O)c1cc(OC)c(OC)c(OC)c1N,96
57413,OCc1cc(F)c(Cl)nc1Cl,52
57418,C=CCOc1ccccc1F,78
57455,N#Cc1cccc(I)c1,48
57457,CC(C)(C)c1ccc(S(=O)(=O)Cl)cc1,26
57546,COC(=O)C(Br)c1ccccc1,56
57559,Cc1ccnc(Cl)c1[N+](=O)[O-],26
57563,Oc1ncncc1F,31
57625,O=C(O)CCNC(=O)OCc1ccccc1,30
57626,Cn1[nH]nnc1=S,50
57634,CCOC(=O)c1ccc(OC)c(OC)c1,61
57641,O=C(O)C(F)(F)Br,61
57645,OCc1ccc(F)cc1Br,26
57646,CC(=O)c1ccc(C(=O)O)cc1,33
57647,Cc1cc(C)cc(NN)c1.Cl,44
57678,COC(=O)C(N)Cc1ccc(O)cc1.Cl,28
57679,COc1ccc(C(C)=O)c2ccccc12,43
57696,Cc1ccc(NN)cc1.Cl,30
57703,O=c1[nH]c(=O)n([C@H]2C[C@H](O)[C@@H](CO)O2)cc1F,74
57735,Cn1cc(C=O)cn1,75
57737,COc1ccccc1S,35
57741,COc1ccc(C(C)O)cc1,21
57742,COc1ccccc1NC(N)=S,93
57749,CC1=CCC2C(C1)C2(C)C,46
57771,Cc1cnc(O)c([N+](=O)[O-])c1,31
57780,CC(=O)c1cc(Cl)cc(Cl)c1,41
57784,O=C1Cc2ccccc2CO1,30
57810,CC(Br)c1ccc(F)cc1,54
57851,CS(=O)(=O)c1nc(Cl)cc(Cl)n1,45
57856,Cc1nnn[nH]1,46
57874,O=C(C=P(c1ccccc1)(c1ccccc1)c1ccccc1)OCc1ccccc1,68
57877,CCOC(=O)OC(C)Cl,26
57892,Fc1cc(Cl)ccc1Br,30
57896,CCCC(O)CC,46
57908,CC(C)Oc1cccc(Br)c1,45
57912,O=C(O)c1cc(Br)cc([N+](=O)[O-])c1,54
57930,Cc1cc(O)ccc1Br,30
57945,Cc1cc([N+](=O)[O-])c(Cl)cc1F,66
57990,CSc1ccc(Cl)c(C(=O)O)c1,65
57991,Cc1ccc(Br)c([N+](=O)[O-])c1,30
58015,Cl.NC1CCC(F)(F)CC1,87
58025,O=C(O)c1cc(Br)cc(Br)c1,30
58026,Fc1ccc(F)c(F)c1F,54
58030,Cc1cnc(Cl)cc1N,70
58047,COc1ccc(Cl)c(C)c1,53
58077,OCc1cccc(Br)c1,26
58106,Cc1cccc([N+](=O)[O-])c1Br,46
58109,CC(S)C(C)S,48
58114,CN(C)c1ccc(O)cc1.Cl,69
58129,Nc1nccc(C(F)(F)F)n1,44
58135,C[C@@H](N)CCO.Cl,29
58140,O=C(O)c1cc(C(=O)O)cc([N+](=O)[O-])c1,26
58145,O=C(O)COc1ccc(Cl)cc1,30
58146,CCCCc1ccccc1,26
58149,NNC(=O)CCCCC(=O)NN,21
58150,C[Si](C)(CCl)c1ccccc1,55
58159,CCSCCS,85
58173,Cl.NNC(=O)c1ccccc1F,26
58176,Cc1cccc(C#N)c1F,39
58177,CS(=O)(=O)c1ccccc1,33
58199,Cc1ccc(C(=O)c2ccccc2)c(C)c1,36
58201,COc1ccc(C=O)c(OC)c1OC,30
58202,BrCc1ccccc1CBr,26
58203,O=Cc1c(O)ccc2ccccc12,30
58205,C=CN1CCCCCC1=O,26
58206,OCc1ccncc1,33
58213,Cc1ccccc1CO,29
58219,CCOc1ccc(CO)cc1,33
58225,COc1ccc(O)cc1,30
58229,O=C1OCc2ccccc21,30
58245,CC(CBr)C(=O)O,86
58247,O=CC=P(c1ccccc1)(c1ccccc1)c1ccccc1,48
58264,O=c1[nH]cc(Cl)c(=O)[nH]1,30
58268,Nc1cc(=O)[nH][nH]1,21
58269,C[C@H](CO)NC(=O)OC(C)(C)C,35
58278,Cc1noc(C)c1C(=O)O,63
58285,O=C(O)CCc1ccccc1,30
58286,COc1cc(C#N)cc(OC)c1OC,53
58287,Nc1ccccn1,26
58292,CCc1cccc(CC)c1N,26
58365,CN(C)C#N,64
58366,O=C(O)c1c(F)c(F)cc(F)c1F,49
58382,c1ccc(CCNCc2ccccc2)cc1,73
58392,O=C(O)c1cc(F)ccc1Cl,36
58430,COCCCBr,34
58452,CCc1ccc(NN)cc1.Cl,52
58480,Br.Cc1nn(C)cc1Br,96
58484,CC(C)Oc1cccc(N)c1.Cl,21
58505,C=CCON.Cl,88
58645,OC(c1ccccc1)C1CC1,53
58656,CCC(C)(C)c1ccc(O)cc1,30
58661,CCCCc1cc2ccccc2o1,81
58669,CCCN1CCC(=O)CC1,44
58731,NCCc1c[nH]c2ccccc12,30
58732,CC(C)(C)SSC(C)(C)C,26
58738,Cc1c(C(=O)O)cccc1[N+](=O)[O-],30
58774,COc1cccc(OC)c1-c1ccccc1P(C1CCCCC1)C1CCCCC1,21
58784,Cl.Nc1ccc2cc[nH]c2c1,89
58816,O=Cc1ccccc1C(=O)O,30
58817,Nc1cc(C(F)(F)F)ccc1C(F)(F)F,26
58818,FC(F)(F)c1ccc2c(c1)Nc1ccccc1S2,21
58821,C#CC(=O)OC,88
58823,COc1cc(F)cc(Br)c1,39
58832,CN(C)CCOCCN(C)C,30
58867,Clc1ccnc(Cl)n1,30
58876,O=C(O)c1ccc(F)c(F)c1,30
58924,C(CC1CCNCC1)CC1CCNCC1,29
58927,O=C(O)CSc1ccncc1,28
58937,CN(C)c1cccc2cccc(N(C)C)c12,30
58939,Cn1c(-c2ccccc2)cc2ccccc21,30
58970,Nn1cnnc1,30
58972,OC[C@H]1O[C@@H](n2cnc3c(Cl)ncnc32)[C@H](O)[C@@H]1O,41
58973,C1CNCCNC1,28
58975,NC(=O)c1c(F)cccc1Cl,26
58979,Cl.Nc1ccc([N+](=O)[O-])cc1,21
59007,O=C(C[C@H](NC(=O)OCC1c2ccccc2-c2ccccc21)C(=O)O)OCc1ccccc1,30
59022,O=C(CBr)c1ccc(-c2ccccc2)cc1,45
59030,CC(C)OCC1CO1,54
59053,OCn1nnc2ccccc21,36
59074,Oc1nc(O)nc(O)n1,26
59079,Cc1c(Cl)ncnc1Cl,61
59094,Cc1ccc(Cl)c(O)c1,29
59097,COc1ccc(O)c(C(C)=O)c1,88
59098,Nc1ccc(Br)c(C(F)(F)F)c1,30
59099,CC(C)(C)OC(=O)N[C@@H](CCC(=O)O)C(=O)O,30
59147,COC(=O)c1c(F)cccc1Br,60
59177,Nc1ncc(C(F)(F)F)cc1Cl,30
59182,CCCCCCCCCCCCCCCCC(=O)O,65
59186,Nc1ccc(C(=O)NCC(=O)O)cc1,53
59191,N#CC[C@@H](O)CCl,55
59192,COC(=O)c1c(C)csc1N,66
59202,CC(=O)c1cccc(O)c1,30
59204,O=C(N[O-])c1ccccc1.[K+],23
59206,COc1ccccc1N=C=O,56
59230,ClCC1OCCO1,30
59282,Nc1ccc(Cl)cc1C(=O)O,30
59283,COCCc1ccc(O)cc1,30
59284,Cc1ccc(C)c(S)c1,54
59286,Clc1ccc2ccccc2n1,46
59291,O=C(CC(=O)C(F)(F)F)c1ccc2ccccc2c1,21
59300,COc1ccc(CC(=O)c2ccc(OC)cc2)cc1,39
59317,Cn1nc(C2CC2)cc1N,89
59330,Fc1ccc(I)cc1Br,46
59343,O=[N+]([O-])c1ccccc1CCl,59
59344,Sc1ccc(Cl)cc1Cl,34
59349,O=C(O)c1ccc(I)cc1F,90
59362,Oc1c(I)cc(I)cc1I,41
59363,CCOC(=O)C1CCCCN1C(=O)OC(C)(C)C,46
59364,CCCCCI,26
59380,C=CC(=O)NC(C)(C)CC(C)=O,26
59421,CCc1ccc(NN)cc1,55
59427,Fc1ccc(CBr)c(Cl)c1,30
59442,c1cc2ccc3cccc4ccc(c1)c2c34,30
59455,O=C(O)c1ccc(Cl)c(Cl)c1,30
59476,NC(=O)c1nccnc1C(=O)O,36
59483,Nc1c(F)c(F)c(F)c(F)c1F,46
59489,Oc1ccc(F)cc1Br,30
59538,O=C(c1ccccc1)c1ccc(F)cc1,21
59553,CCN(C)C(=O)Cl,58
59560,COC(=O)C1CCNCC1,30
59561,Cc1cc(C)c(O)c(C)c1,26
59563,C1CCC2=NCCCN2CC1,30
59568,O=C(CBr)c1cccc(Br)c1,21
59571,COc1cc(OC)nc(N)n1,30
59575,Cc1cccnc1N,30
59582,O=C1C(Cl)=C(Cl)C(=O)C(Cl)=C1Cl,30
59585,O=C(O)c1cccc(C(=O)O)n1,30
59592,O=Cc1cc(Br)ccc1O,30
59599,COc1ccc([N+](=O)[O-])cc1OC,21
59605,COC(=O)c1ccc(Br)cc1N,48
59611,CC(C)(C)OC(=O)Nc1ccc(CO)cc1,70
59627,ClCCCI,39
59629,Nc1cc(Cl)ccc1O,30
59634,NC(CC(=O)O)C(=O)O,30
59637,Oc1ccc(-c2ccccc2)cc1,30
59643,Cc1ccc(N)nc1,30
59656,N=C(Nc1ccccc1)Nc1ccccc1,26
59658,Cc1nc(O)cc(O)n1,30
59681,Nc1ccc(F)cc1[N+](=O)[O-],30
59688,O=C(O)c1ccc(I)cc1,30
59691,CC(C)(Oc1ccc(Cl)cc1)C(=O)O,26
59697,N#Cc1ccncc1,30
59711,O=P(O)(c1ccccc1)c1ccccc1,30
59723,O=C(Cl)c1cccc(C(=O)Cl)c1,26
59727,O=S(=O)(F)[N-]S(=O)(=O)F.[K+],28
59738,OCC1CC=CCC1,26
59743,CN1Cc2ccccc2NC1=O,58
59751,COc1ccc(S(=O)(=O)Cl)cc1OC,25
59752,Cl.NNc1cc(C(F)(F)F)cc(C(F)(F)F)c1,21
59755,Cl.NOCC=CCl,70
59759,O=C(O)c1ccc(O)c(Cl)c1,46
59767,Oc1ccc(Br)cc1Br,26
59805,CC(C)(C)OC(=O)ON=C(C#N)c1ccccc1,65
59809,O=[N+]([O-])c1ccc(F)cc1O,30
59816,CCCCCCCCCCCCO,21
59821,Oc1cccc(C(F)(F)F)c1,30
59824,Cc1ccc([N+](=O)[O-])cc1,21
59825,O=C1CCC(=O)N1Br,30
59826,CC(O)CN,30
59844,Cc1ccc(CC(=O)O)cc1,30
59850,Nc1c(Br)cc(Br)cc1C(=O)O,43
59866,OCc1c[nH]c2ccccc12,33
59868,O=C(O)c1ccc([N+](=O)[O-])c(O)c1,30
59871,CCCCNCCO,26
59888,CC[C@@H](C(N)=O)N1CCCC1=O,23
59909,O=C(O)CC1CCCC1,71
59910,CCCCCCCCCC=O,30
59917,O=c1c2ccccc2oc2ccccc12,30
59920,Nc1ccccc1-c1ccccc1,49
59921,N[C@@H](Cc1ccccc1Cl)C(=O)O,94
59937,C=CCOc1ccc(C(=O)c2ccccc2)c(O)c1,21
59938,COc1cc(C(=O)O)ccc1C,40
59940,Nc1cc(F)ccc1C(=O)O,30
59954,Nc1cccc(Cl)c1F,30
60000,Nc1ccc(Cl)cc1C(F)(F)F,30
60005,O=Cc1ccccc1S(=O)(=O)[O-].[Na+],26
60025,NNC(=O)Nc1ccccc1,88
60030,Cc1cccc(S(=O)(=O)Cl)c1,50
60034,O=C(O)CCC(=O)c1ccc(Br)cc1,75
60038,O=c1[nH]cnc2ccccc12,30
60070,CC(C)C(=O)OCCl,58
60095,O=C(O)c1cc(Br)ccc1F,33
60100,S=C=Nc1cc(Cl)cc(Cl)c1,90
60111,C#CC1(O)CCCCC1,26
60118,Cc1c(N)c(=O)n(-c2ccccc2)n1C,30
60137,c1ccc2nsnc2c1,30
60139,Sc1nnc(S)s1,30
60155,Brc1cnc(I)nc1,45
60201,Cl.Nc1ccc(SC(F)(F)F)cc1,54
60206,O=C(O)c1ccc(OC(F)(F)F)cc1,39
60214,CC(C)(C)OC(=O)NC(=O)OC(C)(C)C,46
60233,CC(C)(C)OC(=O)N[C@H]1CC[C@H](O)CC1,30
60234,O=Cc1ccc(F)cc1C(F)(F)F,36
60255,COC(=O)c1cc[nH]n1,21
60259,CC(=O)Nc1ccc(C)c(C)c1,49
60277,CCSc1nnc(N)s1,70
60280,COC(=O)c1ccncc1,30
60295,CC(C)(C)OC(=O)N[C@@H]1CCCNC1.Cl,21
60296,Oc1ccc2ccccc2c1Br,30
60298,Nc1ncccn1,30
60300,N#Cc1cccc(C(=O)O)c1,36
60303,O=C(O)c1cccnc1Nc1cccc(C(F)(F)F)c1,21
60308,Nc1ccccc1[N+](=O)[O-],50
60314,CNC(N)=O,30
60339,Cl.NNc1ccc(C(F)(F)F)cc1,39
60377,CC(=O)N1CCN(c2ccc(O)cc2)CC1,30
60387,N#CC(C#N)=Cc1ccc(O)cc1,36
60393,N#Cc1ccc(S(=O)(=O)Cl)cc1,83
60402,C#CCBr,26
60408,C=CC1(C)CCC(C(C)(C)O)O1,71
60450,CC(=O)N[C@@H](CC(C)C)C(=O)O,30
60492,COc1cccc(NN)c1.Cl.Cl,21
60501,COc1ccc(OC)c(C(=O)O)c1,41
60502,Nc1ccccc1Nc1ccccc1,31
60522,CCOC(=O)C(N)C(C)C.Cl,61
60559,COC(=O)c1cncc(Br)c1,26
60564,O=S(=O)(NO)c1ccccc1,64
60572,CC[C@H]1CC[C@H](C(=O)O)CC1,41
60585,O=C(O)c1ccccc1Cl,30
60593,Brc1cccc(Br)n1,30
60599,CC(=O)NNC(=N)S,40
60600,Nc1nc(O)cc(O)n1,26
60644,Cc1cc(C)cc(F)c1,41
60653,CC(C)[C@H](N)CO,30
60654,O=C(Cl)C1CC1,26
60692,CCN(CC)CCNC(=O)c1cc(Cl)c(N)cc1OC,41
60694,CC(=O)CC(=O)C(F)(F)Cl,77
60749,Cc1ccc(S(=O)(=O)[O-])cc1.[Na+],21
60759,Nc1ccccc1O,30
60760,c1ccc2[nH]nnc2c1,30
60764,Oc1ccc(Br)cc1,30
60767,Ic1ccc(-c2ccccc2)cc1,26
60808,Br.Brc1c[nH]c2ncccc12,44
60832,O=[N+]([O-])c1ccc(OC(F)F)cc1,29
60908,O=Cc1ccc(O)cc1F,69
60912,Cc1cc(N)n(-c2ccccc2)n1,30
60913,Nc1cccc(OC(F)F)c1,60
60915,Oc1cc(O)c2ccccc2n1,41
60930,CSc1nnc(S)s1,89
60948,Nc1cc(Cl)cc(Cl)c1O,46
60949,Nc1cccc2c(S(=O)(=O)O)cccc12,26
60972,OCc1ccc(Sc2ccccc2)cc1,33
60995,Cc1cccc2sc(N)nc12,30
60996,c1ccc(-c2cc3ccccc3[nH]2)cc1,30
61073,CC(C)(C)OC(=O)N1CCCCC1,34
61089,N[C@@H]1CCCC[C@H]1N,41
61095,Cc1cc(C)cc(N(C)C)c1,46
61115,Fc1cc(F)c(Br)c(F)c1,31
61172,Cc1nc(Br)ccc1[N+](=O)[O-],48
61173,[Na+].[O-][n+]1ccccc1[S-],30
61178,c1ccc(CSSCc2ccccc2)cc1,30
61180,CCC(CC)(C(=O)O)C(=O)O,47
61181,O=C(O)CCCCCCCC(=O)O,30
61197,CSC(=N)N.CSC(=N)N.O=S(=O)(O)O,26
61220,CC1=CCC(C(C)(C)O)CC1,26
61260,CC(C)(O)CCC(C)(C)O,30
61266,Clc1cnc(Cl)c(Cl)c1,30
61326,Cc1cc(C#N)ccc1Br,63
61344,O=C(O)C1c2ccccc2-c2ccccc21,23
61403,N#CCC(=O)c1ccc(F)cc1,34
61404,CCOC(=O)C(C(=O)OCC)C(=O)OCC,49
61410,Cc1ccccc1NC(=N)NC(=N)N,45
61414,N#Cc1cccc(Oc2ccccc2)c1,89
61417,NC(=O)CBr,30
61433,COc1cc(OC)c(F)cc1N,49
61438,C=CCCC(C)=O,48
61487,Br.O=C(CBr)c1cccnc1,59
61532,CC(C)c1ccc(Br)cc1,30
61535,Nc1cc(F)c(F)cc1F,30
61536,Nc1cc(F)c(F)c(F)c1,30
61541,O=C(Cl)CCCCBr,45
61542,CCOC(=O)CCCCBr,30
61544,COc1ccc(B(O)O)cc1,30
61557,CC(C)(C)OC(=O)N1CC(C(=O)O)C1,48
61558,O=C(O)C1CNC1,48
61560,CCOC(=O)c1c[nH]c2c(F)c(F)c(F)cc2c1=O,21
61575,Cc1cccc(C)c1C(=O)O,45
61576,Oc1cncc(Cl)c1,50
61577,CC(Br)C(=O)OC(C)(C)C,96
61602,FC(F)(F)CI,39
61603,C=C[B-](F)(F)F.[K+],45
61617,COc1ccc(F)cc1F,26
61658,O=C(O)c1c(O)cccc1O,30
61662,O=C(O)[C@H]1C[C@@H](O)CN1,66
61684,CC(=O)Cc1ccccc1Cl,89
61692,O=c1cc(O)cc[nH]1,36
61696,CCN(C=O)CC,21
61699,Oc1cccc2[nH]ccc12,95
61702,ClCOCc1ccccc1,48
61703,O=Cc1nccs1,83
61712,O=c1cc[nH]cc1[N+](=O)[O-],30
61713,CC(=O)c1cnccn1,39
61715,Cc1cc(O)cc(O)c1,54
61716,O=C(O)Cc1ccccc1Br,30
61717,COc1ccc2c(c1)C(=O)CC2,45
61720,CC(C)(C)c1cc(N)no1,49
61741,NC(=O)c1ccc([N+](=O)[O-])cc1Cl,81
61745,O=C(O)c1cc(Cl)cc(Cl)c1Cl,39
61748,CSc1nc2ccccc2s1,26
61753,CCOCC(O)COCC,53
61769,Oc1ncc(C(F)(F)F)cc1Br,58
61772,COC(=O)c1ccc(N)c(Br)c1,46
61776,Cc1ccncc1C#N,54
61783,CC(C)(C)CCO,69
61795,Nc1cc(F)ccc1Cl,33
61803,Cc1cccnc1Br,30
61853,Cc1ccc(O)nc1,31
61862,N#Cc1ccc(F)cc1CBr,69
61926,N#Cc1nc[nH]c1C#N,30
61940,CC1=CCCCC1,41
61945,OCCCF,34
61993,CCOC(=O)C(CC)(CC)C(C)=O,43
62003,CCCCCCCCCCCCCC(=O)O,26
62005,OCc1ccccc1Br,30
62048,COc1cc(C(C)=O)cc(OC)c1O,55
62050,Cc1cc(N)nc(C)n1,94
62053,Cc1ccnn1C,50
62068,O=C(O)c1ccc(I)c(F)c1,59
62098,O=c1[nH]c2ccc(Br)cc2c(=O)o1,50
62112,Cc1cscc1Br,95
62114,OCCCCCCCO,58
62121,CC(CO)CO,30
62157,O=Cc1ccc(Cl)nc1Cl,69
62160,BrCCC1OCCCO1,45
62176,OC1CCOC1,33
62199,COc1cc(F)ccc1Br,26
62202,COc1ccc(F)cc1N,71
62227,Cc1cc(=O)c(C(=O)O)c[nH]1,26
62240,Cc1cnc(N)c(Br)c1,30
62280,Brc1ccc(I)cc1,30
62282,CC(C)(C)OC(=O)NC(=N)N,85
62283,COC(=O)c1ccc(C(C)=O)cc1,46
62297,COC(=O)c1ccccc1Br,30
62303,Nc1cccnn1,60
62312,Clc1cnc2[nH]ccc2c1,48
62322,O=[N+]([O-])c1ccc(O)c(O)c1,90
62324,Nc1ncc(Br)cn1,26
62327,O=C(O)c1ccccc1OC(F)(F)F,36
62329,Brc1cccnc1Br,46
62345,CC(C)=CBr,51
62347,O=C(O)[C@H]1CCCCN1,36
62350,COc1ccc(Br)c([N+](=O)[O-])c1,30
62351,Cn1[nH]c(=O)c(=O)[nH]c1=S,49
62352,N#Cc1ccc(N)cc1C(F)(F)F,30
62367,COc1ccc(C=O)c(Cl)c1OC,55
62381,Ic1c[nH]cn1,51
62384,O=[N+]([O-])c1ccc(Cl)c(Br)c1,30
62402,Clc1ncnc2[nH]ccc12,49
62417,O=S(=O)(Cl)c1cc(Cl)ccc1F,54
62420,OCc1ccc(Br)cc1F,34
62421,CC1CN(C)CCC1=O,26
62431,CCCC(OCC)(OCC)OCC,60
62435,Cn1cnc(S(=O)(=O)Cl)c1,65
62475,O=C(O)c1ccc([N+](=O)[O-])cc1O,56
62501,CC(C)=CCBr,38
62511,Cl.N=C(N)c1ncccn1,49
62515,NOC1CCCCO1,41
62539,O=C(OC(=O)C(F)F)C(F)F,45
62540,CC(C)(C)c1ccc(CN)cc1.Cl,73
62561,Cc1cc(C)cc(C#N)c1,40
62572,O=C(O)Cn1ccnc1,30
62578,O=C(O)Cc1cc(Br)ccc1Br,56
62582,O=C(O)C1(c2ccc(Cl)cc2)CCCCC1,52
62587,O=C(O)c1ccccc1NCc1ccccc1,21
62602,N#Cc1ccccc1N1CCNCC1,92
62643,Cc1ccc(I)cc1N,34
62648,COCC(OC)OC,76
62658,COc1cc(C(=O)O)ccc1[N+](=O)[O-],38
62675,Cc1cc([N+](=O)[O-])cnc1Cl,30
62726,CC1CCc2ccccc2N1,58
62732,O=C(O)c1cc(F)c(F)cc1[N+](=O)[O-],40
62749,O=[N+]([O-])c1ccc(F)c(F)c1F,30
62752,COC(=O)c1cnc[nH]1,61
62778,O=C(Cl)OCC1c2ccccc2-c2ccccc21,30
62785,Oc1cc(Br)ccc1Cl,48
62796,NC(CO)Cc1ccccc1,59
62827,CC(C)(C)ON=O,26
62853,Cc1ccnc(S)n1,31
62859,Cc1ccc(Cl)cc1[N+](=O)[O-],30
62862,Cc1ccc(C(=O)O)c(=O)[nH]1,60
62869,Cc1cccnc1C#N,30
62870,Fc1ccc2cc[nH]c2c1,45
62877,Cc1cccc(C(=O)O)c1I,49
62878,C[C@H]1COC(=O)O1,46
62884,CN(C)C(=O)N(C)C,26
62888,OB(O)c1cccc(CBr)c1,71
62900,O=C(O)CCCNC(=O)OCc1ccccc1,30
62902,O=C(O)CCc1ccc(O)cc1,30
62918,Clc1ccc(Cl)c(Br)c1,30
62976,O=C(O)Cc1ccccc1O,30
62977,Cc1ccc(O)c(N)c1,30
62980,Cl.NCCc1ccc(O)cc1,30
62990,Cc1ccncc1N,30
63031,N#Cc1cccnc1N,55
63045,CCOc1cccc(C(=O)O)c1,74
63056,NC(=S)Nc1ccc(C(F)(F)F)cc1,65
63073,O=C(Cl)Oc1ccc([N+](=O)[O-])cc1,30
63081,NN=Cc1ccccc1O,24
63091,CC(C)(C)OC(=O)N[C@H](CCC(N)=O)C(=O)O,85
63118,Nc1ccccc1SC(F)(F)F,64
63123,COc1cccc(CC#N)c1,30
63158,Cc1sc(N)nc1-c1ccccc1,48
63181,C[Si](C)(C)N=[N+]=[N-],48
63198,OCc1ccc(Cl)s1,64
63199,CCCc1ccc(C(=O)O)cc1,41
63203,O=Cc1cc(Cl)ccc1F,30
63241,Sc1nc(-c2ccccc2)c[nH]1,85
63284,O=C(C(Br)Br)C(F)(F)F,29
63295,Cn1cc(Br)cn1,30
63307,N#Cc1ccc(Br)cc1C(F)(F)F,94
63321,Oc1ccccc1C(F)(F)F,30
63349,CCCCCC(C)O,29
63353,NC(=O)c1cc([N+](=O)[O-])cc([N+](=O)[O-])c1,35
63375,BrCCC1OCCO1,45
63377,CC(O)c1ccccc1Cl,43
63396,Nc1cc(Br)ccc1F,30
63397,O=C(c1ccc(Br)cc1)C(F)(F)F,60
63408,BrCCOC1CCCCO1,78
63417,COCN(Cc1ccccc1)C[Si](C)(C)C,33
63468,N#CCc1cccnc1,95
63473,O=C1CC(C(=O)O)C1,45
63504,COC(=O)c1sccc1Br,60
63507,Oc1ccc2cccc(O)c2n1,46
63512,O=C(O)c1ccc(Cl)nc1Cl,44
63516,OCCCN1CCCCC1,89
63518,Cc1ncccc1O,66
63524,COc1ccc(Cl)c(N)c1,50
63527,N#Cc1cc(F)c(F)c(F)c1,26
63528,Cc1cc(C)cc(C=O)c1,74
63548,OCCc1ccc(Cl)cc1,30
63585,NCCCCC(=O)O,85
63587,Cc1ccc(S(=O)(=O)O)cc1.O,21
63590,O=C(O)c1c(F)ccc(Cl)c1F,80
63592,CC(C)NN.Cl,41
63609,ClCCSc1ccccc1,40
63628,NC(=O)CC[C@H](N)C(=O)O,30
63667,NC(=S)Nc1ccc(F)cc1F,47
63710,Cc1cccc(C#N)n1,45
63767,CC(C)(C)OC(=O)N1CCCCC1C(=O)O,30
63774,CS(=O)(=O)c1cccc(S(=O)(=O)Cl)c1,89
63775,COC(=O)c1ccc(Cl)cc1O,57
63779,Cc1cccc(CN)c1,56
63780,Cl.Cn1c(=NN)sc2ccccc21,74
63792,Cc1cccc(C#N)c1C,76
63793,CCOc1cccc(C=O)c1,55
63842,CC(C)OC(=O)[C@H](C)N,26
63869,S=C=Nc1c(Cl)cccc1Cl,65
63870,CC(C)(C)OC(=O)N1Cc2ccccc2C[C@@H]1C(=O)O,82
63872,O=C(O)c1cc(Cl)ccc1Br,30
63881,Cc1onc(-c2c(Cl)cccc2Cl)c1C(=O)O,77
63890,NNc1ncccc1Cl,36
63898,O=C(O)CCc1ccc([N+](=O)[O-])cc1,49
63907,Nc1ccc(F)cc1N,38
63960,N#CCc1ccc(OC(F)(F)F)cc1,25
63993,O=c1[nH]cnc2cc(F)c([N+](=O)[O-])cc12,29
64014,CC(c1ccc(O)cc1)c1ccc(O)cc1,79
64021,COC(=O)C(N)CO,30
64025,O=c1nc[nH]c2[nH]ncc12,26
64026,FC(F)(F)c1cnc(N2CCNCC2)c(Cl)c1,99
64056,CCOC(=O)C(=O)CC(C)=O,41
64059,O=C(O)COc1ccccc1Br,91
64072,C[C@H](N)C(N)=O,30
64116,CCOC(=O)CC(=O)CC(=O)OCC,30
64120,Cn1cc(N)cn1,36
64121,O=C(Cl)CCCCCl,36
64126,CC(Br)C(=O)Br,26
64166,OCc1ccncc1F,28
64238,O=C(c1ccccc1)C(Cl)c1ccccc1,25
64239,COc1cc(N)c(Cl)cc1C(=O)O,48
64240,Br.O=C(CBr)c1ccccn1,83
64242,Cc1ccc(I)cc1Br,71
64248,COc1cnc(Cl)nc1,64
64252,COc1ccc2c(c1)CCCC2=O,30
64260,CCCCCCCCCN,81
64288,O=C1OC(=O)c2c(Cl)c(Cl)c(Cl)c(Cl)c21,30
64290,FC(F)(F)Oc1cc(Br)ccc1I,49
64298,COc1ccc(N)c([N+](=O)[O-])c1,30
64300,CCOc1ncccc1C(=O)O,34
64304,Cc1cc(N)c(N)cc1Br,73
64346,Cc1cc(S(=O)(=O)Cl)c(F)cc1Br,76
64394,CC(C)(C)OC(=O)NOCc1ccccc1,84
64399,Brc1ccc(Br)c(I)c1,34
64403,Cc1cc(C)nc(S)n1,31
64418,N#Cc1ccc(F)c(N)c1,96
64448,O[C@@H]1CCCC[C@H]1O,38
64450,NC(=O)Cc1cccs1,55
64475,CS(=O)(=O)N1CCNCC1.Cl,56
64476,Nc1c(Cl)cc(C(F)(F)F)cc1Cl,26
64479,CC(C)(C)OC(=O)N1Cc2ccccc2C[C@H]1C(=O)O,29
64481,BrC1CCOCC1,90
64540,O=Cc1cccc(O)c1Br,90
64625,COC(=O)COc1ccccc1,26
64641,CC(C)[C@H](CO)NC(=O)OC(C)(C)C,43
64732,Clc1nc2ccc(Br)cc2s1,54
64746,O=C(O)CCCCCCCCCBr,30
64751,Oc1ccc(Br)c(C(F)(F)F)c1,65
64752,Oc1ccc(Br)c(Cl)c1,69
64755,NCC(F)F,66
64767,ClCC1(CCl)CC1(Br)Br,73
64773,COc1cc(F)cc(C=O)c1,81
64777,OC(Cn1ccnc1)c1ccc(Cl)cc1Cl,21
64778,Cc1ccc2cccc(O)c2n1,26
64780,C=CC1CC=CCC1,97
64795,O=C1OC(=O)[C@@H]2CCCC[C@H]12,30
64799,Cc1ccc(O)cc1Cl,58
64800,Cc1ccc(N)c(S(=O)(=O)O)c1,26
64824,O=C(O)CCCC(=O)O,30
64826,O=C(O)c1ccc(C(=O)O)cc1,30
64851,O=Cc1cc(F)cc(Br)c1,86
64874,COc1ccc(OC)c(C)c1,48
64875,BrC1CCCCCC1,79
64881,COC(=O)c1cc(Br)cc2[nH]ccc12,49
64897,Cl.N=C1CSC(N)=N1,81
64913,Nc1ccc(S(=O)(=O)Nc2ncccn2)cc1,30
64914,O=C(O)c1ccccc1C(=O)c1ccccc1,30
64916,N#Cc1ncc(C(F)(F)F)cc1Cl,64
64929,O=C(CCl)NCCc1c[nH]c2ccccc12,90
64930,CCC(C)S,26
64931,N[C@H](CCc1ccccc1)C(=O)O,53
64941,OC12CC3CC(CC(C3)C1)C2,21
64944,CNc1ccc(O)cc1,26
64951,COC(=O)C(N)Cc1ccccc1,30
64963,N#CC1CCCC1=O,82
64967,O=[N+]([O-])c1cc(F)c(F)cc1[N+](=O)[O-],96
64984,NCc1cccc2ccccc12,95
64988,CCN(CC)CCNC(=O)c1ccc(N)cc1,33
64994,O=C([O-])CN(CCN(CC(=O)[O-])CC(=O)O)CC(=O)O.[Na+].[Na+],26
64998,CCOC(=O)C(F)C(C)=O,38
65000,C=C(C)C(=O)OCCO,21
65001,OCCc1ccc(Br)cc1,41
65009,N[C@@H](CO)c1ccccc1,30
65010,Cc1cc(Cl)nnc1Cl,30
65017,Cc1cc(C#N)cc(C)c1O,30
65018,CC(C)[C@@H]1CC[C@@H](C)C[C@H]1O,30
65023,N[C@@H](CCc1ccccc1)C(=O)O,33
65028,COc1cc2nccc(Cl)c2cc1OC,28
65039,Cc1ccc(C=O)cc1F,58
65040,CSc1ccccc1O,53
65045,CC(C)C[C@H](NC(=O)OCC1c2ccccc2-c2ccccc21)C(=O)O,26
65066,COC(=O)C(N)Cc1ccc(O)cc1,29
65075,COC(=O)c1n[nH]c2ccccc12,25
65089,COC(=O)Cc1ccc(C)cc1,94
65113,OCCOCCOc1ccccc1,26
65114,O=Cc1cccc(Br)c1F,64
65180,Cc1ccc(NN)c(Cl)c1.Cl,77
65197,COc1cc(C#N)ccc1F,41
65287,COc1cccc(N)c1C(=O)O,59
65328,O=C1Cc2cc(F)ccc2N1,46
65379,Fc1cccc(CBr)c1F,44
65408,COc1c(F)c(F)cc(C(=O)O)c1F,26
65430,COc1cc(Br)c(C=O)cc1OC,30
65431,CC(O)c1ccc(F)cc1,21
65442,CC(C)c1ccc(NN)cc1.Cl,69
65446,Cc1ccc(Cl)c(Br)c1,34
65455,CC(=O)Oc1ccc(C=O)cc1,84
65456,Clc1ncc(Br)cc1Br,91
65457,Cc1cc(O)cc(C)c1N,69
65469,O=C(Cl)Cc1cccs1,26
65474,C=C1CCC2(C(C)C)CC12,89
65477,CCOc1ccc(C(=O)CCC(=O)O)cc1,66
65522,O=C1O[C@H]([C@H](O)CO)C(O)=C1O,26
65546,CSc1ncc(C#N)c(N)n1,90
65570,Cl.NNC(N)=O,30
65572,Oc1ccc(Nc2ccccc2)cc1,43
65574,O=C(O)c1cc(Cl)ccc1[N+](=O)[O-],30
65576,O=C(O)c1ccc[n+]([O-])c1,26
65582,CS(=O)(=O)CCO,83
65586,CCCS,26
65590,CCCCCCCCCCCCCCBr,30
65591,CCCCCCCCCCCCN(C)C,30
65618,Cl.Nc1ccccc1OC(F)F,23
65623,CCOC(=O)c1cc(C)n(C)n1,48
65635,Nc1cc(N)nc(S)n1,80
65641,FC(F)(F)CNc1ccc(Cl)cc1,73
65730,Cc1ccc(N)c(C)n1,45
65787,Fc1cccc(F)c1F,26
65798,Cc1ccc(C#N)cc1O,90
65809,CC(C)(C)OC(=O)NC(C(=O)O)C1CCCCC1,63
65881,Fc1ccc(CBr)c(Br)c1,58
65885,O=C(O)c1cc([N+](=O)[O-])c(F)cc1F,54
65886,O=c1[nH]c2ccccc2nc1CBr,80
65888,Br.NCCCBr,30
65891,O=C(O)CCCc1ccccc1,26
65893,O=Cc1cc(F)ccc1F,35
65958,N#Cc1cc(Cl)cc(Cl)c1,39
65960,COC(C)(CBr)OC,44
65967,Cc1ccc(Br)cc1N,30
65968,O=C1C=CC(=O)N1,26
65976,O=[N+]([O-])c1ccccc1OCCBr,66
65979,OCc1ccccc1C(F)(F)F,30
65983,Br.BrCc1ccccn1,68
66002,O=C(O)Cc1ccc(F)c(Br)c1,45
66009,c1ccc(-c2ccccn2)nc1,30
66018,COC(=O)c1c(N)cccc1Cl.Cl,36
66024,O=C(O)Cc1ccc2c(c1)CCO2,80
66044,c1ccc2nonc2c1,83
66046,O=C(O)c1csc(Cl)n1,79
66050,Clc1ccc(Br)s1,48
66056,COc1cc(OC)cc(B(O)O)c1,60
66064,Cc1nc(N)n[nH]1,91
66069,N#Cc1ccc(F)cc1F,30
66073,Nc1cc(C(F)(F)F)ccc1F,30
66074,Cc1ncccc1Br,50
66081,N#CCCSCCC#N,66
66084,COC(=O)[C@H](C)N,30
66092,Oc1ncccc1F,76
66094,O=[N+]([O-])c1ccc(Cl)cc1O,83
66095,Nc1cccnc1N,50
66097,CN(C)c1ccccc1C(=O)O.Cl,84
66099,CNCCC=C1c2ccccc2CCc2ccccc21,35
66102,COC(=O)CCCCCCN,88
66117,Br.CCOC(=O)c1csc(N)n1,35
66119,O=C1CCc2cc(Br)ccc21,35
66122,CCOC(=N)CC(=O)OCC.Cl,26
66127,Cn1cnc2ccccc21,59
66130,Cc1c(O)cccc1O,26
66135,O=C(O)c1ncc[nH]1,80
66137,Cc1cc(Cl)ncc1[N+](=O)[O-],30
66152,O=C(O)c1cnccc1Cl,48
66157,Cc1ccc2[nH]cc(C=O)c2c1,97
66160,Nc1ccc(Br)c(F)c1,26
66162,O=C(O)CCCCCCCBr,49
66163,O=C(O)c1ccc(Br)nc1,36
66165,Nc1ccc(F)cc1I,30
66166,Brc1cc[nH]n1,73
66168,O=C(O)c1cc(F)cnc1Cl,45
66175,O=C(O)[C@@H]1Cc2ccccc2N1,41
66179,Oc1cc(F)cc(F)c1,49
66222,CCCCCCCC(=O)O,26
66224,Oc1ccccn1,30
66226,CCC(=O)Nc1ccccc1,92
66232,CN(C)C.O=S(=O)=O,44
66234,Cl.N=C(N)c1ccccc1,30
66236,Cl.NNc1cccc(Cl)c1Cl,75
66310,Nc1cc(Br)ccc1OC(F)(F)F,30
66439,OCc1ccc(Cl)c(Br)c1,64
66471,COCCOCCOCCOCCOCCO,66
66475,CC1=C(C=O)C(C)(C)CCC1,80
66480,ClCCCCCl,30
66482,N#CCc1cccc(Cl)c1Cl,41
66621,O=C(O)c1ccc(O)cc1C(=O)O,49
66622,Nc1cc(Cl)cc(Br)c1,76
66624,NNc1cccc(Br)n1,29
66625,CC1=NN(c2ccc(C)cc2)C(=O)C1,58
66638,COc1cccnc1,68
66735,O=C1NS(=O)(=O)c2cc([N+](=O)[O-])ccc21,25
66804,OB(O)c1ccc(-c2ccccc2)cc1,34
66815,OCCc1cccc(Br)c1,45
66837,CC(=O)Oc1ccccc1C(C)=O,21
66855,NC(=NO)c1ccc(F)cc1F,85
66914,CCOC(=O)C(C#N)NC(C)=O,89
66924,Cc1cccc(N)c1,41
66962,CC(CCBr)CCBr,88
66964,Nc1ccccc1-n1cccc1,90
67003,OCc1c(F)c(F)c(F)c(F)c1F,23
67044,CCc1c[nH]c(=O)[nH]c1=O,26
67045,C[C@H](N)CN,48
67046,CC(C)(C)OC(=O)CCCN,83
67052,CC(C)(C)OC(=O)C=P(c1ccccc1)(c1ccccc1)c1ccccc1,84
67055,N[C@H]1CC[C@H](O)CC1,30
67111,CC1(C)[C@@H]2CC[C@@]1(C)C(=O)[C@H]2Br,38
67132,CCOC(=O)c1ncc[nH]1,96
67139,CS(=O)(=O)c1ccc(C(=O)O)c([N+](=O)[O-])c1,30
67445,CN(C)C.Cl,30
67447,CC(C)=CCCC(C)CC(=O)O,29
67448,Oc1ncc(Cl)cc1Br,67
67454,O=c1cccccc1O,58
67459,Clc1cccc(I)c1Cl,45
67539,Cc1cc(C)[nH]n1,30
67542,O=C(O)c1cccnc1,30
67543,CC(C)(C)N,26
67547,Oc1cccc2cccnc12,30
67549,O=C1CSC(=S)N1,30
67550,O=C(O)CCCCC(=O)O,30
67552,CC(C)(C)[O-].[Li+],26
67555,CCCCNCCCC,26
67556,CCOC=O,26
67557,O=C(O)CO,30
67559,O=C1CCCCCN1,26
67560,O=C(O)C1CCCN1,30
67561,NCCN(CCN)CCN,41
67566,Nc1ccn([C@@H]2CS[C@H](CO)O2)c(=O)n1,21
67570,Cc1ccc(Br)c2ccccc12,65
67580,O=C1CCC(=O)N1O,30
67582,c1ccc2c(c1)-c1cccc3cccc-2c13,30
67583,Cc1ccc(N)cc1,31
67584,CSCCC(N)C(=O)O,26
67585,O=C(O)c1ccccc1,30
67587,O=C(O)CC(=O)O,26
67612,COCCOCCl,41
67622,O=C=Nc1cccc(Br)c1,99
67629,OC1CCCc2cccnc21,95
67630,CSc1nccc(O)n1,31
67632,C#Cc1ccccn1,85
67633,NCC(O)CC(=O)O,69
67634,COC(OC)(OC)C(C)C,86
67650,CSCC[C@H](N)C(=O)O,30
67652,CNC(C)=O,30
67654,O=C(O)[C@H]1CCCN1,30
67658,COc1ccc2[nH]cc(CCN)c2c1,34
67682,CC(C)(C)c1ccc(CO)cc1,66
67699,N[C@@H](CSSC[C@H](N)C(=O)O)C(=O)O,21
67707,C=CCC(=O)O,80
67708,CCCCO,26
67709,C[C@@H](NCc1ccccc1)c1ccccc1,33
67711,O=C=NCCCl,34
67720,c1ccc2c(c1)CCC2,30
67752,Fc1cc(Br)cc(F)c1F,26
67774,CC(C)(C)OC(=O)NCCCCCN,85
67806,ClCC#CCCl,33
67811,O=C(O)[C@H]1CCCC[C@H]1C(=O)O,60
67814,O=C(O)CCl,26
67815,c1ccc2c(c1)OCCO2,30
67816,O=C(O)CCc1c(Cl)cccc1Cl,93
67819,O=C1CSC(=O)N1,30
67824,Oc1ccc(Cl)cc1Cl,34
67867,CCCCCCC(=O)O,26
67869,Nc1ccc(OC(F)(F)F)c(Cl)c1,45
67876,CC(C)(C)C(=O)O,31
67877,CCCC(=O)O,30
67878,c1cn[nH]c1,30
67881,CSc1ccc(CCC(=O)O)cc1,92
67906,Cc1cc(Br)c(F)cc1Br,38
67941,N[C@@H](c1ccccc1)[C@@H](N)c1ccccc1,90
67949,COC(=O)C=Cc1ccc(O)cc1,30
67960,Cl.Cl.N[C@@H](CSSC[C@H](N)C(=O)O)C(=O)O,21
67962,N#CC1(c2ccc(F)cc2)CC1,85
67973,Brc1cccc(CN2CCCC2)c1.Cl,84
68081,O=C(O)c1cc(F)c(Cl)c([N+](=O)[O-])c1Cl,26
68083,Cc1ncc(C[n+]2csc(CCO)c2C)c(N)n1.Cl.[Cl-],30
68084,CC(C)(C)[C@H](NC(=O)OCC1c2ccccc2-c2ccccc21)C(=O)O,41
68124,CC(C)c1cccc(C(C)C)c1N=C=Nc1c(C(C)C)cccc1C(C)C,46
68255,O=C(O)c1cccc(-c2ccccc2)c1,45
68279,O=C(O)[C@@H]1CCCC[C@H]1C(=O)O,28
68295,C=C(C)C(N)=O,26
68297,CCOC(C)=O,26
68299,CC(C)(C)[O-].[K+],26
68300,CC(=O)[O-].[K+],30
68301,Nc1nnn[nH]1,33
68302,NNc1nncc2ccccc12,99
68304,CCN(CC)CC,26
68305,CC(C)OC(=S)[S-].[K+],21
68309,CC(=O)c1c(Cl)cccc1Cl,96
68310,COC(=O)CBr,26
68312,C[C@H](N)c1ccccc1,30
68316,O=S(=O)([O-])CCCl.[Na+],65
68317,[SiH3]c1ccccc1,80
68324,NC(COc1ccccc1Cl)=NO,67
68372,CC(=O)[O-].[Li+],30
68374,C[Si](C)(C)OC1=CCCC1,65
68394,OB(O)c1cccc(Cl)c1,30
68397,Brc1cccc2ncccc12,48
68400,N=C(N)NCCC[C@H](N)C(=O)O,30
68474,ICCCCCI,31
68519,O=C(O)C(O)C(O)C(=O)O,26
68521,OB(O)c1ccccc1O,38
68524,OC(C(F)(F)F)C(F)(F)F,26
68526,Cl.NC(=O)[C@@H](N)CO,76
68604,C=CCOC(=O)OC,63
68612,CC(C)OC(=S)[S-].[Na+],21
68617,CC(N)c1cccc2ccccc12,46
68618,CC(=O)C=O,30
68670,CCCCCCCCCCCCCCO,26
68672,O=C(O)c1c(Cl)cccc1Br,35
68675,COc1ncccc1F,96
68683,OB(O)c1ccc(OC(F)(F)F)cc1,41
68687,CCB(O)O,90
68748,Oc1nc(Cl)c(Cl)cc1Cl,21
68806,Fc1ccc(CBr)cc1Br,45
68807,OB(O)c1ccc(Cl)cc1,30
68809,Clc1ccn2nccc2n1,86
68870,CCCCC(CC)COC(=O)c1ccc(N)cc1,70
68871,Cl.NCC(CC(=O)O)c1ccc(Cl)cc1,46
68909,CNc1cccc(OC)n1,68
68910,CCCNCCC#N,79
68912,C#CCN1C(=O)c2ccccc2C1=O,79
68921,CC(=O)c1cccc(Br)n1,63
68924,CC(C)=CC(=O)Cl,51
68935,Cc1c(Br)sc(Br)c1Br,73
68936,CCC(O)C(C)C,85
68952,CN(C)C(=S)SCCCS(=O)(=O)[O-].[Na+],30
69028,Brc1cc2ccccc2c2ccccc12,30
69052,N[C@H](CSSC[C@@H](N)C(=O)O)C(=O)O,49
69183,C=C(C)[C@@H]1CC[C@@H](C)C[C@H]1O,30
69213,C1COCCN1.Cl,26
69233,CC[P+](c1ccccc1)(c1ccccc1)c1ccccc1.[Br-],21
69237,C[C@@H](OCc1ccccc1)C(=O)O,68
69239,C[C@H](O)[C@H](N)C(=O)O,97
69319,C[C@H]1CC[C@H](C(=O)O)CC1,29
69322,CC(C)(C)OC(=O)CCCN.Cl,78
69383,Cc1nc(Cl)nc(Cl)c1N,61
69388,O=C(CBr)C(F)(F)F,30
69391,CN1CCOCC1,26
69393,O=C(O)c1ccc2c(c1)C(=O)OC2=O,30
69394,CC(C)(CO)CCl,68
69438,Nc1c(F)cc(Cl)cc1I,88
69441,O=C1C(c2ccccc2)=C(c2ccccc2)C(c2ccccc2)=C1c1ccccc1,53
69442,NC(=S)Nc1cccc2ccccc12,27
69503,CN(C)c1ccccc1,30
69506,CC(=O)C(C)Cl,30
69575,CCS(=O)[O-].[Na+],76
69611,CC(C)(C)OC(=O)CC#N,33
69622,COc1ccccc1C(=O)CBr,76
69625,CC(=O)c1ccc(C)o1,31
69626,NCCCN1CCCC1,44
69627,O=CCc1ccccc1,26
69628,NNC(=O)c1ccccc1N,51
69629,CCN(CCO)c1ccc(N)cc1,68
69631,CCOC(=O)C(Br)CC(Br)C(=O)OCC,21
69712,OC1O[C@H](COCc2ccccc2)[C@@H](OCc2ccccc2)[C@H](OCc2ccccc2)[C@H]1OCc1ccccc1,30
69726,Cc1ccc(-c2ccc(C)cn2)nc1,86
69837,Cl.O[C@@H]1CCCNC1,50
69844,COc1ccc(F)cn1,70
69856,COc1ccc(C=O)c(F)c1,54
69923,O=[N+]([O-])c1ccc(Cl)c(F)c1,28
69933,CC(C)OS(C)(=O)=O,66
69939,Oc1ccc(I)cn1,96
69964,COC(=O)c1cc(N)ccc1Cl.Cl,64
69983,O=C1N[C@H](c2ccccc2)CO1,30
69985,ON=Cc1cccc(Br)c1,79
69999,NC(=S)Nc1ccccc1,46
70004,BrCc1cccc(CBr)c1,36
70008,Oc1ccc2cccc(O)c2c1,84
70107,Cc1cnccc1[N+](=O)[O-],75
70108,C#CCCCCCCC#C,62
70115,Cl.N=C(N)NCCC[C@H](N)C(=O)O,30
70176,O=C=Nc1cccc(C(F)(F)F)c1,66
70247,O=C(Nc1ccccc1)c1cc([N+](=O)[O-])ccc1Cl,86
70250,Oc1ccc2ccccc2c1-c1c(O)ccc2ccccc12,21
70255,Cc1ccc(C(=O)O)c(N)c1,50
70288,Cc1ccc(C=O)c(Cl)c1,83
70289,Nc1cccc(Cl)c1[N+](=O)[O-],64
70293,Cc1cc(N)ccc1Cl,21
70295,O=C(O)C(CO)c1ccccc1,30
70297,NC(=O)C(=O)O,39
70300,C=CC(OC)OC,60
70306,C#C[Si](C(C)C)(C(C)C)C(C)C,39
70307,CC(=O)c1ccc(Cl)cc1O,95
70319,Cc1ccc(F)cc1NN,66
70359,Cl.NCCCCCCC(=O)O,53
70375,C=C(C)COc1ccccc1,75
70379,NCC1CCCO1,30
70403,Cl.Cl.NNCc1ccccc1,28
70416,CC(C)c1cccc(C(C)C)c1-n1cc[n+](-c2c(C(C)C)cccc2C(C)C)c1.[Cl-],28
70433,CN(C)C(On1nnc2cccnc21)=[N+](C)C.F[B-](F)(F)F,69
70435,CC(C)(C)OC(=O)[C@@H](N)Cc1ccc(O)cc1,51
70443,C=C[C@H]1CN2CC[C@@H]1C[C@@H]2[C@@H](O)c1ccnc2ccc(OC)cc12,68
70444,C=C[C@H]1CN2CC[C@H]1C[C@H]2[C@H](O)c1ccnc2ccc(OC)cc12,58
70455,Nc1ncc(Cl)nc1Cl,83
70457,Clc1nc(Cl)c2sccc2n1,38
70459,CC1=CC(=O)CC(C)(C)C1=O,49
70460,OCCCCCCCCCCO,26
70461,CN(C)S(=O)(=O)Cl,30
70467,O=C=Nc1ccc(C(F)(F)F)cc1,58
70471,CCCOc1ccc(Br)cc1,78
70518,Cc1cc(Br)cnc1C(=O)O,48
70543,Nc1ccc(O)cc1Cl,66
70561,CC1CC(=O)CCN1C(=O)OC(C)(C)C,95
70583,Cc1ccc2nccnc2c1,64
70584,O=[N+]([O-])c1ccc(OCc2ccccc2)c(Cl)c1,75
70683,O=C1N[C@H](Cc2ccccc2)CO1,39
70684,COc1cc2c(cc1OC)C(=O)C(CC1CCN(Cc3ccccc3)CC1)C2,50
70699,C=CCl.C=COCC(C)C,26
70707,COC(=O)c1cc(Br)cc2[nH]ncc12,67
70710,O=C(OCC(F)(F)F)C(F)(F)F,29
70718,O.Oc1ccc2ccccc2c1-c1c(O)ccc2ccccc12,21
70752,C=CCC1CCCCC1=O,95
70827,Cl.NCc1cccc(OC(F)(F)F)c1,44
70856,C[C@@H]([C@H](O)c1ccccc1)N1CCCC1,63
70990,Cc1ccc([N+](=O)[O-])c(C)c1,21
70992,Nc1cccc(F)c1[N+](=O)[O-],76
70993,Cc1cc(C)c(C#N)c(C)c1,76
70994,CC(C(=O)O)c1ccc(Cl)cc1,96
71019,Fc1ccc(Br)cc1,30
71021,S=C=Nc1ccc(Cl)c(Cl)c1,48
71027,O=S(=O)(Cc1ccccc1)c1ccccc1,36
71047,Clc1ccc(Cl)c(Cl)c1Cl,30
71070,O=C(O)c1cccc(SC(F)(F)F)c1,94
71078,O=C[C@@H](O)[C@H](O)[C@H](O)CO,30
71080,OCc1ncccn1,75
71116,OC/C=C\CO,30
71126,CC/C=C\CO,48
71202,CCOC(=O)CNCC(=O)OCC.Cl,28
71292,COC(=O)[C@@H](N)CCCNC(=N)N.Cl.Cl,29
71344,CC(C)(C)OC(=O)N[C@@H](COCc1ccccc1)C(=O)O,30
71358,COC(=O)CCC(N)C(=O)OC.Cl,28
71359,CC1COC(=O)O1,21
71386,CC(C)(C)OC(=O)NCCCC[C@H](NC(=O)OC(C)(C)C)C(=O)O,31
71412,Cl.OC1CCNC1,23
71442,CC(C)(C)OC(=O)N[C@@H](CCCNC(=N)N)C(=O)O,66
71470,O=C(CC(=O)C(F)(F)F)c1ccco1,31
71472,CC1COc2c(N3CCN(C)CC3)c(F)cc3c(=O)c(C(=O)O)cn1c23,35
71474,c1ccc(COCC2CO2)cc1,29
71476,c1cnc2c(n1)CCCC2,60
71478,O=[N+]([O-])c1cccc(Br)c1F,63
71481,CC(C)C[C@H](N)CO,33
71482,CCOC(=O)C(C)O,30
71483,Fc1cccc(Br)c1Cl,45
71484,O=C(O)CCCCCNC(=O)OCc1ccccc1,30
71488,COc1cccc(F)c1C=O,65
71490,NC(C(=O)O)c1ccc(O)cc1,30
71525,CC(C)c1cccc(Br)c1,41
71527,O=C(CC(=O)C(F)(F)F)c1ccc(F)cc1,82
71535,NC(Cc1cccc(Br)c1)C(=O)O,32
71542,O=C1OC(=O)C2CC=CCC12,34
71573,Cc1ccc(S(=O)(=O)N[C@@H](Cc2ccccc2)C(=O)O)cc1,26
71576,CC1Cc2ccccc2N1,30
71578,Cl.N#Cc1cccc(NN)c1,65
71579,Oc1cc(Cl)cc(Br)c1,64
71580,O=C(O)C(O)c1ccccc1Cl,26
71583,CCC(N)CO,30
71584,CCOC(=O)C1CCCNC1,30
71585,O=C(O)C1CCC(C(=O)O)CC1,26
71586,Cc1ccc(C(C)O)cc1,36
71587,CC(O)c1ccccc1C(F)(F)F,69
71588,CCC1CO1,30
71590,CC1CCCC(C)N1.Cl,30
71595,O=C(O)c1cc(O)c2c(c1)C(=O)c1cccc(O)c1C2=O,97
71607,C(=C/c1ccccc1)\c1ccccc1,39
71611,C=C1CC[C@H]2C[C@@H]1C2(C)C,26
71649,NCc1cccc(Cl)c1Cl,91
71651,ClCCN1CCOCC1,26
71653,NC(CO)c1ccccc1,33
71657,NNc1cccc(C(=O)O)c1,48
71658,ClCCCN1CCOCC1,31
71662,CC(=O)NC(CC(C)C)C(=O)O,30
71668,CC(C)[C@H](NC(=O)c1ccccc1)C(=O)O,98
71682,C1=C\CCCCCC/1,30
71683,BrC/C=C/CBr,26
71705,CC(=O)c1cc2cc(Br)ccc2oc1=O,66
71711,OC1CCNC1,24
71717,O=C(O)c1ncccn1,83
71719,N#CCCCCCCC#N,30
71726,O=C(O)c1cc(C(=O)O)[nH]n1,41
71757,CC(=O)c1ccc(O)c(O)c1O,43
71758,CNCC(O)CO,29
71760,N=C(NCCC[C@H](N)C(=O)O)N[N+](=O)[O-],30
71762,[N-]=[N+]=Nc1ccccc1C(=O)O,95
71767,C[C@@H](C(=O)O)N(C)C(=O)OC(C)(C)C,45
71774,CCOP(=S)(Cl)OCC,29
71800,c1ccc(-c2ccc(C(c3ccccc3)n3ccnc3)cc2)cc1,21
71803,COc1ccnc(OC)n1,26
71804,Cc1nc(Br)ccc1F,41
71807,FC(F)(F)c1ccc(I)c(Br)c1,44
71813,N[C@@H](CCCNC(=O)OCc1ccccc1)C(=O)O,36
71933,O=C(c1ccccc1)[C@@H]1O[C@H]1c1ccccc1,44
71941,COc1ccnc(OC)c1,93
71949,Cc1cc(=O)oc2cc(O)c(O)cc12,25
71968,CC(C)(C)OC(=O)N[C@@H](Cc1c[nH]cn1)C(=O)O,44
71994,Oc1ncnc(C(F)(F)F)c1Br,90
72020,Fc1ccc(F)c(Cl)c1,30
72027,Oc1cccc(-c2ccccc2)c1,91
72050,CN1CCCC1CCN,58
72054,Nc1ccc(I)cc1[N+](=O)[O-],69
72069,C[N+](C)(C)CC(=O)[O-],26
72109,Brc1c[nH]c2ncccc12,51
72115,FC(F)(F)c1cc(Cl)c(Br)c(Cl)c1,80
72147,Cc1cc(C)c(S(=O)(=O)[O-])c(C)c1.N[n+]1ccccc1,71
72189,N[C@@H](CCC(=O)OCc1ccccc1)C(=O)O,30
72192,CC(C)c1cccc(=O)c(O)c1,44
72222,CC(C)(C)c1ccc(/C=C/C(=O)O)cc1,85
72248,CC1CCCNC1,30
72249,O=C(O)C(O)c1ccccc1,30
72261,Nc1cc(C(=O)O)ccc1C(=O)O,33
72262,O=[N+]([O-])c1ccc(Br)cc1O,96
72263,C=CCC(O)C=C,86
72264,Nc1cc(Br)cc(Br)c1,90
72266,COc1cccc(C#N)c1OC,51
72277,CC(C)(C)OC(=O)N[C@@H](Cc1ccc(OCc2ccccc2)cc1)C(=O)O,31
72288,COC(=O)Cc1cccc(Cl)c1,31
72313,N#Cc1cc(Cl)ccc1N,41
72314,COC(=O)C1CCN1Cc1ccccc1,92
72316,O=C=Nc1cccc(Cl)c1F,79
72323,Cc1ccc(C)n1C,51
72324,CC(N)CN,26
72329,CCC(Cl)C(=O)O,33
72330,O=C(NC(Cc1ccccc1)C(=O)O)OCC1c2ccccc2-c2ccccc21,59
72348,CCOC(=O)/C=C/C(F)(F)F,43
72361,O=C(O)/C=C/c1cccs1,48
72394,CC(=O)OCCBr,30
72406,N[C@@H](Cc1ccc(Cl)cc1)C(=O)O,45
72420,Cl.NC1=NC(=O)CS1,66
72433,CCCC1=NNC(=O)C1,40
72451,N=C(N)NCCC[C@H](NC(=O)c1ccccc1)C(=O)O,34
72504,C=CCNC(C)(C)C.Cl,82
72522,CC(N)c1ccc(Cl)cc1,60
72526,Ic1nc[nH]c1I,55
72585,CO/C=C/C(=O)OC,30
72598,O=C(OCc1ccccc1)N1CC=CC1,90
72599,C=CCC(C)O,64
72601,O=C(O)CNC(=O)CNC(=O)OCc1ccccc1,30
72602,CCCCC(NC(=O)OCc1ccccc1)C(=O)O,94
72603,N#Cc1ncccc1C(F)(F)F,86
72604,O=C(O)C(O)Cc1ccccc1,96
72608,CC(O)c1cccc(Br)c1,26
72664,OCc1cncc(Br)c1,93
72677,COc1cc(F)ccc1C#N,52
72720,COc1cccc(C(=O)O)c1C,30
72754,O=c1cc(-c2ccccc2)oc2cc(O)cc(O)c12,29
72792,CCOC(=O)C=C(C)NC,69
72794,CC(C)(C)C(O)(CCc1ccc(Cl)cc1)Cn1cncn1,38
72824,Cc1cc(C)c([N+](=O)[O-])cc1Br,69
72840,N#Cc1ccc(Br)c([N+](=O)[O-])c1,83
72868,Cc1nnc(C(=O)O)o1,30
72869,ClCc1nc2ccccc2[nH]1,28
72871,O=C(O)C[C@H](NC(=O)OCc1ccccc1)C(=O)O,48
72877,CC/C=C\CCO,26
72885,CCN1CCN(c2ccc(C(=O)O)cc2)CC1,72
72889,C[C@@H](NC(=O)OCC1c2ccccc2-c2ccccc21)C(=O)O,30
72901,O=[N+]([O-])c1cc(F)ccc1CBr,96
72930,Cc1cc(C#N)c(Nc2ccccc2[N+](=O)[O-])s1,21
72942,C1CC(N2CCOCC2)CCN1.Cl.Cl,51
72948,CC(C)C(NC(=O)OCc1ccccc1)C(=O)O,30
72954,NCC(=O)NCC(=O)NCC(=O)O,85
72958,NC(CCC(=O)O)C(=O)O,30
72959,Nc1ccc2[nH]ncc2c1,41
72998,O=C1OC(=O)c2ccc3c4ccc5c6c(ccc(c7ccc1c2c73)c64)C(=O)OC5=O,26
73033,c1ccc(-c2ccccc2P(C2CCCCC2)C2CCCCC2)cc1,91
73034,C=C[C@H]1CN2CC[C@H]1C[C@@H]2[C@@H](O)c1ccnc2ccc(OC)cc12,41
73036,COC(=O)c1ccc(F)cc1N,75
73100,NC(=O)[C@@H](N)Cc1ccccc1,26
73115,Fc1cccc(Cl)c1,26
73116,CCCCCCCN,45
73119,Clc1cccc(Br)c1,30
73122,CN1CCCN(C)C1=O,26
73126,Brc1cccc2cc[nH]c12,85
73127,COC(=O)c1ncc[nH]1,95
73167,Cc1cccc(CO)c1,31
73168,O=C(O)c1cc2ccccc2nc1C(=O)O,40
73179,FC(F)(F)Oc1cccc(Br)c1,30
73181,Cc1cccc(I)c1,30
73235,O=C(O)c1cc(Br)c[nH]c1=O,26
73247,OCn1cncn1,60
73298,COc1cc(C(=O)O)c([N+](=O)[O-])cc1OCc1ccccc1,51
73305,c1ccc(SSc2ccccn2)nc1,36
73306,CCCc1ccccc1O,34
73332,Cl.NNc1cccc(F)c1Cl,79
73388,COC(=O)N1CCCCC1,89
73407,O=C(O)c1c(O)cc(O)cc1O,58
73415,Fc1ncc(Br)cc1Cl,83
73479,O=S(=O)([O-])C(F)(F)F.O=S(=O)([O-])C(F)(F)F.O=S(=O)([O-])C(F)(F)F.[Yb+3],79
73500,O=Cc1c(F)ccc(F)c1Cl,65
73537,Cc1c(Br)cncc1Br,75
73541,COc1cc(Cc2cnc(N)nc2N)cc(OC)c1OC,30
73549,Cc1ccccc1I,30
73553,NCCCO,30
73556,COC(=O)Nc1nc2ccccc2[nH]1,31
73557,Fc1ccc(I)cn1,76
73561,COc1ccc(Br)cc1O,34
73569,OB(O)c1cccc(OC(F)(F)F)c1,38
73588,CC(=O)c1ccc(F)cc1C(F)(F)F,94
73636,COc1cccc(N)c1C,66
73638,O=CC1CCN(Cc2ccccc2)CC1,38
73645,O=C1c2ccccc2C(=O)N1CCCO,46
73654,CC1=CC(=O)C=CC1=O,30
73670,C[C@@H]1C[C@@H](O)CC(C)(C)C1,30
73704,CCCCOCCCC,26
73708,O=S1(=O)C[C@@H](Br)[C@H](Br)C1,99
73735,COc1cccc([N+](=O)[O-])c1C,31
73738,O=S(=O)(O)C(F)(F)F,21
73740,CN(C)C(N)=NC(=N)N.Cl,26
73743,CCOC(=O)CC(=O)c1ccncc1,45
73744,CNc1ccccc1C,61
73747,O=S1(=O)CCOCC1,84
73751,O=C[N-]C=O.[Na+],63
73753,O=C(N[C@@H](C(=O)O)c1ccccc1)OCC1c2ccccc2-c2ccccc21,38
73760,Cn1cncc1Br,66
73761,NC(=O)Oc1ccccc1,44
73762,COC(=O)C(Br)CCC(Br)C(=O)OC,48
73763,CCOC(=O)NC(=O)CC#N,65
73783,O=C(O)c1c(F)ccc(F)c1Cl,80
73808,CC(=O)O[Cd]OC(C)=O.O.O,49
73811,O.O=C([O-])C(=O)[O-].[K+].[K+],30
73812,I[Sn](I)(I)I,45
73817,COC(=O)c1ncc[nH]1.Cl,86
73822,O.Oc1cc(O)cc(O)c1,31
73839,Oc1cc(C(F)(F)F)ccc1Br,46
73844,CN1CCC(Cl)CC1,30
73891,Cc1ccc(C(=O)/C=C/C(=O)O)cc1,59
73895,C[C@@H]1C[C@H](O)CC(C)(C)C1,30
73973,Clc1ccc2nc(Cl)cnc2c1,93
74016,N[C@@H](CCC(=O)N[C@@H](CS)C(=O)NCC(=O)O)C(=O)O,38
74090,Cc1cc(F)ncc1Br,44
74197,CC(C)c1ccccc1Br,36
74225,COc1cccc(OC)c1N,93
74247,NC(=NO)c1ccccc1,68
74248,NC(=S)c1cccc(Br)c1,40
74250,O=S(=O)(O)CCN1CCN(CCO)CC1,30
74251,N#Cc1cc(Cl)nc(Cl)c1,78
74258,Cc1ccncc1[N+](=O)[O-],86
74262,N#Cc1cc(F)cc(Cl)c1,61
74314,CN1CCC[C@H]1C(=O)O,79
74320,CCCCc1nc(Cl)c(CO)n1Cc1ccc(-c2ccccc2-c2nnn[nH]2)cc1,21
74352,COc1cncc(B2OC(C)(C)C(C)(C)O2)c1,76
74361,O=c1cc(-c2ccccc2)oc2c1ccc1ccccc12,93
74399,Fc1ncc(Cl)cc1Br,44
74404,FC(F)(F)Oc1ccccc1Cl,26
74423,OCc1ccc(F)c(Cl)c1,30
74424,N#CCc1ccc(F)c(Cl)c1,61
74653,CCCCCCCC/C=C\CCCCCCCC(=O)O,30
74691,Cc1cc(C)c(S(=O)(=O)ONC(=O)OC(C)(C)C)c(C)c1,76
74710,Cc1cnc(F)c(Br)c1,69
74713,Cn1nc(C(=O)O)c2ccccc21,53
74716,C1CNCCNCCNCCN1,49
74755,CCOC(=O)c1sc2ncccc2c1N,81
74762,O.O.O=S(=O)(O)c1ccc(O)cc1,21
74866,N#Cc1cc(I)ccc1Cl,50
74868,OCc1c(F)cc(Br)cc1F,79
74917,CC(C)(C)OC(=O)N1CCC(=O)CC1=O,73
74925,Fc1cccc(CCl)c1,26
74928,CCc1ccc(Br)cc1,30
74929,CCc1ccc([N+](=O)[O-])cc1,49
74982,Cc1ccc(/C=C/C(=O)O)c(C)c1,86
75022,Fc1cc(F)cc(CCl)c1,40
75042,CCc1ccccc1O,36
75043,NNc1ccc(F)cc1F,30
75044,NNc1ccc(F)cc1,26
75149,NNc1ccc(F)c(F)c1,38
75175,NNc1ccc(Cl)cc1F,51
75192,CCc1ccc(Cl)cc1,69
75201,CCCCCCCCCCCCCCCC(=O)NCCO,53
75326,Cc1cc(=O)oc2ccc(O)cc12,41
75350,Clc1ccc2oc(Cl)nc2c1,43
75352,Clc1ccc2nc(Cl)oc2c1,35
75408,CCOC(=O)CCS,21
75409,CCCCOC(=O)CS,34
75424,Brc1ccc2cccnc2c1,75
75429,CCCCCB(O)O,66
75438,CCOC(=O)C(C)(Br)C(=O)OCC,31
75439,Fc1cc(Br)ccc1I,30
75455,COC(=O)c1cccc(Cl)c1N,49
75478,OB(O)c1c(F)cccc1Br,45
75494,O=C=NCCc1ccccc1,63
75688,O=Cc1ccc2cc[nH]c2c1,48
75694,Cc1c[nH]c(C)c1,86
75697,O=C(O)Cc1cc(Cl)cc(Cl)c1,76
75710,O=C(O)c1cc(O)cc(Br)c1,99
75715,NNc1ccc(F)cc1Cl,45
75735,CC(C)OC(=O)OCCl,61
75736,Cl.NNc1ccc(F)c(Cl)c1,31
75737,O=C1O[C@@H]([C@H](O)CO)[C@@H](O)[C@H]1O,55
75746,CON(C)C(=O)c1ccccc1,55
75780,CCN(CC)CCCO,30
75797,Cc1ccc(C)n1-c1ccccc1,79
75808,NC(=O)CCC(=O)O,32
75815,NCCN,30
75820,Nc1nc(CC(=O)O)cs1,21
75822,CC(C)(C)OC(=O)N1CCN(c2ccc(B3OC(C)(C)C(C)(C)O3)cc2)CC1,96
75824,Cc1cc(C)c2c(c1)C(=O)CCC2,85
75843,CC(CO)(CO)CO,30
75846,Cc1c[nH]c2ccccc12,29
75851,N#Cc1ccc(-n2ccnc2)cc1,86
75902,COc1ncc(Br)cc1Br,45
75903,C=CCCCCCCCBr,66
75937,Cc1ccc(C)[nH]1,46
75939,CC1(C)OB(c2ccc(C=O)cc2)OC1(C)C,63
75940,CN1CCC(C(=O)O)CC1,26
75943,Nc1cccc(Br)c1C(=O)O,94
75945,COC(=O)C1=NC(=O)NC(=O)C1,91
75946,CCOC(=O)c1cnc(Cl)nc1,81
75947,O=C(O)Cc1ccc(O)c(Cl)c1,56
75948,Cc1c(O)cccc1Cl,55
75951,Cc1cc(Cl)ccc1Br,30
75958,N#Cc1cc(C(F)(F)F)ccc1Br,30
75959,Brc1ccc(Br)nn1,69
75960,Fc1ncc(Cl)cc1Cl,81
76022,Clc1ccc(OCCBr)cc1,58
76023,O=S(=O)(Cl)c1ccccc1Cl,33
76031,N[C@@H](CCC(=O)O)C(=O)O,30
76032,BrC12CC3CC(CC(C3)C1)C2,21
76033,Oc1ncc(Br)cc1Br,83
76034,Nc1cccc2cccc(N)c12,30
76044,O=C1CCCN1CCO,30
76046,Cl.NN(c1ccccc1)c1ccccc1,41
76054,CC(C)[N+](=O)[O-],23
76055,CCOCOCC,26
76060,Cc1cc(N)ccc1C(=O)O,48
76071,Cc1cc(C)c(N)c(Br)c1,40
76112,Cc1ccc(C#N)nc1,55
76117,CC(=O)CCCCBr,21
76137,C1=Nc2ccc(OCc3ccccc3)cc2C1,41
76144,N#Cc1cc(I)ccc1F,49
76157,COc1cc(C=O)ccc1Cl,83
76159,O=C(NC1(C(=O)O)CC1)OCc1ccccc1,46
76162,Oc1cc(Cl)ccc1Br,73
76163,ICCCI,26
76168,OC[C@H]1OC(O)[C@H](O)[C@@H](O)[C@H]1O,26
76182,O=S(=O)(Cl)c1cccc(Cl)c1Cl,21
76186,CC(C)c1ccc(N=C=O)cc1,68
76202,CC(C)(C)[PH+](C(C)(C)C)C(C)(C)C.F[B-](F)(F)F,54
76216,N#Cc1c(F)cccc1Br,36
76278,O=C1NC(=O)C2CCCCC12,30
76299,Nc1cnc(Br)c(Cl)n1,58
76301,Cc1ccc(C(=O)O)c(F)c1F,85
76303,Nc1ccc(Cl)cc1CO,53
76307,NNC(=O)c1ccccc1Br,98
76308,O=C1CCSc2ccccc21,99
76316,COc1cc(C)cc(OC)c1,60
76321,O=S(=O)([O-])C(O)C(O)S(=O)(=O)[O-].[Na+].[Na+],21
76343,COC(=O)c1cccc2ccccc12,97
76349,FC(Br)(Br)Br,59
76375,Clc1cncc(Br)c1,53
76407,CC(C)(C)OC(=O)N[C@H](CO)C(=O)O,33
76414,CCOC(=O)C(C)=O,30
76416,CCOc1cccc(C#N)c1,88
76429,FC(F)(F)c1cc(Br)ccc1I,45
76435,CC(C)(C)OC(=O)Nc1ccc(F)cc1,54
76436,CC(C)(C)OC(=O)Nc1ccc(Cl)cc1,59
76450,C#CC(=O)O,38
76454,COc1ccc(C(=O)CBr)cc1,31
76455,Oc1cc(Cl)c(Cl)cc1Cl,31
76465,O=S([O-])[N+]12CC[N+](S(=O)[O-])(CC1)CC2,73
76531,CC1(C)CC[C@]2(C(=O)O)CC[C@]3(C)C(=CC[C@@H]4[C@@]5(C)CC[C@H](O)C(C)(C)[C@@H]5CC[C@]43C)[C@@H]2C1.O,26
76570,N[C@@H](COCc1ccccc1)C(=O)O,58
76575,N#Cc1cc(F)c(N)cc1F,73
76583,CC(C)(C)OC(=O)C(C)(C)N.Cl,69
76615,Cl.Cl.NC[C@H](N)C(=O)O,46
76630,Brc1cccc(-c2ccccc2)c1,39
76632,Cl.Cl.NCCN,26
76646,Cl.Cl.c1ccc(CNCCNCc2ccccc2)cc1,26
76648,CC(C)CCC[C@@H](C)[C@H]1CC[C@H]2[C@@H]3CC=C4C[C@@H](O)CC[C@]4(C)[C@H]3CC[C@]12C,21
76653,N#Cc1cc(N)cc(F)c1,66
76755,CCCCCCCCCCC1CO1,30
76757,CNCc1ccc(OC)cc1.Cl,70
76797,CC(C)CCC[C@@H](C)[C@H]1CC[C@H]2[C@@H]3CC=C4C[C@@H](OC(=O)Cl)CC[C@]4(C)[C@H]3CC[C@]12C,49
76812,O=C(N[C@@H](CCc1ccccc1)C(=O)O)OCC1c2ccccc2-c2ccccc21,62
76832,O=C(Cl)OCC(Cl)(Cl)Cl,44
76885,FC(F)(F)c1cc(CBr)cc(C(F)(F)F)c1,44
76891,CN=C1C=CC(=C(c2ccc(N(C)C)cc2)c2ccc(N(C)C)cc2)C=C1.Cl,26
76892,Cc1ccc(C(=O)O)cc1C(F)(F)F,48
76916,Cl.NCC(CC(=O)O)c1ccccc1,49
76966,CCOC(=O)C[C@H](O)CC#N,30
76977,NCc1ccncc1,39
76978,O=Cc1cccc(F)c1,30
76991,O=S(=O)(Cl)OCCl,61
76998,Cc1ccc(Br)c(Cl)n1,90
77009,COC(=O)CC(=O)O,50
77030,O=[N+]([O-])c1ccc(Cl)c(Cl)c1Cl,31
77032,COc1cc(C)ccc1[N+](=O)[O-],40
77070,CCOc1cccc(O)c1,83
77080,O=Nc1c(O)ccc2ccccc12,25
77092,NCc1ccc(Cl)c(C(F)(F)F)c1,63
77117,Brc1ccc2[nH]ncc2c1,29
77128,CC(=O)N1CCC[C@@H]1C(=O)O,50
77130,N#Cc1cc(Br)cc(Br)c1,33
77173,N#Cc1cccc(Br)c1F,68
77184,O=[N+]([O-])c1cc([N+](=O)[O-])c2ccccc2c1O,39
77221,C[C@H](O)[C@H](O)[C@@H](O)[C@@H](O)C=O.O,26
77223,Cl.Cl.Cn1cc(N)cn1,33
77242,CC(=O)Oc1ccc(C(C)=O)cc1,21
77304,O=[N+]([O-])c1ccc(F)c(Cl)c1F,60
77313,CCCCP(=O)(CCCC)CCCC,74
77383,Nc1ncnc2[nH]ncc12,33
77384,Nc1ccc(O)cc1,26
77456,CCNCc1ccncc1,30
77494,FC(F)(F)Oc1ccc(I)c(Br)c1,30
77507,CCOC(=O)c1cc2ccccc2[nH]1,53
77508,CC(C)(C)c1ccc(C=O)cc1,30
77519,FB(F)F.OCCOCCO,30
77590,CC(=O)c1ccc(Br)c([N+](=O)[O-])c1,62
77610,CCCCNP(N)(N)=S,46
77626,CCOC(=O)[C@H](CCc1ccccc1)N[C@@H](C)C(=O)O,30
77674,N#Cc1cc([N+](=O)[O-])c(F)cc1F,48
77732,O=C1CC[C@@H](C(=O)O)O1,75
77790,COC(=O)[C@H]1C[C@@H](O)CN1.Cl,60
77794,C[Si](C)(CCl)CCl,85
77795,CCOC(=O)C(Br)CCC(Br)C(=O)OCC,45
77817,C[C@H](CC(=O)O)NC(=O)OC(C)(C)C,53
77859,CC1(C)OC[C@H](C=O)O1,81
77871,COc1ccc(CC(=O)O)cc1Br,46
77920,Cc1cccc(C)c1B(O)O,48
77922,CC(=O)Nc1cccc(F)c1,55
77926,CC(O)c1cccc(N)c1,30
77927,N#CCI,36
78041,CCOC(=O)/C=C/c1ccccc1,30
78111,C/C=C/C(=O)OCC,26
78192,BrC/C=C/c1ccccc1,45
78193,Cc1cc(Br)cc(C)c1Br,56
78201,CS(=O)c1ccccc1,42
78204,N[C@H]1CC[C@@H](C(=O)O)CC1,91
78305,COC(=O)C[C@@H](C)N.Cl,54
78343,CNCc1cccc(N)c1,30
78374,O=C(O)/C=C/c1ccsc1,96
78397,CCCCCC/C=C/C=O,79
78414,Nc1ncnc2[nH]nc(-c3ccc(Oc4ccccc4)cc3)c12,89
78457,CCOC(=O)C(CCC#N)C(=O)OCC,21
78459,Cc1ccc(C(=O)O[C@H](C(=O)O)[C@H](OC(=O)c2ccc(C)cc2)C(=O)O)cc1,30
78467,CCc1ncc(C)[nH]1,26
78468,NC(=O)NC(N)=O,30
78520,C=CCB1OC(C)(C)C(C)(C)O1,53
78522,N[C@H]1CC[C@@H](O)CC1,91
78576,CCOC(=O)C1CCN(C(=O)OC(C)(C)C)CC1=O,69
78579,O=Cc1cc(Br)cnc1F,96
78588,N#CCc1ccc(C(F)(F)F)cc1,30
78591,N[C@@H](Cc1c[nH]cn1)C(=O)O,26
78597,O=C1CNC1,39
78602,CON(C)C(=O)[C@H](CC(C)C)NC(=O)OC(C)(C)C,56
78633,COc1cccc(C(=O)O)c1N,74
78638,CCC(O)C1CCCCC1,85
78639,Cn1cncc1[N+](=O)[O-],21
78641,CC1=CC(=O)CC(C)C1,76
78654,CC1C(=O)CCCC1=O,45
78697,NC(=O)c1ccccc1[N+](=O)[O-],21
78742,CC(C)(C)NCC(O)c1ccc(O)c(CO)c1,71
78744,Cc1ccc(F)c(I)c1,31
78746,Fc1cc(F)c(I)cc1F,45
78758,c1coc(CNc2ncnc3nc[nH]c23)c1,26
78768,O=C(O)/C=C/c1ccc(Cl)c(Cl)c1,21
78790,O=[N+]([O-])c1ccc(Br)c(F)c1,36
78797,CCC#CCO,66
78798,C#CCOC1CCCCO1,44
78804,CC(C)(C)[Si](C)(C)OCCCCO,75
78806,Cc1cccc(C)c1N=C=O,67
78838,Cc1cc(Cl)cc(C(=O)O)c1N,30
78853,O=C(O)CCCC(=O)c1ccccc1,30
78867,CC(C)(C)C(=O)CCl,33
78874,COC(=O)CCCCBr,36
78876,O=C(O)CCCCc1ccccc1,61
78935,CSc1ccccc1Br,28
78936,OCCCCCCBr,41
78939,CC1(C)OC[C@@H](CO)O1,69
78946,CCOC(=O)Cc1ccc(Br)cc1,30
78950,Cc1c(F)cccc1C=O,69
78951,Fc1cc(Cl)ccc1I,31
78952,COc1ccc(C#N)c(C)c1,44
78954,COCCOC(=O)Cl,59
78986,Cl.N[C@H]1CC[C@@H](O)CC1,89
78993,O=C(O)c1ccccc1P(c1ccccc1)c1ccccc1,56
79015,CC(C)=CB1OC(C)(C)C(C)(C)O1,51
79040,CC(C)(C)OC(=O)NCCC[C@H](N)C(=O)O,96
79109,O=C(O)/C=C/c1ccc2c(c1)OCO2,30
79164,N[C@H](CO)[C@H](O)c1ccc([N+](=O)[O-])cc1,30
79211,C[C@H]1CC[C@H](N=C=O)CC1,41
79283,CC1(C)OB(c2cc(Br)ccc2F)OC1(C)C,72
79302,FC(F)(F)c1ccc(Cl)c(I)c1,26
79304,O=C(CO)[C@@H](O)[C@H](O)[C@@H](O)CO,41
79336,[C-]#[N+]N=P(c1ccccc1)(c1ccccc1)c1ccccc1,59
79347,O=C(N=NC(=O)N1CCCCC1)N1CCCCC1,45
79362,O=S1(=O)OCCO1,65
79402,FC(F)Oc1cccc(Br)c1,44
79416,C=CC(C)CCCC(C)(C)O,26
79479,CCC(C)(C)c1ccc(OCC(=O)O)c(C(C)(C)CC)c1,28
79524,COC(=O)c1ccn[nH]1.Cl,21
79548,O=C(O)/C=C/c1ccc(Cl)cc1Cl,21
79555,COc1ccc(/C=C/C(=O)O)cc1OC,30
79573,O=C(O)C(F)(F)F.O=C1CNC1,34
79605,C[C@@H](N)C(N)=O.Cl,36
79612,C[N+](C)(C)CCO.C[N+](C)(C)CCO.O=S(=O)([O-])[O-],30
79656,CCOC(=O)CC(=O)CCl,30
79657,COC(=O)CC(=O)CCl,30
79659,CC(=O)CO,30
79719,O=C(O)CCCc1ccc(Br)cc1,84
79727,Cl.NC(=NO)c1ccccc1,64
79746,COc1ccc(OC)c(/C=C/C(=O)O)c1,28
79757,CC(C)C[C@@H](C(=O)O)N(C)C(=O)OC(C)(C)C,88
79853,O=[N+]([O-])c1ccc(F)nc1,48
79879,O=C(O)C(O)c1ccc(C(F)(F)F)cc1,43
79894,OB(O)c1cccc(F)c1F,39
79896,COc1cc([N+](=O)[O-])c2ncccc2c1,80
79902,N#CC1(c2ccc(Br)cc2)CC1,83
79917,O=C(O)/C=C/c1ccc([N+](=O)[O-])cc1,30
79925,FC(F)(F)Oc1ccc(I)cc1,30
79932,COC(=O)[C@@H]1C[C@H](O)CN1C(=O)OC(C)(C)C,40
79934,Cc1ccc(B2OC(C)(C)C(C)(C)O2)s1,94
79937,O=C1OC(=O)[C@H]2[C@@H]1[C@H]1C=C[C@@H]2C1,30
79939,COC(=O)[C@H](O)c1ccccc1,26
79947,COC(=O)[C@@H](O)c1ccccc1,26
79983,Cl/C=C/Cl,33
80058,CCCC(=O)OCCl,35
80116,Br.OC1CCNCC1,30
80120,CC1(C)[C@@H]2CC[C@@]1(CS(=O)(=O)O)C(=O)C2,30
80253,Fc1cccc(Br)c1F,36
80326,COc1ccc(CCCC(=O)O)cc1OC,87
80399,OC[C@H]1O[C@@H]2O[C@H]3[C@H](O)[C@@H](O)[C@@H](O[C@H]4[C@H](O)[C@@H](O)[C@@H](O[C@H]5[C@H](O)[C@@H](O)[C@@H](O[C@H]6[C@H](O)[C@@H](O)[C@@H](O[C@H]7[C@H](O)[C@@H](O)[C@@H](O[C@H]8[C@H](O)[C@@H](O)[C@@H](O[C@H]1[C@H](O)[C@H]2O)O[C@@H]8CO)O[C@@H]7CO)O[C@@H]6CO)O[C@@H]5CO)O[C@@H]4CO)O[C@@H]3CO,30
80406,Cl.O=C(O)c1cccn2ccnc12,55
80421,COc1ccc(I)cc1OC,40
80424,C=C(C)[C@@H]1CCC2(C)OC2C1,25
80447,CCOC(=O)C(CC)P(=O)(OCC)OCC,69
80492,CC(=O)Nc1ccc(C)cc1C,68
80493,CC(=O)Nc1ccc(C)cc1,33
80494,CC(=O)Nc1cccc2ccccc12,67
80498,NC(=O)Cc1ccccc1,30
80501,NS(=O)(=O)c1ccccc1[N+](=O)[O-],30
80511,Cc1ccc(S(=O)(=O)Nc2ccccc2)cc1,21
80516,CCNC(=S)NCC,26
80517,CCCOc1ccc(C=O)cc1,31
80518,CCOC(=O)c1ccccc1O,30
80519,COc1ccc(F)cc1,26
80520,CCOc1ccccc1,30
80521,COc1cccc(Cl)c1,30
80522,COc1cccc(F)c1,26
80524,COc1ccc(OC)cc1,30
80545,NC(=O)CCl,30
80546,Fc1cccc(Cl)c1CCl,26
80547,O=C(CBr)c1ccc(Br)cc1,26
80548,CCOC(=O)CN1CCCCC1,48
80550,O=Cc1cc(Cl)ccc1O,30
80551,CCN(CC)c1ccccc1,33
80552,CCn1c(O)cc(C)c(C#N)c1=O,31
80553,CN1CCNCC1,30
80554,O=C(NO)c1ccccc1O,30
80555,CCOC(=O)CCl,26
80556,N#CCc1ccc(Cl)cc1,30
80557,Nc1cc(C(F)(F)F)ccc1Cl,30
80558,CC(=O)Nc1cccc(C(=O)O)c1,40
80560,Cc1ccc(N)cc1Cl,21
80561,COC(=O)c1c[nH]c2ccccc12,30
80563,CNC(=O)C(F)(F)F,30
80564,CN(C)CCC#N,33
80565,O=Cc1coc2ccccc2c1=O,22
80566,O=C1CSCC(=O)O1,26
80567,C=Cc1ccc(OC(C)(C)C)cc1,61
80568,CCCN=C=S,21
80569,O=CCCc1ccccc1,30
80570,COC(=O)c1ccoc1C,46
80573,Cc1cc(Br)c(O)c(Br)c1,34
80574,O=C1CCCCC1Cl,41
80576,CC(C)CCNCCC(C)C,74
80577,CC(C)(C)OC(=O)N1CCC(=O)CC1,30
80578,CCOC(=O)CC(OCC)OCC,30
80580,COC(=O)c1ccc2ccccc2c1,71
80581,CC(C)(C)c1ccc(Br)cc1,30
80582,Cc1nccnc1C,30
80584,CCOC(=O)C(C)C(C)=O,30
80585,C=CC(C)Cl,31
80586,C=CC(OCC)OCC,26
80587,OB(O)c1ccc(F)cc1,30
80590,CCOCCCl,41
80591,Cl.Nc1ccc(C(=O)O)c(Cl)c1,30
80592,CCOc1cccc2ccccc12,21
80593,CCOC(=O)CP(=O)(OCC)OCC,30
80594,N[C@@H](CO)C(=O)O,30
80595,COc1cccc(N=C=O)c1,88
80596,CCn1ccnc1,26
80597,O=C(Cl)OCCCCl,33
80598,OCCc1cccs1,30
80599,Cc1ccsc1,26
80600,COC(=O)C1CC1,28
80601,OCc1cccc(O)c1,44
80602,Cc1cccnc1Cl,35
80606,CCOC(=O)C(C)Br,26
80607,CCOC(=O)CCC(C)=O,26
80608,N#Cc1ccc2c(c1)OCO2,46
80621,O=Cc1cccnc1,30
80623,Cc1ccc(S(=O)(=O)N=C=O)cc1,26
80625,CCCCC(CC)CN,30
80626,CCC(C)N,30
80627,O=C(O)C1CCC1,26
80628,CC(C)(CN)CN,35
80629,NCc1ccc2c(c1)OCO2,45
80630,CCNc1ccccc1,30
80631,Cl.NCCCl,26
80632,c1c[nH]cn1,30
80633,Cc1cc(C)c(N)c(C)c1,26
80634,OC1CCCCCCC1,66
80635,c1ccsc1,30
80636,Cc1ccccn1,30
80637,c1ccc2scnc2c1,30
80638,CCCCC=O,26
80639,O=C(O)CBr,30
80640,O=C1CCCCCC1,30
80641,CCOC(OCC)OCC,26
80642,COCCOCCOC,30
80643,CCOC(=O)CC#N,30
80644,COC(=O)CC#N,30
80645,CCOC(=O)C(F)(F)F,30
80647,CCCCCCCCC(=O)O,30
80648,CC(C)C(=O)Cl,26
80649,BrCCCBr,30
80650,CC(C)CBr,30
80652,CCC(C)O,26
80656,CC[N+](CC)(CC)CC.[Br-],26
80657,N[C@H](CO)C(=O)O,30
80658,N[C@H](Cc1c[nH]cn1)C(=O)O,41
80659,CC(C)C(=O)C(C)C,26
80660,N#CCBr,46
80661,CC(=O)c1ccc(F)cc1O,66
80664,CCC(=O)CC(=O)CC,68
80667,CSCC[C@@H](N)C(=O)O,30
80668,Fc1cccc2ccccc12,30
80670,Nc1ccc2cc3ccc(N)cc3nc2c1.O=S(=O)(O)O,63
80672,Clc1cccnc1,30
80674,C1CNCCN1.O=C(O)CCCCC(=O)O,30
80675,CCCCCCCCCCCCCl,33
80676,C=CC(C)(C)O,26
80677,COc1cccc(OC)c1C(C)=O,93
80678,COC(C)(OC)OC,26
80680,Cc1nc(SCC(=O)O)n[nH]1.N=C(N)NCCC[C@H](N)C(=O)O,30
80683,Fc1ccc(I)cc1Cl,26
80694,OCCCCCCO,30
80695,C#CCO,26
80696,CCCCCO,30
80697,CC(C)CCO,30
80698,CC(C)CO,30
80699,OCCOc1ccccc1,30
80700,OCCCO,30
80701,OCCS,26
80702,OC1CCCC1,30
80703,OCC1CCCO1,26
80704,CCCCCCCO,26
80705,CCCCC(CC)CO,26
80706,Fc1ccccc1,30
80707,Ic1ccccc1,30
80708,N#Cc1ccccc1,26
80709,Cc1ccc(Br)cc1,30
80710,N#CC(Cl)Cl,43
80711,BrCCCCCBr,30
80712,CCCCCCCCl,39
80713,CCCCCCCCCCBr,30
80714,Cc1ccc(O)cc1,30
80715,Oc1ccccc1,26
80716,NCCCN1CCCC1=O,90
80718,CCCCn1ccnc1,21
80719,OCC(F)(F)F,30
80720,O=C(O)CCS,26
80721,CC1CNCC(C)C1,30
80722,NCc1cccnc1,30
80723,CC(=O)CCC(C)C,26
80724,NCCCN1CCOCC1,30
80725,COC(=O)[C@H]1CCCN1C(=O)OC(C)(C)C,26
80726,CCOC(CBr)OCC,30
80732,C=CCCCCCCCCCC,30
80739,COc1ncccc1I,34
80742,CNc1ccc(Br)cc1,94
80748,ClC12CC3CC(CC(C3)C1)C2,63
80749,CC(C)(C)OC(=O)NOCC(=O)O,54
80759,CC(C)CCN,60
80760,ClCCOCCOCCCl,26
80761,N#CCC#N,26
80762,CCCCCCCCCCCCCCCCCl,21
80763,CC(C)CC(=O)O,30
80764,Cl.Cl.NCCNc1cccc2ccccc12,34
80768,C=CN1CCCC1=O,30
80769,CC(C)CC(=O)CC(C)C,26
80770,CCC(C)C(C)=O,91
80772,Cc1cccc2ccccc12,26
80773,BrCC(Br)CBr,30
80774,Cc1cccc(C)c1Cl,35
80775,CC(=O)c1ccccc1F,30
80776,Cc1ccc(C)o1,30
80777,CC(=O)C1CC1,30
80778,ClCCCCCCl,30
80779,BrC1CCCCC1,33
80780,Cc1cccc(N)n1,26
80781,CC(C)N1CCC(=O)CC1,36
80782,CCCCCCCCCCO,26
80783,Nc1ccc(F)cc1F,26
80784,Nc1ccc(F)c(F)c1,30
80785,CCCCCCCCCCCC(=O)Cl,26
80787,OCCCCCl,39
80788,OCc1ccccc1,26
80789,CCN(CC)C(=O)Cl,26
80790,Clc1cccs1,30
80791,O=Cc1ccccc1C(F)(F)F,30
80792,O=P(Cl)(Cl)c1ccccc1,26
80801,Nc1cccc2cc(S(=O)(=O)O)ccc12,29
80809,CC(=O)[O-].[Ag+],30
80818,Cc1ccc(Cl)cc1B(O)O,55
80834,O=C1CCCc2ccccc21,30
80835,OC1CCCCCC1,36
80836,CC(S)C(=O)O,26
80837,OCC(F)(F)C(F)F,31
80838,O=[N+]([O-])c1ccc(SSc2ccc([N+](=O)[O-])cc2)cc1,30
80839,O=C=Nc1ccc(N=C=O)cc1,38
80840,CC(O)COc1ccccc1,21
80842,CC1CCCCC1=O,60
80843,N#CCc1ccccc1F,30
80844,COc1ccc(CCN)cc1OC,33
80846,CC(=O)c1ccco1,26
80847,NC1CCCCCC1,38
80849,CC(=O)C1CCCCC1,69
80850,CCOC(=O)CCCC(=O)Cl,56
80851,CCC(N)CCN,21
80852,O=C(O)C(F)(F)Cl,30
80853,Oc1ccc(F)c(Cl)c1,39
80854,O=C(O)c1c[nH]c(=O)[nH]c1=O,38
80855,OCCN1CCCC1,30
80857,Cc1ncsc1CCO,30
80858,FC1(F)Oc2ccccc2O1,38
80859,CCN1CCC(=O)CC1,39
80860,CCC(=O)c1ccc(F)cc1,30
80861,COCCOCC(=O)O,48
80862,CC1=CC(=O)CC(C)(C)C1,26
80863,N#CCc1cccc(F)c1,30
80864,NCCCN,26
80865,O=S1(=O)CCCCO1,30
80866,O=C1OCCC1Br,30
80881,CC1CCCC(C)C1O,82
80909,O=C(O)/C=C/c1cc(Br)ccc1F,21
80923,CC(C)(C)CC(=O)O,26
80924,CC(C)(C)c1ccccc1,30
80925,S=C=Nc1ccccc1Cl,49
80926,CCOc1ccccc1N,26
80927,CC(C)OCCO,26
80928,CCCN,41
80929,CCOC(=O)NN,26
80930,O=Cc1ccc(C=O)cc1,30
80931,OCc1cccs1,30
80932,Clc1ccccc1C(Cl)(Cl)Cl,21
80933,COC(=O)C(C)Cl,31
80935,C#CC(=O)OCC,41
80936,C=COCC,35
80937,OCCCc1cccnc1,72
80938,c1cc[nH]c1,30
80939,CCNC(N)=O,30
80940,CCCc1ccccc1,26
80941,OCC1CCCNC1,30
80942,C=CCCCCCCCCC(=O)Cl,34
80943,CN(C)CCCNCCCN(C)C,21
80944,CCOC(=O)C(=O)Cl,26
80946,CC1CCCCN1,30
80947,O=C(Cl)Oc1ccccc1,26
80948,CCC(C)(C)N,29
80949,CC1CCCC(O)C1,77
80950,COc1ccc(Cl)cc1C(=O)O,30
80951,Nc1ccc(CC(=O)O)cc1,30
80952,CCOC(CC)(OCC)OCC,30
80953,Cc1onc(-c2ccccc2)c1C(=O)O,35
80954,CCc1cccc2cc[nH]c12,64
80955,CC(=O)CC(=O)OC(C)C,26
80958,Cc1ccc(O)c([N+](=O)[O-])n1,46
80979,CC(=O)[O-].O.O.O.[Na+],30
80990,CC[N+](CC)=S(F)F.F[B-](F)(F)F,56
81005,C#CCN.Cl,94
81011,ClC(c1ccccc1)c1ccccc1,30
81012,CC(C)c1cccc(C(C)C)c1,26
81013,BrC1CC1,41
81014,O=C=Nc1ccccc1Cl,39
81015,Cc1cccc(N=C=O)c1,33
81016,CC(C)c1ccccc1O,30
81017,BrCCCc1ccccc1,30
81019,CC(C)(C)C(=O)CC(=O)C(C)(C)C,35
81020,Cc1ccc(S)c(C)c1,36
81021,Cc1cccc(Cl)c1,30
81022,CCC(=O)c1ccc2cc(OC)ccc2c1,61
81023,CCCC[Sn](Cl)(CCCC)CCCC,26
81024,c1ccc(Cc2ccccc2)cc1,26
81025,C=C(C)OC,26
81026,COC(=O)CS,26
81027,Cc1ccc(C)s1,29
81028,Cc1ccccc1CS,93
81029,OCC(F)(F)C(F)(F)F,30
81030,Brc1ccccc1Br,30
81031,C=CCc1ccccc1O,29
81032,Cc1ccccc1CCl,30
81033,CCCc1ccncc1,30
81035,COc1c(C)cc(Br)cc1C,21
81036,ClCCCc1ccccc1,30
81037,COCC(=O)Cl,29
81038,O=Cc1ccccc1C=O,30
81039,CC(C)(C)Br,26
81040,O=C(Cl)c1ccc(Br)cc1,31
81041,C1CCOC1,26
81042,CC(=O)C=C(C)C,26
81043,OCc1cccnc1,30
81044,CCN(CC)C(=S)[S-].O.O.O.[Na+],30
81045,COC(=O)CCS,26
81053,COC(=O)/C=C/c1ccc(OC)cc1,66
81102,CC(=O)OCC(=O)Cl,30
81104,Cc1ccccc1C(O)c1ccccc1,34
81105,Cc1ccc(C(C)C)cc1O,26
81106,CCc1ccccc1N,26
81107,CCCCS(=O)(=O)Cl,30
81108,CC(C)=CCCC(C)CC=O,26
81109,Cc1ncc([N+](=O)[O-])[nH]1,30
81110,O=C(O)c1cc(Br)cc(Br)c1O,46
81112,CCc1cc(Cc2cc(CC)c(N)c(CC)c2Cl)c(Cl)c(CC)c1N,21
81113,Cn1ccnc1,30
81114,CC(=O)[O-].[Na+],30
81116,Cc1cccc([N+](=O)[O-])c1,26
81117,SCCCS,33
81118,COc1ccc(OC)c(CO)c1,83
81119,COCCOCCN(CCOCCOC)CCOCCOC,30
81120,CN(CC(=O)O)CC(=O)O,30
81121,CC(=O)CCCC(=O)O,45
81122,COCCCl,30
81123,O=CC1CCOC1,76
81124,O=C(Cl)COc1ccc(Cl)cc1,51
81127,CC1=NCCN1,76
81129,O=C(Br)CBr,26
81130,COC(C)(OC)N(C)C,39
81131,CCC(C)C=O,30
81132,COc1cccc(C)c1,21
81133,C1=COCCC1,30
81135,Cc1ccc(Cl)nc1,30
81145,Cc1cccc(C(N)=O)c1,42
81210,CCCCC#N,30
81211,C=COC(C)=O,26
81212,N#CC1CC1,31
81213,O=C1C=C(O)C(=O)C=C1O,46
81214,CCOC(=O)CC(=O)C(=O)OCC,30
81215,OB(O)c1cc(Cl)ccc1Cl,66
81216,COCCBr,30
81218,O=S1CCCC1,96
81219,C=CCCO,44
81220,CC(=O)S,21
81221,CCOC(=O)CCCl,30
81222,CC(C)S,26
81224,Cl.NCCCCCC(=O)O,21
81225,CCNC1CCCCC1.Cl,26
81226,Cl.NC(CS)C(=O)O,26
81227,CCN(CC)C(=S)[S-].[Na+],96
81234,O=C(N[O-])c1ccccc1.[Na+],23
81235,Cl.Nc1ccccc1Nc1ccccc1,30
81241,Cl.NC(CO)(CO)CO,30
81298,COc1ccc2ncc(C(=O)O)c(O)c2c1,91
81312,O=S(=O)(Cl)c1ccc(I)cc1,40
81314,O=C1C=CC(=O)C=C1.Oc1ccc(O)cc1,21
81316,Cc1ccc(C(=O)Cl)cc1,30
81317,Nc1ccc([N+](=O)[O-])cc1,21
81325,NCCc1cccc(F)c1,44
81328,C#CCCO,30
81331,CC(=O)CCCCl,26
81398,N=C(N)N1CCOCC1.N=C(N)N1CCOCC1.O=S(=O)(O)O,59
81402,CC(C)CCON=O,26
81403,C=C(CC(=O)OC)C(=O)OC,30
81404,O.c1cnc2c(c1)ccc1cccnc12,30
81405,CC(C)(C(=O)O)C(=O)O,33
81407,Fc1cccc(Br)c1,30
81408,C1CN=C2CCCN2C1,30
81409,COCCOCCOCCOC,26
81412,C=C(F)C(=O)OC,55
81414,C=NCC#N,29
81419,CCC[N+](=O)[O-],26
81420,CCOCCN,46
81421,O=C1CCCCO1,26
81422,CC(=O)OI(OC(C)=O)c1ccccc1,30
81444,O=C(O)COc1ccccc1[N+](=O)[O-],21
81446,O=C(O)c1ccc(OC(F)F)cc1,94
81449,Cl.O=C(O)C1Cc2ccccc2CN1,30
81453,COCCN=C=S,57
81454,CC(C)c1ccc(N=C=S)cc1,84
81455,CCOc1ccccc1N=C=S,89
81456,S=C=NC1CC1,46
81487,COc1ccc2c(c1)Nc1ccccc1S2,31
81492,Cc1ccc(NC(=S)NN)cc1,83
81495,CCO/C=C/C(=O)C(F)(F)F,58
81496,CC(=O)NCCC(=O)O,53
81504,COc1cc(OC)cc(C(=O)NN)c1,48
81527,COC(=O)c1sc(-c2ccccc2)cc1N,80
81534,COc1cc(C)ccc1C,21
81535,CCC(=O)c1ccc(OC)cc1,30
81536,COc1ccccc1C#N,30
81538,COc1cccc(OC)c1,30
81539,COc1ccc(CCC(C)=O)cc1,26
81540,COc1cccc(C(C)=O)c1,30
81541,COc1ccc(I)cc1,30
81542,COc1ccc(C)cc1OC,30
81543,COc1ccc(CO)cc1,30
81544,NCc1ccccc1Cl,30
81546,Cc1cc(Br)sc1Br,37
81547,CC1(CO)COC1,30
81548,O=C(C1CCCO1)N1CCNCC1,21
81549,BrC1CCCC1,30
81550,SCc1ccccc1,26
81553,CC(C)c1ccc(CCl)cc1,48
81554,Oc1ccccc1Br,30
81555,Cc1cscn1,30
81556,CC(C)CCC(=O)O,30
81557,C=CCc1ccccc1,48
81558,COc1cc(O)cc(OC)c1,45
81559,C=CCc1ccc(O)c(OC)c1,26
81560,c1ccc(NC2CCCCC2)cc1,38
81561,Fc1ccc(OCCCCl)cc1,40
81564,CN(C)CCN(C)C,21
81566,COc1ccc(C)cc1NC(N)=S,99
81569,CSCCC(NC(=O)c1ccccc1)C(=O)O,76
81573,NNC(=O)c1cccc(O)c1,99
81574,O=S(=O)(Cl)c1cc(Cl)cc(Cl)c1,41
81575,NC(=S)NCCc1ccccc1,31
81580,O=C(O)c1cc(Cl)c(O)c(Cl)c1,26
81583,O=C(O)CNC(=O)Cc1ccccc1,76
81584,CCOc1ccccc1C(C)=O,33
81585,CSCC(=O)O,47
81590,NC(=S)c1ccc(F)cc1,26
81591,Cc1ccccc1OCC1CO1,21
81592,CC(C)NC(N)=S,71
81597,C=CCCC=C,26
81613,O=Cc1ccc(-c2ccc([N+](=O)[O-])cc2)o1,30
81614,c1ccc2sc(Cc3nc4ccccc4s3)nc2c1,75
81615,Cc1nc2ccccc2s1,30
81616,Cc1cccc(C(=O)NCC(=O)O)c1,44
81617,FC(F)(F)c1nc2ccccc2[nH]1,44
81619,O=S(=O)(Cl)c1cccc(C(F)(F)F)c1,30
81620,CC(=O)c1cc(F)ccc1O,30
81621,NNC(=O)Cc1ccccc1,51
81622,CCOC(=O)CCC(=O)O,34
81623,O=S(=O)(Cl)c1ccc(Cl)c(Cl)c1,29
81625,O=C(O)c1ccc(-c2ccc(O)cc2)cc1,54
81628,NNc1ccnc2cc(Cl)ccc12,98
81631,C=CCNC(N)=S,26
81632,NN1C(=O)c2ccccc2C1=O,58
81633,CCCCCCCCOc1ccc(C=O)cc1,30
81634,Fc1ccc(N=C=S)cc1,31
81635,Cc1ccccc1N=C=S,33
81636,N#Cc1cccs1,49
81637,N#CCCCl,29
81638,CNCCC#N,30
81639,CCCCCOc1ccc(C=O)cc1,21
81641,COC(C(=O)[O-])c1ccccc1.[Na+],72
81642,Clc1ccc(CN2CCNCC2)cc1,69
81644,Cc1cc(C#N)ccc1N,64
81651,COC(=O)CCC(=O)OC,30
81654,CC(O)C#N,56
81668,CC(C)(C)OC(=O)C[C@H](NC(=O)OC(C)(C)C)C(=O)O,36
81670,CC(=O)c1cc(Cl)ccc1Cl,30
81672,O=S(=O)(Cl)CCCl,29
81673,Cc1ccc(N=C=S)cc1Cl,39
81674,c1ccc(CN2CCCCC2)cc1,30
81675,O=C(Oc1ccccc1)c1cc2ccccc2cc1O,84
81678,CCC(=O)CC(C)CC,95
81679,COC(=O)C(C)Br,30
81680,NNC(=O)c1cccs1,24
81681,CC(C)(C)C(=O)CC#N,30
81682,NC(=O)Nc1ccccc1F,81
81683,Sc1ncccn1,50
81684,N#CCc1c(F)cccc1Cl,34
81685,CC(C)(C)c1ccc(OCC2CO2)cc1,21
81686,CNC(=O)c1ccccc1N,38
81687,Cc1ccc(C)c(N)c1,26
81689,c1ccc(Oc2ccccc2)cc1,26
81690,Oc1cccc(O)c1O,30
81691,Nc1cccc(Cl)c1,26
81692,C1CCCNCC1,33
81693,CC(=O)O,30
81694,c1ccc(Cc2ccccn2)cc1,26
81695,CN(C)c1cccc2ccccc12,81
81696,CC(C)(C)c1ccc(C(=O)NN)cc1,33
81698,NNC(=O)c1ccccc1O,30
81699,ClCc1cccc(Cl)c1,33
81700,Fc1ccccc1CCl,33
81702,COC(=O)c1ccc(Cl)c([N+](=O)[O-])c1,30
81703,C#CC(C)(O)C=C,94
81704,COc1ccc(C(=O)O)c2ccccc12,50
81705,CCOC(=O)c1c(N)sc2c1CCN(C)C2,80
81720,O=C(O)C(O)c1ccc(F)cc1,33
81722,O=C(CBr)c1cccc(F)c1,81
81723,Fc1ccc(CN=C=S)cc1,48
81727,CC(=O)NNc1ccccc1,30
81731,O=[N+]([O-])c1ccc2nc[nH]c2c1,26
81732,CC(=O)O.N=CN,30
81733,Cl.NNc1ccc(OC(F)(F)F)cc1,49
81768,COc1ccc([N+](=O)[O-])cc1,21
81769,c1ccc(CNc2ccccn2)cc1,30
81776,O=C(NC1CCCCC1)NC1CCCCC1,30
81781,Cc1ccc(S(N)(=O)=O)cc1,26
81782,COS(=O)(=O)c1ccccc1,26
81786,Cc1ccc(S(=O)(=O)NCc2ccccc2)cc1,31
81789,CCCCNS(=O)(=O)c1ccccc1,26
81801,Cc1cc(C)cc(C)c1,30
81815,c1ccc(Sc2ccccc2)cc1,26
81816,Cc1ccc(Cl)c(Cl)c1,26
81817,COc1ccc(F)cc1OC,75
81818,CC(=O)Oc1ccc(-c2ccc(OC(C)=O)cc2)cc1,39
81819,CC(C)N=C=NC(C)C,26
81820,CC#N,26
81821,CC(CC(=O)Cl)CC(C)(C)C,30
81822,CCN=C=NCCCN(C)C.Cl,30
81823,OC1CCc2ccccc21,46
81824,N#CCCc1ccccc1,58
81825,CCOC(=O)C(Br)CC,26
81826,CC(=O)OC(C)(C)C,26
81828,CSc1ccc(N)cc1,39
81829,Oc1cccc2c1CCCC2O,54
81830,C#CCCCO,53
81831,CCc1ccccn1,26
81832,FC(F)(F)Oc1ccccc1,30
81833,CCCCCCCCN,26
81835,OCCCCl,26
81836,Clc1nc2ccccc2s1,30
81838,Cc1cc(C)cc(Br)c1,30
81839,CC[SiH](CC)CC,29
81840,COc1ccc2ncccc2c1,24
81841,COc1ccc(Cl)cc1Br,30
81843,Clc1nc2ccccc2nc1Cl,46
81844,Cc1cccc(C)c1,26
81845,CCCCCCCCc1ccccc1,89
81846,CC(CC(=O)O)CC(C)(C)C,30
81848,O=S(=O)(Nc1ccccc1)c1ccccc1,53
81863,Cc1csc(C)n1,30
81864,CCOc1ccccc1C=O,30
81865,CCOc1ccc(C=O)cc1OC,39
81866,COc1ccc(Br)cc1,30
81867,CCOc1ccc(C#N)cc1,30
81868,COc1ccccc1OC,30
81869,COC(=O)c1ccc(Cl)cc1N,31
81870,CCOc1ccc2ccccc2c1,30
81872,Oc1cccc(Cl)c1,30
81873,Nc1cccc(C(=O)O)c1,26
81874,CC(C)c1cccc(C(C)C)c1N,30
81875,CCCCCCCCCl,30
81876,CCCCCCCCCCCCCCCBr,42
81877,IC1CCCCC1,29
81878,Cc1cccc(Oc2ccccc2)c1,26
81879,Cc1cccc(O)c1,30
81881,O=S(=O)(Cl)c1ccccc1,30
81882,CCCCN=C=S,40
81884,[Cl-].c1ccc(-c2nn(-c3ccccc3)[n+](-c3ccccc3)n2)cc1,21
81885,CC(=O)C(Cl)C(C)=O,31
81886,CCCCCCCC(=O)Cl,30
81887,CC(=O)C(C)=O,30
81889,Cc1ccc(C(C)(C)C)cc1,30
81890,O=C1CCCCC1,30
81891,OCCN1CCOCC1,26
81892,c1ccc(CC2CCNCC2)cc1,30
81893,CN1CCN(N)CC1,30
81894,CCCCCCCCCCCCN.Cl,44
81895,CCCNCCC,26
81896,Nc1cc(Cl)cc(Cl)c1,26
81898,CCOC(=O)CC(=O)C(F)(F)F,30
81899,O=c1c2ccccc2ccc2ccccc12,76
81908,N#CC1CCCCC1,60
81910,O=C(Cl)Cc1ccc(Cl)cc1,63
81912,Cn1cnc(C#N)c1C#N,30
81914,Cc1nccn1C,30
81916,COc1ccc(P2(=S)SP(=S)(c3ccc(OC)cc3)S2)cc1,26
81917,CCC(C)C(=O)O,30
81927,COC(CC(C)=O)OC,30
81928,c1ccc(P(c2ccccc2)c2ccccc2)cc1,30
81930,C=C(C)c1cccc(C(C)(C)N=C=O)c1,57
81931,CC(C)C#N,26
81932,C1C2CC3CC1CC(C2)C3,26
81933,c1ccc2nc3ccccc3nc2c1,30
81935,Fc1cc(Br)ccc1C(F)F,98
81943,COC(=O)c1ccc(Br)cc1OC(F)(F)F,84
81944,FC(F)(F)c1ccc(I)c(Cl)c1,44
81954,CCOC1CCC=CO1,89
81955,CC1(C)CC(N=C=O)CC(C)(CN=C=O)C1,32
81957,O=CC1CCCCC1,30
81959,OCCN1CCCCC1,26
81961,COc1ccc(OC)c(C(C)=O)c1,26
81962,CCOC(=O)C(=O)CBr,28
81963,COc1ccccc1CO,26
81964,NCCCNC1CCCCC1,21
81965,Cc1ccc(C=O)c(C)c1,58
81966,Cc1ccc(C)c(C=O)c1,33
81967,COC(=O)CC(=O)Cl,38
81969,COCCOC(=O)CC#N,27
81970,NCCCN1CCN(CCCN)CC1,21
81971,ClCCOc1ccccc1,26
81972,CC(C)(C)c1ccncc1,55
81973,O=C(O)CCC1CCCCC1,30
81974,CC(=O)CC(N)=O,30
81975,Fc1ccccc1N=C=S,60
81976,O=C(CCl)CCl,28
81989,O=C(O)c1cc(Br)nn1-c1ncccc1Cl,72
82017,CC(C)(C)C1CCCCC1=O,60
82018,CCCS(=O)(=O)Cl,26
82021,CC[N+](CC)(CC)CC.[I-],30
82022,CC1(C)CC(=O)CC(C)(C)C1,86
82025,CN(C)c1ccc(N=Nc2ccccc2C(=O)O)cc1,30
82026,N#CCCCCl,26
82027,CC(C)OC(=O)CC#N,21
82028,CC(C)(C)c1ccc(CBr)cc1,49
82029,NNC(=O)CCCO,32
82030,CCCC(=O)c1ccc(Cl)cc1,55
82031,CCc1ccc(Cl)c(CC)c1N,27
82033,c1ccc(C2CCCCC2)cc1,30
82035,O=C(O)c1ccccc1-c1ccccc1,30
82037,CC(=O)c1ccc(C)cc1C,31
82038,CCc1cc2ccccc2o1,41
82039,Cl.Nc1ccc(C(=O)c2ccccc2)cc1N,30
82040,O=C=Nc1cccc2ccccc12,48
82051,O=[N+]([O-])c1cc(I)c(O)c(I)c1,93
82106,ClCc1ccc(Cl)cc1Cl,30
82108,COc1cc(C=O)c([N+](=O)[O-])cc1OC,54
82109,Clc1ccccn1,26
82110,ClCc1ccc(Cl)c(Cl)c1,30
82111,CCOC(=O)C=C(C)N,31
82112,CC(=O)c1ccc(O)cc1O,30
82113,OCc1ccccn1,30
82114,O=CC1CC=CCC1,39
82116,Cc1ccc(O)c([N+](=O)[O-])c1,26
82117,CCCCOC(=O)CCCCC(=O)OCCCC,30
82118,O=[N+]([O-])c1cc(C(F)(F)F)ccc1F,30
82119,CCCCNS(=O)(=O)c1cccc(N)c1,48
82121,COc1cccc(CO)c1,30
82122,BrCCCOc1ccccc1,30
82166,CC(C)CNCC(C)C,26
82167,O=C([O-])CSc1cc(Cl)ccc1Cl.[K+],27
82173,CCOC(=O)C(=O)c1ccccc1,75
82176,CCC1(C)CC(=O)NC(=O)C1,34
82180,CC(C)(C)C(N)=O,30
82181,O=C(Cl)CCCCC(=O)Cl,39
82182,CNc1ccc(C(=O)O)cc1,35
82187,Cc1ccc2c(Cl)cc(Cl)c(O)c2n1,35
82219,Cc1cc(F)ccc1Br,30
82221,Brc1cncnc1,36
82225,O.O=C1NC(=O)C(=O)C(=O)N1,21
82226,Cl.NC(c1ccccc1)c1ccccc1,30
82230,N[C@@H](Cc1c[nH]c2ccccc12)C(=O)O,29
82231,C=CC[Si](C)(C)C,40
82233,O=C(c1ccccc1)C1CC1,61
82234,O=C(O)[C@@H]1C[C@@H](O)CN1,30
82236,CC(C)(C)C=O,90
82239,CC(C)=CC=O,48
82240,c1ccc2c(c1)COC2,56
82241,CCOP(=O)(CC#N)OCC,30
82242,CC(CC=O)c1ccccc1,44
82243,O=C(O)CNCc1ccccc1,41
82244,CCOC(=O)C(C)Cl,30
82245,Nc1ccc(C(=O)O)c(C(=O)O)c1,30
82247,ClCCCCCCCl,30
82248,OC[C@H]1O[C@H](O)[C@H](O)[C@@H](O)[C@@H]1O,21
82249,CC1CCCO1,30
82250,COC1CCC=CO1,26
82252,O=C(Cl)Cc1ccccc1,30
82253,CN(C)CCN,30
82254,COCCNCCOC,50
82256,CC1=CC(=O)CC1,49
82257,CC(C)(N)CO,29
82258,CC(C)CI,30
82259,OCCCc1ccncc1,60
82260,COC(=O)CCCCC(=O)OC,30
82261,CCCCCCCCCI,28
82262,Nc1ccc(OC(F)(F)F)cc1,26
82263,CC(C)CCCl,60
82264,ClC1CCCCC1,26
82265,Nc1cccc2c(O)cccc12,31
82266,CN(C)CCCO,30
82267,Nc1c(F)cccc1F,30
82268,CC1CCC(O)CC1,30
82269,FC(F)(F)c1cccc(C(F)(F)F)c1,30
82271,CCC1CCCCC1O,96
82272,CCCCCCI,21
82273,O=c1c(O)c(-c2ccc(O)c(O)c2)oc2cc(O)cc(O)c12,26
82275,CC(C)c1ccc(N)cc1,30
82276,C=CC(=O)OC,30
82277,NNc1ccccc1[N+](=O)[O-],44
82278,O=Cc1cccc(Cl)c1,30
82279,N#Cc1c(F)cccc1F,30
82280,O=Cc1ccccc1F,30
82290,Cl.Nc1ccc(C(=O)NCCC(=O)O)cc1,26
82293,Cl.Cl.NC1CN2CCC1CC2,71
82295,Cl.NNC(=O)Nc1ccccc1,40
82303,Cc1ccc(CCl)cc1,30
82304,OCCCc1ccccc1,30
82305,Cc1ccc(C)c(Br)c1,30
82306,FC(F)(F)c1cccc(CCl)c1,30
82307,Cl.NCCCC(N)C(=O)O,21
82308,CCOC(=O)C#CC(=O)OCC,41
82309,CCOC(=O)c1ccccc1C(=O)OCC,30
82311,O=Cc1c(F)c(F)c(F)c(F)c1F,49
82312,N#CCc1ccccn1,40
82317,NCc1cccs1,45
82318,OCCC1CCCCN1,30
82319,COc1cccc(CCl)c1,26
82320,CC(NC(=O)OCc1ccccc1)C(=O)O,30
82321,O=C(c1ccc(Cl)cc1)C1CC1,74
82322,CCC(=O)c1ccc(Cl)cc1Cl,21
82323,CCCCCC(C)=O,30
82349,CCOC(=O)CC(=O)C(C)(C)C,58
82350,CCC(=O)CC(=O)OC,30
82351,COC(=O)CC(=O)C(C)C,30
82352,Br.Br.CCCN1CCNCC1,50
82353,Cc1ccc(O)c(O)c1,26
82354,Cc1ccc(O)c(C)c1,21
82355,c1cc2c(cn1)CCCC2,63
82356,COC(CCl)OC,30
82357,O=S(=O)(Cl)CCCCl,30
82358,Cc1cccc(CCl)c1,30
82359,COc1ccccc1CCN,39
82360,Fc1ccc(-c2cc3ccccc3[nH]2)cc1,50
82362,CCC(CC)c1ccncc1,30
82363,C=Cc1ccc(Cl)cc1,33
82364,CC(C)c1cccc(N)c1,30
82365,CN1CCCCCC1=O,30
82366,CCOc1ccc2c(c1)C(C)=CC(C)(C)N2,26
82367,Cc1cccc(C#N)c1,30
82368,c1ccc(-c2cccnc2)cc1,57
82369,CCCC(=O)CC(=O)OCC,30
82370,Ic1ccc(I)cc1,30
82372,CCOC(=O)C(C)C(=O)OCC,26
82373,O=C(Cl)c1ccc(C(F)(F)F)cc1,26
82374,O=C(O)C1CC2C=CC1C2,36
82376,CCOCC(=O)O,38
82377,CC(=O)C(=O)O,30
82378,CC(=O)C1CCOC1=O,30
82379,CC(C)CC(=O)Cl,26
82380,CC(=O)CC(=O)OCc1ccccc1,21
82416,CCOC(=O)C1CCCCC1=O,30
82417,CSCCCN=C=S,29
82418,Nc1ccc(F)cc1Cl,30
82419,NC1CC1,30
82420,Cc1ccc(C(C)(C)C)c(O)c1,26
82421,N#CCc1cccs1,29
82422,CC(C=O)c1ccccc1,26
82423,COC(=O)CC(=O)C(C)(C)C,66
82424,N#CCCNCCC#N,30
82428,O=C(O)/C=C/c1cc(C(F)(F)F)cc(C(F)(F)F)c1,21
82429,COC(=O)/C=C/c1ccc(Br)cc1,78
82435,COC(=O)/C=C/CC(=O)OC,33
82451,OB(O)c1cccc(Cl)c1F,64
82468,CC1(C)Cc2cccc(O)c2O1,33
82469,Oc1ccc2c(c1)CCC2,56
82470,CC(C)OC(=O)N=NC(=O)OC(C)C,27
82471,CCC(=O)C(=O)CC,26
82472,c1ccc2c(c1)CCCN2,30
82473,Cc1ccco1,30
82474,Nc1cccc(Br)c1,30
82475,CCN1CCNCC1,30
82476,Nc1cccc(F)c1,30
82477,CCc1cccc(C)c1N,26
82478,Nc1ccccc1C(F)(F)F,26
82479,Cc1ccncc1,30
82480,Brc1cccnc1,26
82481,Cc1cc(C)nc(C)c1,30
82482,CCOC=C(C(=O)OCC)C(=O)OCC,26
82483,O=Cc1ccc(F)cc1,30
82484,CC(=O)c1cccc(Br)c1,30
82485,O=C(Cl)c1ccccc1Cl,21
82486,CC(=O)c1cccc2ccccc12,30
82487,O=C1CCCC1,26
82488,CN1CCC(=O)CC1,30
82518,CCOC(=O)CC(=O)OCC,26
82519,CCOCCBr,30
82520,O=C(Cl)CCC(=O)Cl,34
82522,Fc1ccccc1F,30
82523,CCC(Br)C(=O)O,26
82524,CCCC(=O)Cl,26
82525,CC1(C)OC(=O)CC(=O)O1,30
82526,CC(C)C(=O)OC(=O)C(C)C,26
82527,ClCCCCl,31
82528,CCCI,30
82529,CCCCI,30
82530,BrCCCCBr,30
82531,O=C(OC(=O)C(F)(F)F)C(F)(F)F,26
82532,CC(C)(C)O,26
82533,CCCCCCCCO,30
82534,CC(O)CCO,30
82538,C#CC(C)(C)N,54
82539,N=C(N)NCCCC(N)C(=O)O.O=P(O)(O)O,26
82541,N[C@@H](CCO)C(=O)O,60
82546,Cc1cc(C)cc(N)c1,26
82547,O=CC1CC2C=CC1C2,48
82548,CC(=O)CCC(=O)O,30
82549,CCOCCCN,26
82551,c1ccc(Cc2ccncc2)cc1,21
82553,NCCc1ccc(Cl)cc1Cl,74
82554,CCC(C)NC(C)CC,48
82555,CC(C)(C)c1ccccc1N,45
82556,S=C=NC1CCCCC1,60
82557,Nc1ccc(Cl)cc1F,30
82558,CC(=O)CC(=O)OC(C)(C)C,30
82559,Fc1cc(F)c(F)c(F)c1F,36
82560,NC1CCCC1,39
82561,Fc1ccc(F)cc1,30
82562,CCNc1ccccc1C,21
82563,CCOC(=O)CS,26
82596,CCOC(=S)[S-].[Na+],21
82603,O=[N+]([O-])c1ccccc1F,30
82604,CC(=O)C(C)C,26
82605,COC(=O)CC(=O)CC(=O)OC,30
82606,O=C(Cc1ccccc1)Cc1ccccc1,30
82607,CC(C)(C)OC(=O)NN,35
82609,CCOC(C)(OCC)OCC,30
82610,Sc1ccccc1Cl,40
82611,Cc1ccccc1C=O,30
82613,NC1CCC(CC2CCC(N)CC2)CC1,40
82614,CSc1ccc(C=O)cc1,33
82615,Cc1cccc(C=O)c1,30
82616,NCc1cccc(CN)c1,30
82617,CC(Cl)C(=O)Cl,25
82618,Fc1ccccn1,30
82619,CCC(C)c1ccccc1,30
82620,O=Cc1ccccc1Br,30
82621,N#CCc1cccc(C(F)(F)F)c1,30
82636,Oc1ccccc1Cl,30
82638,ClCCCCBr,26
82643,NNc1ccc2ccccc2c1,22
82663,CC1(C)[C@@H]2C[C@@H](O)[C@@](C)(O)[C@H]1C2,68
82670,CCOC(=O)/C=C/C(=O)OCC,30
82674,CSc1cccc(B(O)O)c1,50
82675,Cc1cc(C(C)(C)C)nc(C(C)(C)C)c1,96
82677,CCOC(=O)/C=C/N(C)C,30
82682,CC(C)(C)OC(=O)N1CCCC(S(=O)(=O)[O-])C1.CCCC[N+](CCCC)(CCCC)CCCC,21
82699,COc1cccc(OC)c1I,69
82715,CC(C)CC(O)C(=O)O,75
82755,Clc1ccc(CBr)cc1Cl,25
82756,Brc1ccccc1-c1nnn[nH]1,50
82758,CCC(=O)c1ccccc1O,26
82759,Cc1cccc(C)c1NC(=O)CCl,21
82760,BrCc1ccccc1Br,30
82763,Cc1ccc(-c2nnn[nH]2)cc1,57
82779,C=CCOc1ccc(C=O)cc1,36
82780,COc1ccccc1C(C)=O,53
82781,COc1ccc2ccc(OC)cc2c1,43
82782,COc1cc(OC)cc(OC)c1,30
82784,CN(C)Cc1ccccc1,30
82785,NCc1ccc(Cl)cc1,39
82786,NCc1cccc(Cl)c1,45
82787,NCc1ccc(F)cc1,30
82788,COc1cccc(CN)c1,36
82789,O=C1CCN(Cc2ccccc2)CC1,30
82801,c1ccc(-c2c[nH]cn2)cc1,61
82804,Cc1c(C)c(C)c(S(=O)(=O)Cl)c(C)c1C,54
82807,N#CCc1cccc(Cl)c1,30
82808,Cc1cccc(N=C=S)c1,33
82809,CC(=O)c1ccc(F)cc1F,30
82811,Oc1ccc(Br)cc1F,30
82812,CC1CCC(=O)CC1,26
82813,COc1ccc(CN)cc1OC,58
82814,Nc1cccc(Cl)c1Cl,26
82815,c1ccc(CNCc2ccccc2)cc1,30
82816,CC(=O)c1cccs1,26
82817,COCCCN,30
82818,Cl.NCCCCC(N)C(=O)O,21
82819,Nc1ccccc1Cl,26
82820,CC(=O)c1ccncc1,30
82821,CC(=O)c1ccc(F)cc1,30
82822,c1ccc(-c2ccccc2)cc1,21
82823,CCCC=O,30
82824,O=C(Cl)c1ccc([N+](=O)[O-])cc1,26
82825,CC(=O)c1ccccc1,26
82826,CCC(=O)c1ccc(C)cc1,30
82828,c1ccc2c(c1)ccc1ccccc12,26
82829,Brc1ccccn1,26
82830,CC(=O)c1ccccc1N,30
82831,Nc1ccc2c(c1N)C(=O)c1ccccc1C2=O,34
82833,O=C(O)CSc1ccc(Cl)cc1,47
82834,COc1ccc(Br)c(OC)n1,81
82837,SCc1ccc(Cl)cc1,41
82840,OCCNCc1ccccc1,30
82841,Cc1nc2ccccc2o1,26
82842,NC(=S)C(N)=S,55
82844,Oc1ccc(F)c(F)c1,29
82846,NC(=O)c1cc(C(=O)CBr)ccc1O,30
82847,Cc1ccc(C(C)C)cc2c(C)ccc1-2,46
82848,N#CCNc1ccccc1,29
82852,Cc1nc(CCl)cs1,95
82855,CC(C)(C)OC(=O)N1C[C@H](O)C[C@H]1C(=O)O,21
82856,CCCC[N+](CCCC)(CCCC)CCCC.O=S(=O)([O-])O,21
82857,C=CC(C)(C)C,21
82858,CCCC[N+](CCCC)(CCCC)CCCC.[Br-],21
82859,N#CCCN1CCCCC1,40
82860,[C-]#[N+]CS(=O)(=O)c1ccc(C)cc1,29
82864,C=CC(=O)OC(C)(C)C,30
82865,C=C(CCl)CCl,36
82866,C=C(OCC)[Sn](CCCC)(CCCC)CCCC,75
82868,COC(=O)CCCCl,26
82869,O=C(O)C(F)(F)C(F)(F)F,30
82870,Cc1cnccn1,30
82871,CC(C)(C)[C@H](N)C(=O)O,30
82874,CCOC(=O)CO,30
82876,CCOC(=O)C[N+](=O)[O-],46
82877,OC1COCOC1.OCC1COCO1,26
82879,COc1cc(C)ccc1O,30
82880,Cc1nc2ccccc2nc1O,26
82881,O=Cc1cc2c(cc1Br)OCO2,89
82883,ClCc1ccccc1Cl,29
82884,Fc1ccc(CCl)cc1,30
82887,CC(=O)c1cc(Cl)sc1Cl,30
82889,Cn1cnc([N+](=O)[O-])c1Cl,30
82890,NC(=S)c1ccc(O)cc1,21
82892,CCOC(CO)OCC,66
82897,Fc1ccc(S)c(F)c1,71
82900,CCOC(=O)C(F)(F)c1ccccc1,36
82910,N#CCC(=O)c1ccc(Cl)cc1,43
82911,O=C(O)CCc1ccccc1Cl,80
82914,CNc1ncccc1CO,75
82917,FC(F)(F)c1cccc(S)c1,94
82925,N#Cc1ccc(OC(F)F)cc1,90
82927,CC(=O)c1ccc(C(C)C)cc1,40
82941,COC(=O)c1ccnc(Br)c1,53
82951,CCCB(O)O,63
82952,CCCCc1ccc(C(=O)O)cc1,33
82953,Sc1ccccc1Br,81
82957,O=C1CC2CCC1C2,68
82958,CSCC[C@@H](NC(=O)OC(C)(C)C)C(=O)O,30
82959,COC(=O)c1cc(Cl)ccc1OC,29
82960,COC(=O)c1cccc([N+](=O)[O-])c1,21
82961,CSc1ccccc1,26
82962,COC(=O)c1ccc([N+](=O)[O-])cc1,26
82963,COC(=O)c1ccc(O)c(Cl)c1,66
82969,N#Cc1cccc(F)c1,30
82970,NC(=S)c1cccc(Cl)c1,67
82971,NC(=S)c1ccc(Cl)cc1,21
82972,FC(F)(F)c1ccccc1CCl,38
82976,O=C(O)Cc1cccc(CC(=O)O)c1,53
82977,Fc1cc(F)cc(Cl)c1,30
82978,Fc1ccc(F)c(I)c1,26
82992,Fc1ccccc1I,30
82994,CCCC[N+](CCCC)(CCCC)CCCC.F[B-](F)(F)F,21
82998,CCOC(=O)c1cccc(Br)n1,35
83007,c1ccc(COc2cccc3[nH]ccc23)cc1,45
83010,OB(O)c1ccc(F)c(Cl)c1,41
83011,OB(O)c1ccc(Cl)cc1F,51
83017,CC(=O)c1ccc(C)s1,48
83019,COc1cccc(CCC(=O)O)c1OC,80
83020,O=C1Cc2cc(C(=O)CCl)ccc2N1,71
83021,NC(=O)N[C@@H](CCC(=O)O)C(=O)O,31
83024,O=C(O)c1cccc2cccnc12,98
83036,NS(=O)(=O)c1ccc(F)cc1F,95
83039,Cc1ccc(C)c(N=C=S)c1,44
83040,Fc1ccc(N=C=S)c(F)c1,57
83041,Cc1ccc(N=C=S)c(C)c1,27
83044,S=C=NCc1ccco1,58
83046,CC1=NN(c2ccccc2Cl)C(=O)C1,56
83063,O=C(CCl)Nc1ccc([N+](=O)[O-])cc1,91
83090,O=C(CBr)c1ccccc1F,46
83102,c1ccc(-c2cnc(-c3ccccc3)o2)cc1,30
83103,CCOc1ccc(N=C=S)cc1,29
83104,N#CCC(=O)N1CCOCC1,96
83106,O=C(O)c1ccccc1C(=O)c1ccc(Cl)c([N+](=O)[O-])c1,49
83107,CC(=O)c1cc(Cl)cc(Cl)c1O,33
83110,O=C(O)c1ccc(OCc2ccccc2)cc1,27
83113,Cc1cc(O)nc2ccccc12,44
83117,CCc1ccc(N=C=S)cc1,63
83118,Cl.NCC(=O)NCC(=O)O,30
83119,FC(F)(F)c1cccc(N=C=S)c1,61
83120,CC1CCCC(=O)C1,39
83121,O=S(=O)(Cl)c1cc(C(F)(F)F)ccc1Cl,74
83132,COc1cc(C(=O)NN)cc(OC)c1OC,25
83134,O=[N+]([O-])c1cccc(SSc2cccc([N+](=O)[O-])c2)c1,88
83135,O=Cc1cccc(O)c1O,50
83136,O=C1CNC(=S)N1,26
83137,Cl.NNc1ccc(Cl)c(Cl)c1,45
83139,CCc1ccc(C(=O)CCC(=O)O)cc1,42
83140,COc1ccccc1N=C=S,55
83141,COc1ccc(N=C=S)cc1,94
83142,O=C(O)c1ccccc1C(F)(F)F,30
83145,Cc1ccccc1Cl,26
83146,Cc1ccc2ccccc2n1,21
83147,S=C=Nc1cccc(Cl)c1,46
83148,O=S(=O)(Cl)c1cccc(F)c1,44
83149,CC12CCC(C(=O)C1=O)C2(C)C,41
83150,c1ccc(COc2cccc3cc[nH]c23)cc1,95
83152,CC(=O)CC(=O)N(C)C,29
83221,CCOC(=O)c1sc(N)nc1C.Cl,30
83222,Cc1cccc(C)c1NC1=NCCCS1,41
83224,CCCCCc1nc2ccccc2[nH]1,34
83240,NNC(=O)COc1ccccc1Cl,30
83259,O=C1NC(=O)C2CC=CCC12,85
83261,CC(C)(C)[N+](=O)[O-],38
83300,Oc1cccnc1I,90
83318,CC(C)CCC[C@@H](C)[C@H]1CC[C@H]2[C@@H]3CCC4=CC(=O)CC[C@]4(C)[C@H]3CC[C@]12C,54
83345,CCCC[Sn](Cl)(Cl)CCCC,26
83347,C[Si](C)(C)CCCCl,81
83348,COc1cc(Br)cc(C(=O)O)c1,81
83350,CCC(C)CBr,87
83408,C=CCCCCl,63
83409,OCc1cc(Br)ccc1O,56
83416,Nc1cccc2ccc(S(=O)(=O)O)cc12,36
83423,N.NC(=O)O,26
83449,CC(C)(C)CCCl,73
83456,CCCCCCCCCCCBr,21
83458,CCC[C@@H](NC(=O)OC(C)(C)C)C(=O)O,90
83472,O=[N+]([O-])/C=C/c1ccc2c(c1)OCO2,76
83497,O=C(O)CCCCNC(=O)OCC1c2ccccc2-c2ccccc21,60
83498,Sc1cccc(Cl)c1Cl,50
83502,C#CCN(C)C,35
83507,Nc1cccc2c(N)cccc12,26
83534,CC(C)Cc1nccs1,48
83542,C=CP(=O)([O-])[O-].[Li+].[Li+],55
83551,CCc1ccccc1S,35
83562,COC(=O)c1cc(C=O)ccc1OC,53
83607,C[C@]1(C(=O)O)CCCN1,91
83668,Fc1cccc(CCBr)c1,70
83672,OCCc1ccc(Cl)c(Cl)c1,75
83694,CC(=O)/C=C/N(C)C,62
83731,O=C(O)/C=C/c1ccc(F)cc1,30
83733,O=C(O)/C=C/c1ccc(Cl)cc1,26
83907,C[C@@]1(C(=O)O)CCCN1,45
83934,CCc1nc(C)cs1,26
83956,NC(CC(=O)O)c1cccnc1,73
83970,CCC(C)B(O)O,69
84095,CN(C)c1ccc2cc3ccc(N(C)C)cc3nc2c1,99
84116,CC(C)(C)CBr,64
84172,CCOC(=O)c1cnc(C)[nH]c1=O,53
84215,CNS(=O)(=O)c1ccccc1,70
84222,CCC1(O)CCCCC1,30
84353,O=C(OCc1ccccc1)N1C[C@@H]2O[C@@H]2C1,85
84378,NOC(=O)c1ccc([N+](=O)[O-])cc1,36
84398,O=c1c2ccccc2sc2ccc(Cl)cc12,21
84414,CCCCCCCCS(=O)(=O)Cl,26
84550,Oc1c(Cl)cc(Cl)c2cccnc12,26
84602,NNC(=O)OCc1ccccc1,26
84608,OC1C=CCCC1,94
84659,C=CCSSCC=C,33
84662,CCCOc1ccc(Cl)c2c(=O)c3ccccc3sc12,41
84693,O=[N+]([O-])/C=C/c1ccco1,59
84790,COC(=O)c1ccc(Cl)cn1.Cl,73
84808,BrC1COC1,85
84811,CC(=O)N[C@@H](C(=O)O)C(C)C,49
84909,C#Cc1ccc(Br)cc1,84
84911,CCc1ccccc1B(O)O,54
84914,O=Cc1cccnc1F,85
84916,COc1ccc(N)c(N)c1.Cl.Cl,33
84918,Cc1ccc(B(O)O)cc1F,48
84921,C[C@](N)(Cc1ccc(O)c(O)c1)C(=O)O,52
84923,CCN(CCO)CCCC(C)Nc1ccnc2cc(Cl)ccc12,85
84965,Cc1ccc(NC(=O)c2ccc(CN3CCN(C)CC3)cc2)cc1Nc1nccc(-c2cccnc2)n1,33
84967,Oc1ccc2cc(O)ccc2c1,58
84968,C=C(C)C(C)C,40
84975,O=C(C(=O)c1ccc(F)cc1)c1ccc(F)cc1,73
85012,CC(C)(C)OC(=O)N1CC(=O)CC(=O)C1,91
85015,OCc1ccccc1I,29
85018,O=C(CCl)NCO,96
85050,OC1CCCCC1,26
85052,COc1ccccc1O,30
85061,Cl.N#Cc1ccc(NN)cc1,41
85102,C[Si](C)(C)OC(=O)C(F)(F)S(=O)(=O)F,55
85104,O=S([O-])c1ccc(Cl)cc1.[Na+],26
85108,C=Cc1cccc(Br)c1,80
85119,Cl.NNc1ccc(Cl)cc1F,66
85145,CC(C)(C)OC(=O)N1CCC2(CC1)CC(=O)C2,89
85185,O=C(O)c1ccc(-c2cccnc2)cc1,83
85235,N#Cc1cc(F)cc(C(F)(F)F)c1,38
85262,C#Cc1ccc(Cl)cc1,58
85264,COC(=O)c1ccc(OC)c(O)c1,59
85272,O=Cc1c[nH]c2ccc(Br)cc12,31
85335,COC(=O)c1cccc([N+](=O)[O-])c1C,30
85337,Oc1cnc2cc(Cl)ccc2n1,51
85351,CN(C)CCOCCO,21
85352,CCC[C@H](NC(C)=O)C(=O)O,99
85391,Nc1ncc(Br)cc1O,84
85392,Cc1cc(F)cc(Br)c1N,55
85524,Oc1cc(O)cc(O)c1,30
85525,Oc1ccc(C(F)(F)F)cc1,49
85527,Cc1cc(O)ccc1C(C)C,30
85528,Sc1ccccn1,26
85531,O=C(O)CN(CCO)CCO,26
85537,C=CCOc1ccccc1,26
85538,FC(F)(F)Sc1ccc(Br)cc1,79
85553,C=CCSCC=C,26
85589,COc1ccc(CO)c(OC)c1,48
85593,O=C(O)C(Br)CBr,26
85594,COC(=O)C(C)C,30
85639,O=[N+]([O-])c1cccc(F)c1Cl,93
85651,CCC(C)(O)C(=O)O,81
85691,O=Cc1cc(F)ccc1Br,34
85698,O=C(O)C(F)(F)C(F)(F)C(F)(F)C(F)(F)C(F)(F)C(F)(F)F,38
85720,Clc1cc(Cl)c(Cl)c(Br)c1,73
85721,Cn1sccc1=O,40
85775,NCCCC(N)C(=O)O,21
85850,Nc1cc(N)ncn1,83
85851,CC(C)(C)OC(=O)NC(Cc1ccc(O)cc1)C(=O)O,24
85854,C[C@H](CCC(=O)O)[C@H]1CC[C@H]2[C@@H]3CC[C@@H]4C[C@H](O)CC[C@]4(C)[C@H]3CC[C@]12C,30
85903,Fc1ccc(-c2cccs2)cc1,61
85924,CCN(CC)CCOCCO,31
85934,O=[N+]([O-])/C=C/c1ccccc1,49
85943,N#Cc1ncc(Cl)cc1[N+](=O)[O-],45
85970,O=C(O)Cc1ccc(O)c(O)c1,38
85975,O=Cc1ccc(-c2cccc(Cl)c2)o1,76
85981,O=S([O-])c1ccc(F)cc1.[Na+],53
86000,COc1cnc(NS(=O)(=O)c2ccc(N)cc2)nc1,60
86033,COc1cc2ncnc(Nc3ccc(F)c(Cl)c3)c2cc1OCCCN1CCOCC1,83
86095,CC(C)=CCl,43
86101,Oc1ccc(-c2ccccn2)cc1,66
86102,CC(C)[C@@H](Br)C(=O)O,37
86135,CC(=O)CC(C)=O,26
86137,C#Cc1cccc(F)c1,50
86138,Cc1ccccc1O,26
86145,CS(=O)(=O)Nc1ccc(Br)cc1,41
86150,CCOC(=O)CC(C)O,36
86190,O=C1C(CCS(=O)c2ccccc2)C(=O)N(c2ccccc2)N1c1ccccc1,21
86193,NS(=O)(=O)c1cc(C(=O)O)c(NCc2ccco2)cc1Cl,66
86194,Fc1cc(Cl)ccn1,94
86262,NCCCCCCCCN,26
86303,O=C(O)c1c(F)c(F)c(F)c(F)c1C(=O)O,30
86317,COc1ccc2nccc(O)c2c1,61
86320,COC(=O)[C@H](N)c1ccccc1.Cl,26
86336,C/C=C/C(=O)Cl,35
86341,Cc1cccc(C)c1F,46
86354,COc1ccccc1C=O,30
86458,N#Cc1ccc(C(F)(F)F)cc1Cl,21
86463,COc1ccc(C(Cl)(c2ccccc2)c2ccc(OC)cc2)cc1,30
86474,O=C(N[C@H](Cc1c[nH]c2ccccc12)C(=O)O)OCC1c2ccccc2-c2ccccc21,58
86477,O=S1(=O)CC(Br)C(Br)C1,55
86478,O=Cc1ccc(-c2ccccn2)cc1,39
86532,CC(=O)N[C@H](C(=O)O)C(C)C,26
86614,Cc1cc(Br)ccc1F,30
86669,CC(C)[C@@H]1CC[C@@H](C)CC1=O,21
86729,Cc1ccccc1B(O)O,30
86732,C=CCCC(=O)O,31
86733,CC1=CC(=O)CCC1,39
86735,Cc1ccc(C(=O)O)cc1I,26
86744,Cc1cnc(Cl)c(F)c1,90
86745,CC(CCO)CCO,29
86753,CN1CCC[C@H]1CO,48
86754,FC(F)(F)C(F)(F)C(F)(F)C(F)(F)C(F)(F)C(F)(F)I,26
86777,CC(O)CNCCN,64
86825,OC1CC2C=CC1C2,32
86829,Brc1ccc2[nH]c3ccc(Br)cc3c2c1,30
86835,CCCC(=O)C(=O)OCC,58
86844,Fc1ccc(Br)c(Cl)c1,41
86852,Fc1c(F)c(F)c(S)c(F)c1F,94
86853,Oc1ccc(Cl)c2cccnc12,30
86912,O=C(O)CC[C@H](NC(=O)OCc1ccccc1)C(=O)O,26
86913,CCCCCC(=O)OC,30
86914,COc1cc(C=CC(=O)O)ccc1O,26
86920,CCN(CC)CC.Cl,26
86922,CCN(C(C)C)C(C)C,26
87011,CC1=NN(C)C(=O)C1,31
87017,Cc1cc[nH]c(=O)n1,36
87026,C#CCCCCC,46
87037,NC[C@@H](O)CO,65
87039,CCOC(=O)C1CN(C(=O)OC(C)(C)C)CCC1=O,26
87040,Fc1nc(F)c(Cl)c(F)c1F,34
87042,Nc1c[nH]c(=O)[nH]c1=O,55
87043,O=c1cc[nH][nH]1,74
87051,O=C1CCCc2[nH]ccc21,58
87065,Cc1nc(O)cc(C(F)(F)F)n1,54
87076,COC(=O)/C=C\C(=O)OC,30
87084,CCO/C=C/C(=O)O,74
87102,N#Cc1cc(O)ccc1Br,94
87106,OB(O)c1cccc(OCc2ccccc2)c1,49
87108,O=C(O)/C=C/c1cccc(F)c1,30
87164,OB(O)c1cc(Br)cnc1F,96
87199,Cc1cccc(C)c1NN,33
87226,O=S(=O)(Cl)c1cc(Cl)c(Cl)s1,66
87313,Cc1cc(=O)oc2cc(N)ccc12,60
87317,COC(=O)c1ccccc1B(O)O,80
87325,COc1ccc(B(O)O)c(OC)c1,55
87334,CCCCS,26
87360,C#Cc1cccc(Nc2ncnc3cc(OCCOC)c(OCCOC)cc23)c1.Cl,61
87366,CN(C)CCCN1c2ccccc2Sc2ccccc21.Cl,68
87368,Nc1ccc(C(F)(F)F)cc1F,55
87741,COc1ccc(N)cc1C(F)(F)F,45
87799,COC(=O)[C@@H](N)c1ccccc1.Cl,30
87846,C[C@H](N)CN.Cl.Cl,41
87853,OB(O)c1ccc2c(c1)OCO2,69
87867,O=C(O)c1ccc(S(=O)(=O)O)cc1,36
87868,O=c1cc(O)nc[nH]1,26
87887,CN1CC(=O)N=C1N,26
87983,Cc1ccc(Br)c(C)c1,30
87987,COC(=O)c1ccc(B(O)O)cc1,30
88029,CC#CC(=O)OCC,73
88073,CC(=O)c1ccc(N)c(Br)c1,98
88094,O=C(Cl)c1ccc(Cl)cc1Cl,35
88097,O=Cc1c(F)cc(Br)cc1F,40
88128,O=[N+]([O-])c1c(O)cccc1F,60
88153,C#CCON1C(=O)c2ccccc2C1=O,75
88208,COc1ccc([N+](=O)[O-])cc1Br,30
88218,Nc1cc(O)cc(C(=O)O)c1,89
88313,CCN(CCO)CCCC(C)Nc1ccnc2cc(Cl)ccc12.O=S(=O)(O)O,73
88330,CC1=NNC(=O)C1,26
88391,O=S(=O)(Cl)N1CCOCC1,59
88403,CCCCCC#CC(=O)OC,29
88504,CC(C)(C)C#N,30
88649,Cc1c(Br)cccc1C(=O)O,45
88650,O=C(O)C1(c2ccccc2F)CCCC1,90
88844,Clc1cc(Cl)cc(Br)c1,30
88875,O=C(CCl)Nc1cccc(C(F)(F)F)c1,41
88918,C[C@@H](C(=O)O)N(C)C(=O)OCC1c2ccccc2-c2ccccc21,32
89092,Cc1ccc(Cl)c(C(=O)O)c1,81
89097,CC1(C)CS1,30
89098,Cc1cc(C)c(B(O)O)c(C)c1,59
89142,O=C(Br)c1ccccc1,46
89144,CS(=O)(=O)F,29
89148,O=Cc1ccccc1-c1ccccc1,75
89170,COc1ccncc1Br,76
89171,O=C(O)c1cc(Cl)cc(Cl)c1O,30
89172,Fc1cnc(Cl)c(Br)c1,88
89176,Fc1ccc(CS)cc1,57
89180,CS(=O)(=O)c1ccc(CC(=O)O)cc1,51
89189,O=C(O)c1c(O)ccc2ccccc12,60
89218,NC(=O)c1ccc(B(O)O)cc1,63
89220,COc1ncc(Br)cc1C(F)(F)F,62
89227,O=C(O)/C=C/c1c[nH]cn1,90
89228,O=C(O)/C=C/c1ccc(C(F)(F)F)cc1,21
89229,CN(C)c1ccc(/C=C/C(=O)O)cc1,48
89283,O=C(O)C1CCN(C(=O)OCC2c3ccccc3-c3ccccc32)CC1,21
89528,CS(=O)[O-].[Na+],30
89617,Nc1ccc(F)c(F)c1Br,71
89737,Cl.Oc1ccc(CC2NCCc3cc(O)c(O)cc32)cc1,73
89746,O=C(O)/C=C/c1cccc(Br)c1,26
89753,O=C(O)/C=C/c1ccccc1Br,69
89772,O=C(O)/C=C/c1ccc(Cl)c([N+](=O)[O-])c1,46
89776,COc1cc(/C=C/C(=O)O)cc(OC)c1OC,30
89797,O=C(O)/C=C/c1ccc2ccccc2c1,66
89799,Cl.O=C(O)/C=C/c1c[nH]cn1,78
89931,COC(=O)CCN,30
90058,N#Cc1ccc(C(=O)O)c(F)c1,75
90067,Cl.O=C1CCCNC1,51
90077,COC(=O)c1cc(Cl)nc(Cl)c1,93
90102,Clc1nc(Cl)c2ccnc-2[nH]1,80
90106,COc1ccccc1N=[N+]=[N-],81
90109,COC(=O)c1cccc2cn[nH]c12,94
90113,COc1ccc(B(O)O)cc1F,63
90125,CC(C)(C)[C@@H](NC(=O)OCC1c2ccccc2-c2ccccc21)C(=O)O,75
90136,O=C(NCc1ccc(C(=O)O)cc1)OCC1c2ccccc2-c2ccccc21,43
90168,Cn1c(Cl)cc(=O)n(C)c1=O,66
90171,O=C(NC[C@H]1CC[C@H](C(=O)O)CC1)OCC1c2ccccc2-c2ccccc21,79
90172,O=C(N[C@@H](Cc1ccc([N+](=O)[O-])cc1)C(=O)O)OCC1c2ccccc2-c2ccccc21,85
90181,CC1(C)OB(c2ccc(O)cc2)OC1(C)C,79
90182,NC(=O)c1cccc(B(O)O)c1,45
90186,O=C(N[C@@H](Cc1ccc2ccccc2c1)C(=O)O)OCC1c2ccccc2-c2ccccc21,60
90235,CC(C)(C)OC(=O)NCC(N)=O,21
90263,CC(C)(C)OC(=O)OC(=O)OC(C)(C)C,26
90266,N[C@@H]1CCCc2ccccc21,64
90267,C[C@@H](N)c1cccc2ccccc12,30
90279,CC(C)(C)OC(=O)N[C@@H](CCCCNC(=O)OCc1ccccc1)C(=O)O,36
90297,OB(O)c1cccc(-c2ccccc2)c1,46
90314,CC(C)c1ccc(C(C)C)cc1,33
90315,Cc1cc(Cl)cc(C)c1O,54
90328,CC(C)(C)SC[C@H](NC(=O)OCC1c2ccccc2-c2ccccc21)C(=O)O,37
90357,OCc1ccnc(Br)c1,94
90382,O=C(O)[C@@H]1C[C@@H]2CCCC[C@@H]2N1C(=O)OCC1c2ccccc2-c2ccccc21,84
90409,O=C(N[C@@H](Cc1c[nH]cn1)C(=O)O)OCC1c2ccccc2-c2ccccc21,67
90494,O=C(O)[C@@H]1CSCN1C(=O)OCC1c2ccccc2-c2ccccc21,96
90504,Nc1cc(Br)ccc1O,45
90594,Cc1cccnc1C(=O)O,44
90596,Fc1ccc(CCl)c(F)c1,55
90604,C[C@@H](N)C(N)=O,41
90630,c1cnn2ccnc2c1,60
90631,O=C(O)c1cccc(C(=O)O)c1[N+](=O)[O-],76
90635,Cc1[nH]ncc1I,45
90637,O=Cc1c(O)cc(O)cc1O,78
90653,Nc1ccc(OC(F)(F)F)cc1C(=O)O,86
90657,CSc1cccc(Br)c1,26
90676,Brc1cccc2sccc12,53
90680,CCCOCCO,30
90698,CC(C)(C)OC(=O)N1CCC[C@H](C(=O)O)C1,44
90701,Cc1cccc(C=O)n1,63
90702,O=Cc1c(Br)cccc1Br,81
90710,OC12CC3CC(C1)CC(O)(C3)C2,25
90715,CC(=O)c1ccc(Cl)cc1F,50
90723,FC(F)(F)c1ccnc(Cl)n1,44
90753,S=C=Nc1cccnc1,60
90798,Br.NCC1CC1,83
90892,Cl.ClCCCN1CCOCC1,29
90902,O=C(O)/C=C/c1cccc(Cl)c1,21
90904,Cl.NCC(=O)CCC(=O)O,96
90931,Br.BrCc1ccncc1,80
90960,NC(=O)c1ccc(Cl)cc1N,95
91001,CC(C)(C)OC(=O)N1CCC(C(N)=O)CC1,59
91011,O=c1cc(O)c(Cl)c[nH]1,44
91052,COC(=O)[C@@H]1C[C@@H](O)CN1.Cl,30
91053,CC(C)(C)OC(=O)[C@@H](N)CCCCNC(=O)OCc1ccccc1.Cl,63
91076,CC(N)CO,30
91116,O=C(O)/C=C/c1cc(F)c(F)c(F)c1,71
91118,O=C(O)/C=C/c1ccc(-c2ccccc2)cc1,93
91124,O=C(O)/C=C/c1ccc(F)c(F)c1,31
91137,O=C(O)/C=C/c1cccc([N+](=O)[O-])c1,21
91139,COc1cccc(/C=C/C(=O)O)c1OC,21
91150,O=C(O)/C=C/c1ccc(OCc2ccccc2)cc1,70
91154,COc1ccc(Br)cc1/C=C/C(=O)O,24
91156,N#Cc1ccc(/C=C/C(=O)O)cc1,90
91170,Cc1ccccc1/C=C/C(=O)O,42
91253,COc1ccc(/C=C/C(=O)O)c(OC)c1,67
91254,COc1ccccc1/C=C/C(=O)O,21
91327,CC(C)C(C(=O)O)c1ccc(Cl)cc1,26
91405,CCCC(=O)NN,26
91409,Fc1cc(Cl)ccc1Cl,30
91414,Cc1csc2ccc(Cl)cc12,47
91439,O=C(O)c1ccc(F)c(O)c1,83
91442,O=C1C=C(c2ccccc2)C(=O)O1,93
91452,O=C(O)Cc1ccc(F)c(C(F)(F)F)c1,33
91568,O=C(NCCc1ccccc1)c1ccccc1,94
91619,O=C(O)c1ccc(S(=O)(=O)[O-])cc1.[K+],31
91664,O=C(O)Cc1ccc(Cl)cc1F,38
91692,O[C@@H]1CO[C@H]2[C@@H]1OC[C@H]2O,34
91698,CN(C)C/C=C/C(=O)O,45
91711,C=C(C)[C@H]1CC=C(C)C(=O)C1,46
91845,Nc1nc2c(ncn2CCC(CO)CO)c(=O)[nH]1,83
91870,CN1CCN(C(=O)Cl)CC1,38
91929,O[C@H]1c2ccccc2C[C@@H]1Br,85
91934,OB(O)c1cc(C(F)(F)F)ccc1Cl,50
91939,C1=Cc2ccccc2Nc2ccccc21,33
91959,CCc1ccccc1C=O,89
91966,COC(=O)C1CC(=O)C1,48
91976,O=C(N[C@@H](Cc1ccc(O)cc1)C(=O)O)OCC1c2ccccc2-c2ccccc21,25
91977,O=C(N[C@@H](Cc1c[nH]c2ccccc12)C(=O)O)OCC1c2ccccc2-c2ccccc21,30
91989,CC(C)([N+](=O)[O-])C(C)(C)[N+](=O)[O-],58
92008,COc1cc[nH]c(=O)c1C#N,30
92014,Brc1ccc2[nH]nc(I)c2c1,90
92015,Cn1nc(C(C)(C)C)cc1N,88
92026,CCC[C@H](N)C(=O)OC,49
92035,FC(F)(F)c1cccc(CBr)c1,30
92065,OCc1cccc(I)c1,71
92091,Cl.O=Cc1ccccc1N1CCCCC1,63
92102,COC(=O)[C@@H](N)C(C)C.Cl,30
92113,COC(=O)C1CNCCC1=O.Cl,50
92122,CC1(C)[C@@H]2CC[C@@]1(C)[C@H](O)C2,26
92128,OB(O)c1ccc(F)c(F)c1F,45
92132,Cl.NC[C@@H](O)CO,61
92139,CCOCC(=O)Cl,95
92163,O=Cc1ccnc(Cl)c1,65
92177,N#CN1CCOCC1,64
92255,O=C(O)c1cc(Br)cc(C(=O)O)c1,73
92260,COc1cc(C)nc(N)n1,48
92267,CCOC(=O)c1ccc(F)c(F)c1,21
92272,OCc1ccc(Cl)c(F)c1,54
92273,COc1ccccc1F,30
92293,Oc1c(F)c(F)cc(F)c1F,50
92294,Cc1cc(C)on1,30
92297,ON=C(c1ccccc1)C(O)c1ccccc1,41
92300,OCc1cccc(CO)n1,39
92301,O=c1ccc2ccc(O)cc2o1,30
92304,FC(F)(F)c1ccc(Cl)cc1Cl,21
92306,Cc1ccc(N)cc1C,26
92309,N#CCCOCCC#N,78
92310,CCCCCCC(C)O,26
92312,CC(C)(O)C(=O)c1ccccc1,30
92313,CCc1cc(CC)cc(CC)c1,35
92315,O=C(O)c1cc(O)cc(C(=O)O)c1,30
92316,O=C(O)CCCCCC(=O)O,30
92317,COc1ccc(O)c(C(=O)O)c1,46
92318,Fc1cccnc1,49
92319,SC1=NCCS1,26
92320,C1=CCCC1,31
92321,NC(CO)(CO)CO,30
92322,Cc1ccc([N+](=O)[O-])cc1C(=O)O,33
92354,COC(=O)c1ccc(F)c(O)c1,51
92422,O=C1OC(=O)[C@H]2[C@@H]1[C@@H]1C=C[C@H]2O1,30
92533,Cn1ccc2cc(Br)ccc21,89
92539,O=P(OCc1ccccc1)(OCc1ccccc1)OP(=O)(OCc1ccccc1)OCc1ccccc1,31
92576,O=S(=O)(c1ccccn1)C(F)F,76
92577,COc1cccc(C)c1C(=O)O,31
92597,O=Cc1c(F)cccc1B(O)O,83
92636,Cc1ccc2[nH]cc(CCN)c2c1.Cl,57
92643,CC1(C)OB(c2ccc(Cl)nc2)OC1(C)C,51
92659,COc1cc(C)oc(=O)c1,85
92669,CC(C)(C)OC(=O)N[C@H](Cc1ccc(Br)cc1)C(=O)O,98
92678,CC(C)N=C(NC(C)C)OC(C)(C)C,80
92700,CCC(Br)C(=O)Cl,93
92736,O=C(O)Cc1cc(F)cc(F)c1,53
92737,NCCC[C@H](NC(=O)OCC1c2ccccc2-c2ccccc21)C(=O)O,95
92739,Nc1nc2ccc(O)cc2s1,89
92824,Cl.Nc1cccc(C(=O)O)c1N,66
92948,Brc1cnc2[nH]ncc2c1,96
92949,N#Cc1c(N)cccc1Cl,54
92954,C1CCC([PH+](CCC[PH+](C2CCCCC2)C2CCCCC2)C2CCCCC2)CC1.F[B-](F)(F)F.F[B-](F)(F)F,66
92964,COC(=O)[C@@H](N)[C@H](C)O,95
93002,CCOC(=O)C[C@@H](O)CC#N,31
93009,O=Cc1cccc(OCCO)c1,92
93026,CC(C)(C)OC(=O)C[C@H](NC(=O)OCC1c2ccccc2-c2ccccc21)C(=O)O,30
93031,CCc1cccc(Br)c1,38
93041,OCCCCCCCCCCCBr,30
93076,COC(=O)c1ccc(F)cc1,21
93081,CN(C)CCCCl,41
93127,COCCOCCOCCO,30
93156,O.O=S(=O)([O-])CCCl.[Na+],30
93160,Cc1cc(C(=O)O)ccc1Cl,30
93176,CC(C)OC(=O)OC(C)Cl,21
93179,CCC(C)CS,84
93237,OB(O)c1ccc(C(F)(F)F)cc1F,49
93239,CC(=O)C=P(c1ccccc1)(c1ccccc1)c1ccccc1,36
93251,O=C(O)c1nccnc1O,38
93252,CC(=O)OCCO,40
93253,C1CSCSC1,54
93270,Ic1ccc(N2CCNCC2)cc1,60
93273,Sc1nc(-c2ccncc2)cs1,29
93286,CC(C)(C)OC(=O)N[C@@H](CC(=O)O)Cc1cc(F)c(F)cc1F,48
93291,O=[N+]([O-])/C=C/c1ccc(F)cc1,57
93294,COc1cc(N)c(Cl)cc1Cl,63
93298,CC(=O)[O-].CCCC[N+](CCCC)(CCCC)CCCC,21
93336,Nc1cc(Cl)ccc1I,54
93370,CN(C)C/C=C/C(=O)O.Cl,41
93375,C/C=C(\C)C=O,74
93393,N#Cc1ccc(F)cc1C(F)(F)F,30
93394,Nc1ccc(Cl)c(F)c1,49
93395,COc1ccccc1C,30
93399,N#Cc1ccc(Cl)cc1Cl,30
93406,Oc1ccccc1S,40
93408,O=Cc1cc(Cl)ccc1Cl,30
93413,Fc1ccc(Br)cc1F,30
93414,Fc1ccc(Br)c(F)c1F,26
93416,CC(C)(C)OC(N)=O,30
93419,Sc1ccc(Cl)c(Cl)c1,58
93425,Cl.Cl.O=C(O)[C@@H]1CNCCN1,90
93426,CC(N)C(=O)O.Cl,26
93427,O=C(O)/C=C/c1ccccc1Cl,30
93431,CC(O)CBr,26
93433,CNC(=O)c1ccc(Br)cc1,51
93451,O=Cc1ccc(F)cc1Cl,30
93452,Nc1nc(N)nc(N)n1,26
93454,Cc1cc(Cl)nc(Cl)c1,73
93455,Cl.Cl.NCCc1c[nH]cn1,26
93456,CN(C)c1cccc(Br)c1,83
93459,N#Cc1cc(Br)ccc1F,30
93463,OB(O)c1ccc(C(F)(F)F)cc1,30
93464,O=C1CCC(=O)N1CCO,44
93466,Cc1cccc(NC(N)=S)c1C,53
93467,COc1ccc(NC(N)=S)c(OC)c1,69
93468,CCC(C)(C)c1ccccc1,30
93482,Cl.NC(Cc1cccc(F)c1)C(=O)O,86
93525,CCC(=O)c1ccc(C(F)(F)F)cc1,84
93552,CCOC(=O)C(C)(C)Oc1ccc(Cl)cc1,21
93568,OB(O)c1ccc(Cl)c(C(F)(F)F)c1,89
93577,CC(C)[C@H](N)C(N)=O.Cl,21
93598,N#Cc1ccnc(Cl)c1,30
93601,COC(=O)C(C)SC,79
93625,OB(O)c1c(F)cccc1F,41
93650,CCCCN(CCCC)CC(O)c1cc(Cl)cc2c1-c1ccc(Cl)cc1/C2=C/c1ccc(Cl)cc1,67
93651,O=S(=O)(OCC(F)(F)C(F)(F)F)C(F)(F)F,39
93672,C[C@@H](OC(C)(C)C)[C@H](N)C(=O)OC(C)(C)C,69
93692,CCOC(=O)[C@@H](N)[C@@H](C)CC.Cl,26
93723,O.O=[N+]([O-])[O-].O=[N+]([O-])[O-].O=[N+]([O-])[O-].[Gd+3],51
93738,FC(F)(F)c1cccc(Cl)c1Cl,49
93743,COc1cc(C)c(Br)cc1C,82
93748,O=C(O)Cc1ccc(Cl)nc1,64
93759,C=C[C@H]1CN2CC[C@H]1C[C@H]2[C@H](O)c1ccnc2ccccc12,38
93764,COC(=O)[C@H](N)C(C)C.Cl,46
93976,COC(=O)[C@@H](N)CCSC,41
94034,CCOC(=O)C(C)(C)CO,30
94038,Nc1ccc(O)c(F)c1,56
94044,CCOC(=O)C=C(C)C,34
94046,Ic1ccccn1,45
94058,CON(C)C(=O)C(F)(F)F,30
94063,Cc1cnc(O)c(N)c1,40
94089,FC(F)(F)c1cccc(CS)c1,60
94188,N#Cc1cccc(F)c1N,81
94194,COc1ccc(C(F)(F)F)cc1N,31
94236,CCCCCCS,26
94241,NS(=O)(=O)c1ccc(Br)c(F)c1,61
94315,CC(C)(C)c1ccc(CS)cc1,51
94337,N#Cc1ccc(F)cc1N,73
94341,CCCCCCCCS(=O)(=O)[O-].O.[Na+],69
94358,OC[C@@H](O)[C@@H](O)CO,26
94395,CCCC/C=C/C=O,21
94486,O=C(N[C@H](CSC(c1ccccc1)(c1ccccc1)c1ccccc1)C(=O)O)OCC1c2ccccc2-c2ccccc21,36
94507,C1CSCN1,21
94508,CC(=O)CC#N,72
94517,CCO[Si](CCCCl)(OCC)OCC,26
94528,Cc1ccc(Cl)c(N)c1,30
94553,Fc1ccc(CN2CCNCC2)cc1,42
94644,CCCCC(CC)COC(=O)c1ccccc1C(=O)OCC(CC)CCCC,31
94648,COC1(OC)CC(C(=O)O)C1,81
94651,Fc1ccc(C(F)F)c(Br)c1,88
94743,C=CCC(C)C(=O)O,25
94755,CCCCOC(=O)C1=CC(=O)CC(C)(C)O1,71
94804,NC(C(=O)O)c1ccc(Cl)cc1,26
94842,COc1ncc(N)cc1Br,51
94869,COC(=O)c1cc(Br)cnc1N,54
94877,COc1cc(F)ccc1B(O)O,91
94919,COc1cc(Br)cc(F)c1F,35
94928,O=C(O)CNC(=O)CNC(=O)OCC1c2ccccc2-c2ccccc21,21
94942,Oc1cc(F)c(F)c(F)c1,30
94943,CC1(C)c2cccc(P(c3ccccc3)c3ccccc3)c2Oc2c(P(c3ccccc3)c3ccccc3)cccc21,45
94986,Nc1c(F)cc(F)cc1Br,30
94987,Brc1ccncc1.Cl,30
94988,Cl.NC1CCSC1=O,30
95033,S=C=NCc1ccc2c(c1)OCO2,38
95047,CN(C)c1cccc(CO)c1,68
95049,COc1cc([N+](=O)[O-])c(F)cc1Cl,88
95083,O=C(O)CCC1CCCC1,30
95124,CCCCCCC(Br)C(=O)OC,60
95167,COC(=O)C(=O)Cl,53
95207,O=C(OCc1ccccc1)N1CCC(O)C1,95
95214,C[N+](C)(C)C.F[B-](F)(F)F,24
95217,ClCCOP(OCCCl)OCCCl,99
95231,CC1(C)OB(c2ccc(F)cc2)OC1(C)C,28
95238,Cc1ccncc1F,68
95247,CCN(CC)CC.O=C(O)C(F)(F)F,26
95255,CCCCN1CCCCC1C(=O)Nc1c(C)cccc1C.Cl,78
95263,O=C(NO)c1ccccc1.O=C(NO[K])c1ccccc1,23
95298,CSCc1ccco1,33
95385,OCC(O)CBr,81
95387,O=C1OC(=O)c2cc(Cl)c(Cl)cc21,93
95388,Br.NCCBr,30
95428,C#CC(C)(C)Cl,89
95479,CC(C)(C)OC(=O)NC1CCN(Cc2ccccc2)CC1,48
95489,Clc1cc(Br)c(Cl)s1,49
95502,CC(=O)c1ncc(C)nc1C,86
95577,CC(C)[Si](Cl)(O[Si](Cl)(C(C)C)C(C)C)C(C)C,55
95608,C#CC(C)=O,90
95610,c1ccc(N(c2ccccc2)c2ccccc2)cc1,21
95611,CC(=O)Oc1cccc(O)c1,21
95622,FC(F)C(F)(F)Oc1ccc(Br)cc1,38
95698,Oc1cnc2[nH]ccc2c1,93
95864,CC[C@H](NC(=O)OCC1c2ccccc2-c2ccccc21)C(=O)O,30
95865,CC[C@@H](NC(=O)OCC1c2ccccc2-c2ccccc21)C(=O)O,46
95916,O=C(O)CCCNC(=O)OCC1c2ccccc2-c2ccccc21,41
95917,N=C(N)NCCC[C@H](NC(=O)OCC1c2ccccc2-c2ccccc21)C(=O)O,38
96014,C[C@H](C(=O)O)N(C)C(=O)OC(C)(C)C,96
96110,Cc1c(OCC(F)(F)F)ccnc1CCl.Cl,34
96146,CC(C)(C)C1CCCCC1O,51
96207,Cc1ccc(Br)c(C)n1,83
96212,OC1Cc2ccccc2C1,26
96216,COc1ccc([C@H](C)N)cc1,36
96223,N#CCc1cccc([N+](=O)[O-])c1,83
96226,O=C(O)c1cccc(C(F)(F)F)c1Cl,91
96296,COc1ccccc1CCO,62
96298,COc1ccc(CCO)cc1,31
96303,CC(Br)C(=O)C(F)(F)F,78
96316,Clc1cccc2cn[nH]c12,79
96353,Cc1ncc([N+](=O)[O-])cc1Br,76
96354,O=Cc1ccc(Cl)cc1O,90
96362,Nc1cc(O)ccc1F,48
96415,O=P(O)(OCc1ccccc1)OCc1ccccc1,49
96418,O=[N+]([O-])c1ccc2nccn2c1,93
96420,O=C(Cl)C(Cl)c1ccccc1,43
96421,Oc1ccc(F)c(F)c1F,30
96425,Nc1ccc(C(F)(F)F)c(Cl)c1,81
96459,NS(=O)(=O)c1c(F)cccc1F,73
96472,C#CCOC(C)=O,59
96505,O=C(N[C@@H](CO)C(=O)O)OCC1c2ccccc2-c2ccccc21,31
96512,O=C(O)c1cc(O)cc(F)c1,71
96513,Cc1ccccc1CCO,49
96514,NS(=O)(=O)C(F)(F)F,79
96555,C1=C(c2ccccc2)CCCC1,60
96647,O=C1Nc2ccc(I)cc2C1=O,36
96651,O=Cc1c[nH]c2ccc(OCc3ccccc3)cc12,21
96657,O=c1ccn([C@@H]2O[C@H](CO)[C@@H](O)[C@H]2O)c(=O)[nH]1,30
96700,Fc1cc(C(F)(F)F)ccc1Br,41
96706,NC(=O)NCCC[C@H](N)C(=O)O,30
96711,Cc1cc(S(N)(=O)=O)c(C)cc1Cl,90
96755,COc1ccc(N)cc1N.O=S(=O)(O)O,21
96756,CC=CC=CC=O,43
96760,CS(=O)(=O)OCCCCOS(C)(=O)=O,21
96764,Nc1cc(Cl)c(Cl)c(Cl)c1,43
96816,N[C@@H](C(=O)O)C1CCCCC1,45
96818,Nc1nc(Cl)c(N)c(Cl)n1,93
96821,CCOC(=O)C=C1CCN(C(=O)OC(C)(C)C)CC1,59
96830,CN(C)CC/C=C1/c2ccccc2Sc2ccc(Cl)cc21,89
96853,Cc1cc(O)cc(C)c1C#N,54
96855,CC(C)(C)OC(=O)CC[C@@H](NC(=O)OCC1c2ccccc2-c2ccccc21)C(=O)O,58
96857,CC/C=C/C=O,59
96859,Cc1cc(C(=O)[O-])nn1C.[Na+],81
96862,CCN1CCCC(=O)C1.Cl,48
96877,Cc1c(O)cccc1F,66
96937,Cc1nc(F)ccc1[N+](=O)[O-],78
97118,CCOC(=O)[C@@H](N)CCc1ccccc1.Cl,26
97155,N[C@@H](Cc1c[nH]c2ccc(O)cc12)C(=O)O,33
97165,C=C(C)C(=O)OCCOCCOC,46
97222,COc1ccccc1P(c1ccccc1OC)c1ccccc1OC,50
97227,CO/N=C(\C(=O)O)c1csc(N)n1,26
97245,OCCCc1ccc(Cl)cc1,90
97254,O=C(Cl)OCc1ccc([N+](=O)[O-])cc1,41
97432,Oc1c(F)cc(Br)cc1F,41
97436,Fc1cc(F)cc(I)c1,45
97488,Nc1ccc(Br)c(Cl)c1F,49
97529,COc1cc(F)ccc1O,61
97574,CCOC(=O)CC1(C)OCCO1,30
97582,CC(C)(C)OC(=O)N1CCN(CCO)CC1,51
97623,NCCCC[C@H](N)C(=O)OCc1ccccc1.O=C(O)C(F)(F)F.O=C(O)C(F)(F)F,78
97654,Cc1cccc(F)c1Br,66
97718,CC(=O)/C=C/C1=C(C)CCCC1(C)C,26
97730,CC(C)C[C@@H](C(=O)O)N(C)C(=O)OCC1c2ccccc2-c2ccccc21,84
97741,CC(C)C[C@@H](NC(=O)OCC1c2ccccc2-c2ccccc21)C(=O)O,21
97744,O=C(O)[C@@H]1CCCCN1C(=O)OCC1c2ccccc2-c2ccccc21,60
97797,O=[N+]([O-])c1ccccc1S(=O)(=O)Cl,30
97803,N[C@@H](CC1CCCCC1)C(=O)O,69
97817,NC(=O)C[C@H](NC(=O)OCC1c2ccccc2-c2ccccc21)C(=O)O,30
97828,FC(F)(F)c1cnc(Cl)c(Br)c1,54
97880,CN1CCN(CCO)CC1,31
97887,O=C(O)CCc1ccc(O)c(O)c1,50
97897,Nc1ncccc1C(F)(F)F,39
97899,COc1ccc(CCO)cc1OC,52
97942,COc1ccc(F)cc1O,60
97961,CON=C(C(=O)O)c1ccco1.N,33
97962,COc1ccc(C(=O)O)cc1C(F)(F)F,40
98060,NC(=S)Cc1ccc(Cl)cc1,92
98077,Oc1cc(F)c(F)cc1Br,31
98148,OCCCBr,30
98151,C=C(Br)CBr,71
98158,O=C(O)c1cccnc1O,26
98161,CC(=O)[O-].[NH4+],30
98162,Cc1cccc([N+](=O)[O-])c1C,26
98163,S=C([S-])N1CCCC1.[NH4+],21
98167,O=C1CCc2cc([N+](=O)[O-])ccc2N1,84
98225,COc1ccc(C)cc1O,54
98226,COC(=O)c1cncc(N)c1.Cl,69
98302,NC(Cc1cccc(O)c1)C(=O)O,58
98311,CC(C)(C)OC(=O)CC[C@H](N)C(=O)O,60
98312,O=C(CBr)c1ccc(Cl)cc1,26
98358,Clc1cnc(Cl)nc1,46
98434,COC(=O)c1cccc(C=O)c1,94
98448,c1ccc(CNc2ccccc2)cc1,30
98449,O=S(=O)(Cl)Cc1ccccc1,46
98450,O=C(CCl)Nc1cc(C(F)(F)F)cc(C(F)(F)F)c1,33
98464,N#Cc1ccccc1F,30
98467,COc1ccc(N)cc1F,34
98474,Cc1ccc(F)cc1C#N,41
98485,COC(=O)c1cccc([N+](=O)[O-])c1N,60
98496,COc1ccc(Cl)cc1C=O,60
98498,Cc1cc(N)ccn1,45
98502,COc1ccc(N)c(C)c1,30
98503,CN(C)CC#N,51
98581,N#Cc1cc(Br)ccc1O,31
98597,N#Cc1ccc(Cl)cc1N,51
98598,O=C(O)c1cc2ccccc2cc1O,30
98599,CC(C)CC(N)CO,70
98600,COC(=O)CC(C)O,80
98604,Oc1ccccc1OC(F)(F)F,34
98607,O=[N+]([O-])c1cc(F)c(Br)cc1F,46
98610,Nc1c(I)cc(I)c(C(=O)O)c1I,85
98611,CC(=O)c1ccc(N)c(F)c1.Cl,83
98657,CCC(C)CC(C)N.Cl,41
98675,Sc1nnc[nH]1,30
98677,Cl.ClCCN1CCOCC1,26
98678,CN(C)c1ccc(N)cc1.Cl.Cl,26
98683,Cc1ccc([N+](=O)[O-])cc1Br,30
98684,CC(C)(CO)CO,30
98685,Nc1c(Cl)c(F)nc(F)c1Cl,75
98694,NNc1c(Cl)cc(Cl)cc1Cl,21
98702,Cc1ccc(C(=O)CCC(=O)O)cc1,32
98703,CC(=O)c1sc(C)nc1C,21
98705,NC(=O)C1CCCCC1,30
98709,N#Cc1ccc(F)cc1Br,30
98712,Cl.O=C(c1ccccc1)N1CCNCC1,49
98741,CCOC(=O)C(N)CO.Cl,46
98759,[N-]=[N+]=Nc1ccc(Cl)cc1,97
98788,ClCc1cnc(Cl)s1,30
98799,CN(C)c1cncc(Cl)n1,61
98827,Cc1cc([N+](=O)[O-])cnc1O,33
98843,NNC(=O)c1cccc(F)c1,49
98844,N#Cc1ccccc1O,30
98848,Cn1c(=O)c2c(ncn2CC(=O)O)n(C)c1=O,35
98849,NC(=O)c1c(F)cccc1F,21
98858,Nc1ncc([N+](=O)[O-])s1,26
98859,O=C(O)c1ccc2c(c1)OCCO2,53
98886,O=C(NC1CCCCC1)c1cccnc1Cl,51
98913,CCOC(=O)C(NC(C)=O)C(=O)OCC,30
98915,Nc1cc(Cl)c([N+](=O)[O-])cc1O,54
98919,O=C(O)C1CCNCC1,30
98921,Cc1ccc(C(=O)O)cc1N,30
98922,COc1cc(CCC(=O)O)cc(OC)c1OC,28
98923,NCCc1ccc(S(N)(=O)=O)cc1,30
98937,CC(C)(C)OC(=O)N1C(=O)CC[C@H]1C(=O)OCc1ccccc1,31
98941,COC(=O)c1ccc(N)c(O)c1,52
98942,CC(C)S(=O)(=O)Cl,81
98947,N=C(N)C(F)(F)F,44
98950,Oc1ccccc1OCc1ccccc1,89
98953,CC(C)(C)OC(=O)N[C@@H]1CCNC1,96
98955,O=S(=O)(Cl)c1cccc(Cl)c1F,44
98956,CC(=O)Nc1cccc(-n2nnnc2S)c1,55
98960,Nc1ccc2ncccc2c1,53
98962,CC(=O)Nc1ccc(C(=O)C(C)Cl)cc1,72
98971,O=C(O)c1ccncc1F,50
98980,CNc1ccccc1[N+](=O)[O-],45
98994,CC(=O)c1cccc(F)c1,30
99020,Brc1cccc2[nH]ncc12,44
99060,Nc1ncc(C(=O)O)cc1Br,66
99106,CC(=O)c1ccc(N=C=S)cc1,62
99134,O=[N+]([O-])c1cccc(CBr)c1,30
99164,Nc1nc(=O)c2ncn(COCCO)c2[nH]1,30
99165,Oc1c(F)cccc1Cl,30
99181,O=S(=O)(Cl)c1cc(C(F)(F)F)cc(C(F)(F)F)c1,48
99190,Cn1c(=O)c2c(ncn2CCO)n(C)c1=O,63
99192,CC[C@H](C)[C@H](NC(=O)OCC1c2ccccc2-c2ccccc21)C(=O)O,30
99213,Cc1ccc(NC(N)=O)c(C)c1,21
99233,Cc1cc(C)n(C)n1,45
99274,CC(N)C(=O)OC(C)(C)C.Cl,43
99293,O=C1NCCSc2ccccc21,55
99319,c1ccc(Nc2ccccc2)cc1,30
99320,O=C(O)CCC(=O)c1ccc(F)cc1,25
99328,O=C1Nc2ccccc2C1=O,30
99329,Oc1ccc2ccc(O)cc2c1,30
99377,N#Cc1c(F)cc(F)cc1F,49
99390,C[C@H](O)CN,45
99393,Nc1c(Cl)cc(F)cc1Cl,63
99406,Cc1cccc(NN)c1.Cl,41
99424,Nc1cccc(C(=O)c2ccccc2)c1,30
99427,CS(=O)(=O)CC#N,75
99432,CC(C)C(=O)NN,96
99433,O=c1[nH]nnc2ccccc12,46
99434,O=C1CCC(=O)C1,60
99441,N#CCCCc1ccccc1,34
99448,C1CCN(C2CCNCC2)CC1,48
99554,Cl.N#CC1(N)CC1,90
99593,CC(C)=CC(=O)C=C(C)C,49
99634,OB(O)c1ccc(Br)nc1,66
99656,CCOC(O)C(F)(F)F,26
99662,Clc1ccc(I)c(Cl)c1,26
99675,CCOC(=O)C(=Cc1ccccc1)C(=O)OCC,30
99694,CC(C)c1cc(C(C)C)cc(C(C)C)c1,30
99728,Cc1ccc(C#N)cn1,96
99729,O=S(=O)(Cl)c1cccnc1,90
99796,CC(=O)c1ccc(F)cc1Br,55
99818,c1ccc2[nH]cnc2c1,30
99834,CC(C)(C)c1ccc(NN)cc1.Cl,81
99836,CC(C)(C)OC(=O)N1CC(CO)C1,81
99872,Cl.NNc1cc(F)cc(F)c1,39
99891,O=C1CCc2c(Br)cccc21,36
99944,Cn1ccc(=O)n(C)c1=O,30
99952,O=Cc1cc[nH]n1,55
99997,Cc1cc(N)n(-c2ccccc2)n1.Cl.Cl,30
100022,Clc1cc(Br)ccn1,30
100030,COC[C@H](C)N.Cl,85
100031,CC1(C)C(C(=O)O)C1(C)C,30
100077,Cn1cc(C=O)c2ccccc21,35
100079,COC(=O)C(=O)CC(C)=O,86
100092,COC(=O)C1(N)CC1.Cl,80
100095,N#Cc1ccc(F)nc1,96
100105,COc1c(C)cc(C(=O)O)cc1C,81
100148,CC(=O)c1ccccc1C(=O)O,50
100163,O=C(O)c1ccoc1,35
100177,C[C@@H](NC(=O)OC(C)(C)C)C(=O)O,26
100193,O=[N+]([O-])c1cc(-c2ccccc2)ccc1O,79
100194,O=C(O)CCCC(=O)c1ccc(F)cc1,26
100214,CC(C)(C)OC(=O)N1CCC(=O)C1,39
100219,Nc1nnc(-c2ccccc2Cl)s1,61
100251,CC(=O)C(C)S,65
100260,[N-]=[N+]=Nc1cccc(C(F)(F)F)c1,71
100285,NCc1ccccc1F,30
100330,FC(F)OC(F)(F)C(F)Cl,70
100341,O=c1nc(CCl)[nH][nH]1,57
100347,CNCCCN(C)C,93
100384,O=S(=O)([O-])c1ccc(Nc2ccccc2)cc1.[Na+],29
100395,Cl.NNc1nncc2ccccc12,66
100399,Cl.NC1(C(=O)O)CC1,42
100416,CCC(C)(C)C(=O)O,26
100420,Cc1nc(N)sc1C,43
100441,CC(N)=NO.Cl,21
100448,O=C(O)C1Cc2ccccc2CN1,32
100488,CCOC(=O)C(C)P(=O)(OCC)OCC,45
100542,Cc1cc(O)ccc1N,30
100548,Cl.O=[N+]([O-])c1ccc(N2CCNCC2)c(C(F)(F)F)c1,76
100554,O=C(O)CCCCCBr,30
100557,O=[N+]([O-])c1cc(F)c(F)c(F)c1,54
100588,O=C(CC(=O)C(F)(F)F)C(F)(F)F,74
100589,FC(F)(F)c1cccnc1Cl,30
100592,Cc1ccc(C(=O)c2ccccc2)cc1,21
100595,CC(=O)N1CCNCC1,35
100602,CC(C)C(N)=O,30
100605,Nc1cccc(S(=O)(=O)O)c1,30
100611,CCC(N)=O,30
100612,COC(=O)c1ccc(CBr)cc1,30
100620,COC(=O)C(C)N.Cl,30
100621,COC(=O)c1cc(N)ccc1Cl,68
100625,OCc1ccc(Cl)nc1,48
100626,Nc1cc(F)c(F)cc1[N+](=O)[O-],38
100635,O=C(c1ccc(Cl)cc1)c1ccc(Cl)cc1,26
100636,C1OCC2OC12,45
100638,COC(C)(C)CC(C)=O,43
100644,COC(=O)c1c(F)c(F)c(F)c(F)c1F,21
100657,CC(=O)Nc1cccc(O)c1,30
100674,Nc1ccc(Br)nc1Cl,89
100681,CC1NCCc2ccccc21.Cl,24
100692,COC(=O)c1cc(N)ccc1C,45
100727,O=C(O)c1ccc(S)cc1,89
100737,NC[C@H]1O[C@H](O[C@H]2[C@H](O)[C@@H](O[C@H]3O[C@H](CO)[C@@H](O)[C@H](N)[C@H]3O)[C@H](N)C[C@@H]2N)[C@H](O)[C@@H](O)[C@@H]1O.O=S(=O)(O)O,30
100738,O=C(NC(Cc1cc(=O)[nH]c2ccccc12)C(=O)O)c1ccc(Cl)cc1,91
100760,Cl.Cl.NOCCON,48
100773,O=Cc1ccc(Br)cc1F,30
100797,CC(=O)CC(=O)N1CCOCC1,45
100798,CC(C)(C)NC(=O)CCl,57
100804,CC(C)CN=C=S,49
100817,CCCCCCCCCCCCCCCCO,30
100820,C#Cc1ccccc1,30
100842,N#Cc1ccccc1-c1ccc(CBr)cc1,30
100847,Clc1ncnc2ccsc12,43
100870,CN(C)C1CCNCC1,74
100920,N[C@H](C(=O)O)c1ccc(F)cc1,69
100930,O=[N+]([O-])c1cnc(Cl)c(Cl)c1,49
100956,Cc1cc(O)ncc1Br,64
101011,C#CC(=C)C,67
101022,COc1cc2nc(N3CCN(C(=O)C4CCCO4)CC3)nc(N)c2cc1OC,49
101029,Clc1cc(Cl)c(Cl)nn1,61
101057,CSc1nc(Cl)cc(Cl)n1,30
101061,FC(F)(F)Oc1ccc(CBr)cc1,30
101111,N#Cc1ccc(O)c(O)c1,44
101117,CCNc1ccc2ccccc2c1,39
101240,O=c1[nH]nc(Br)c(=O)[nH]1,91
101247,Cc1cccc(C=O)c1C,44
101439,COc1ccccc1OCC(O)COC(N)=O,31
101461,O=Cc1ccc(O)c([N+](=O)[O-])c1,30
101463,CNCCOc1ccccc1,95
101500,COC(=O)C(C)=O,30
101512,Cl.O=C(O)Cn1ccnc1,30
101653,CCC(C)(C)c1ccc(S(=O)(=O)Cl)cc1,85
101675,N#Cc1cc([N+](=O)[O-])ccc1F,30
101679,CCc1ccc(O)c(OC)c1,30
101684,CC(C)(C)OC(=O)c1ccnc(Cl)c1,76
101688,CC(=O)c1cc([N+](=O)[O-])ccc1O,49
101691,C=CC(C)C#N,38
101692,OCc1cncs1,30
101711,O=C(O)c1cc(S(=O)(=O)Cl)ccc1O,90
101734,Cc1ccc(C#N)c(=O)[nH]1,44
101745,Nc1cccc(Cl)n1,30
101763,Nc1ccc(C(=O)NCCO)cc1,42
101783,COC(=O)c1ccc(N)c(Cl)c1.Cl,63
101798,Cl.NCCc1cc(Cl)ccc1Cl,95
101858,NC1CCCCCCC1,43
101895,CCc1ccc(CCO)nc1,30
101931,O=C(O)c1ccc(F)c(S(=O)(=O)Cl)c1,35
101947,NCc1cnccn1,76
101953,Cl.NCC1CCOC1,51
102028,Nc1ccc(Cl)c(Br)c1,64
102036,O=C=NCc1ccccc1,69
102037,COC(=O)c1cc(F)cc([N+](=O)[O-])c1C,43
102117,COC(=O)/C=C/c1cc(OC)c(OC)c(OC)c1,39
102178,CC(=O)C1=C(O)[C@@]2(C)C(=CC1=O)Oc1c(C(C)=O)c(O)c(C)c(O)c12,58
102209,C(=N/Cc1ccccc1)\c1ccccc1,74
102240,O=S(=O)(Cl)c1ccc(F)cc1Br,50
102254,CC(C)(C)CO,60
102258,c1ccc(P(CCCP(c2ccccc2)c2ccccc2)c2ccccc2)cc1,30
102305,N#Cc1ccc(F)cc1I,82
102306,Cc1cc(C#N)ccc1[N+](=O)[O-],87
102363,COC(=O)CCBr,30
102754,Fc1c(Br)cccc1C(F)(F)F,70
102773,O=C(O)COc1cc(Cl)ccc1Br,21
102796,O=C(N[C@H](Cc1ccccc1)C(=O)O)OCC1c2ccccc2-c2ccccc21,30
102811,CSCC[C@@H](NC(=O)OCC1c2ccccc2-c2ccccc21)C(=O)O,21
102837,NC(=O)CC[C@@H](NC(=O)OCC1c2ccccc2-c2ccccc21)C(=O)O,78
102867,COC(=O)[C@H](CC(=O)O)NC(=O)OCC1c2ccccc2-c2ccccc21,71
102964,COC(=O)CC[C@H](NC(=O)OCC1c2ccccc2-c2ccccc21)C(=O)O,22
102985,CC(C)(C)OC(=O)c1ccccc1C(=O)O,79
103008,O=C(O)/C=C/C(=O)c1ccccc1,53
103054,Fc1ncccc1C(F)(F)F,48
103170,Cc1ccc([N+](=O)[O-])cc1O,30
103173,CCC(C)(C)O,30
103178,C[C@H](O)[C@@H](NC(=O)OCC1c2ccccc2-c2ccccc21)C(=O)O,51
103242,Nc1ccncc1C(=O)O,43
103255,Nc1cnccc1Cl,49
103263,O=c1[nH]cc(I)c(=O)[nH]1,26
103299,Cl.O=C(O)c1ncc[nH]1,76
103300,CC1(C)OB(c2ccc(Br)cc2)OC1(C)C,47
103308,Ic1cccc2ccccc12,61
103315,COC(=O)CC[C@H](NC(=O)OC(C)(C)C)C(=O)O,30
103322,C[N+](C)(C)C.O.O.O.O.O.[OH-],26
103330,COc1cccc(O)c1F,69
103342,C/C=C/C(=O)O,30
103344,NC(=O)NCCC[C@H](NC(=O)OCC1c2ccccc2-c2ccccc21)C(=O)O,21
103360,COC(=O)c1cc(O)c(O)c(O)c1,21
103372,CCOc1cccnn1,26
103379,Br.Br.N=C(N)SCCN,23
103384,CSc1ccccc1F,73
103458,O=C1C(Cl)=CCCN1c1ccc([N+](=O)[O-])cc1,66
103474,CC(C)(C)C(=O)OC(=O)C(C)(C)C,35
103502,O=Cc1cc(Cl)ccc1[N+](=O)[O-],49
103510,c1ccc(-c2ccncc2)cc1,79
103537,CC(=O)O[C@H](C(=O)O)c1ccccc1,31
103599,CCCCCCCCCCCC(=O)OCC,31
103603,CC1(C)OB(c2cccc(Br)c2)OC1(C)C,67
103676,C[C@@H](O)[C@H](NC(=O)OC(C)(C)C)C(=O)O,30
103679,CC(C)(C)OC(=O)N=C(NC(=O)OC(C)(C)C)n1cccn1,56
103684,C/C=C/C=C/CO,43
103763,CN(C)C(N)=O,30
103769,Cc1ccc([N+](=O)[O-])cn1,46
103771,O=C(O)c1ccc([N+](=O)[O-])s1,51
103802,CC1(C)OB(c2ccccc2F)OC1(C)C,48
103814,COc1cc(I)ccc1Br,83
103855,Nc1ccc(O)cc1.Nc1ccc(O)cc1.O=S(=O)(O)O,26
103856,c1ccc(-c2nc(-c3ccccc3)c(-c3ccccc3)[nH]2)cc1,30
103872,OB(O)c1ccc(Oc2ccccc2)cc1,31
103876,C/C(=C\C(=O)O)C(=O)O,78
103877,O=C[C@H](O)[C@@H](O)[C@H](O[C@H]1O[C@H](CO)[C@@H](O)[C@H](O)[C@H]1O)[C@H](O)CO,26
103948,Sc1nc2cc(Cl)ccc2o1,21
103998,Cc1n[nH]c(C)n1,49
104067,Nc1ccc(C(=O)[O-])c(O)c1.O.O.[Na+],26
104068,Cl.Cl.NC1CCN(Cc2ccccc2)CC1,30
104069,CCOC(=O)C(=O)Nc1ccccc1,34
104073,CC(=O)OCc1ccccc1,30
104093,C=Cc1scnc1C,50
104094,CC1(C)[C@H]2CC=C(CCO)[C@@H]1C2,32
104171,c1ccc2c(c1)C1=N/C2=N\c2c3ccccc3c3n2[Fe]n2/c(c4ccccc4/c2=N/C2=N/C(=N\3)c3ccccc32)=N\1,90
104174,CC(C)(C)OC(=O)N[C@H](C(=O)O)C1CCCCC1,65
104194,Cn1cnnc1S,58
104195,N#CCc1ccc(Cl)cc1Cl,30
104196,N#Cc1c(F)cccc1Cl,30
104202,CCOC(=O)c1ccc(C(=O)OCC)cc1,66
104205,Brc1csc(C2OCCO2)c1,30
104212,COc1ccc(OC)c(S(=O)(=O)Cl)c1,26
104214,C[N+](C)(C)C.[Cl-],26
104217,O=C(CCl)N1CCCCC1,51
104219,COc1ccc(N=C=O)c(OC)c1,80
104228,CCOC(=O)C(=CN(C)C)C(C)=O,64
104236,CSc1nc(C)cc(O)n1,74
104240,CCC(C)CN.Cl,56
104303,O=S(=O)([O-])CO.[Na+],39
104317,Cc1ccccc1NC(=S)Nc1ccccc1C,43
104323,C[C@@H](OCc1ccccc1)[C@H](NC(=O)OCC1c2ccccc2-c2ccccc21)C(=O)O,37
104325,CC[C@H](C)[C@@H](C(=O)O)N(C)C(=O)OCC1c2ccccc2-c2ccccc21,56
104341,NC(=O)C(N)=O,30
104365,O=C([O-])c1nccnc1C(=O)[O-].[Na+].[Na+],30
104384,Fc1cc(Br)ccn1,81
104385,O=C1CC[C@H](CO)N1,76
104386,C=CCCCCCCCC,26
104398,COc1ccc(B(O)O)c(Cl)c1,89
104405,CC(C)(C)OC(=O)Oc1ccccc1,26
104408,COc1ccc(C(=O)O)cc1Cl,49
104419,ON=Cc1c(Cl)cccc1Cl,34
104478,C[C@@H](N)C(=O)OCc1ccccc1.Cl,21
104535,Cl.Nc1ccccc1Cl,26
104560,O=C(N[C@H](C(=O)O)C1CCCCC1)OCC1c2ccccc2-c2ccccc21,91
104605,CC1(C)OB(c2ccccc2O)OC1(C)C,50
104611,Fc1ccc(C(F)(F)F)c(Br)c1,44
104615,O=C(O)c1cc2c(Br)cccc2s1,53
104692,N#CCc1c(Cl)cccc1Cl,30
104696,Fc1cccc(Cl)n1,30
104699,CNOC.Cl,30
104721,Ic1cccs1,26
104731,Cc1cc[n+]([O-])cc1,30
104737,CCN(CC)c1ccccc1.Cl,26
104755,CCCCCCCCP(=O)(O)O,24
104798,C=CCSSC,30
104803,C(=N/N=C/c1ccccc1)\c1ccccc1,21
104818,CCCCOc1ccc(O)cc1,26
104847,C[C@@H](NC(=O)OCc1ccccc1)C(=O)O,26
104884,CC(C)(C)OC(=O)N[C@@H](CCC(=O)O)C(=O)OC(C)(C)C,68
104907,CCCCO[Ti](OCCCC)(OCCCC)OCCCC,26
104924,O=C(O)C[C@@H](NC(=O)OCc1ccccc1)C(=O)O,30
105006,Cc1cc(Cl)ccc1NC(N)=S,95
105016,C/C(C=O)=C\c1ccco1,41
105078,CCCCCCCCN(CCCCCCCC)CCCCCCCC.Cl,26
105092,Cl.NCCSCc1ccccc1,85
105135,Br[Cd]Br,30
105142,CN(C(=O)OCC1c2ccccc2-c2ccccc21)[C@@H](Cc1ccccc1)C(=O)O,61
105165,ClC/C=C/c1ccccc1,26
105171,COC(=O)c1cc(Br)cc(Br)c1,21
105205,CCOC(=O)[C@H](C)N.Cl,26
105213,N#Cc1ccc(Br)nc1,53
105221,Cl.NCc1cc(Cl)cc(Cl)c1,67
105229,Cl.NCC1CCCO1,30
105231,O=C(Cl)c1ccccn1,74
105232,NN=c1[nH][nH]c(=S)n1N,85
105235,OC1CC=CC1,94
105349,O=[Cu],26
105355,Cl.O=C(c1ccccc1)C1CCNC1,36
105356,CC(C)(C)C#C/C=C/CCl,36
105357,F[B-](F)(F)F.N#[O+],59
105454,CC(C)Nc1ccccc1,30
105495,NC(=O)CN(CC(=O)O)CC(=O)O,38
105537,O=c1cc(-c2ccc(O)c(O)c2)oc2cc(O)cc(O)c12,28
105568,COc1ccc(CNC(N)=O)cc1,48
105582,CN(CC(=O)O)C(=N)N,30
105591,CCCCCC/C=C\CO,64
105658,CC(C)(C)OC(=O)N1CCCCC1CCO,68
105679,Oc1cc(Br)cc(Br)c1,74
105724,C[N+](C)(C)CCO.[Br-],30
105881,CN1CCN(c2ccc(N)cc2F)CC1,60
105896,N=C(N)Nc1nc2ccccc2[nH]1,32
105906,CC1CCC(C(C)C)C(O)C1,33
105907,CC1CCC(N)CC1,64
105908,COC(=O)CCC(N)C(=O)OC,29
106014,CC[C@@H](CO)NCCN[C@@H](CC)CO.Cl.Cl,47
106030,CC[C@@H](CO)NCCN[C@@H](CC)CO,52
106055,Cl.N[C@H]1CCCCNC1=O,71
106079,OB(O)c1cccc2c1oc1ccccc12,50
106098,COC(=O)Cc1ccc(Br)cc1Cl,96
106123,CC(C)(C)OC(=O)CC[C@H](NC(=O)OC(C)(C)C)C(=O)O,30
106155,Oc1ccc2ncccc2c1,49
106164,COc1ccc(CNN)cc1,39
106201,CCOC(=O)c1ccc(Br)cc1,26
106211,COC(=O)c1ccc(Cl)cc1,30
106250,CC(=O)NC(N)=S,21
106258,C(=N/c1ccccc1)\c1ccccc1,28
106288,CCC(C(C)=O)C(=O)OC,31
106289,COc1ccccc1OCC1CO1,35
106302,O=Cc1cc(O)ccc1O,86
106320,C/C=C/c1ccc(OC)cc1,31
106331,CC(=O)O.CC(=O)O.c1ccc(CNCCNCc2ccccc2)cc1,26
106366,CC(C)COc1ccc(CN)cc1.Cl,92
106385,Cc1ccc(F)cc1N=C=S,33
106387,CCC(C)I,26
106437,CCOC(=O)CNN.Cl.Cl,23
106491,O=C(NO)c1ccccc1,27
106500,CC1(C)OB(c2ccccc2C=O)OC1(C)C,58
106502,CCCCO[PH](=O)OCCCC,48
106504,CCc1ccc(C=O)cc1,53
106505,CCCC(C)C=O,30
106523,CC1(C)OB(c2ccc(C=O)s2)OC1(C)C,60
106544,COc1ccc(Cl)c(B(O)O)c1,97
106550,OC(c1ccccc1)(c1ccccc1)c1ccccc1,30
106573,Cc1cc([N+](=O)[O-])ccn1,66
106583,COC(=O)CC[C@@H](NC(=O)OC(C)(C)C)C(=O)O,29
106619,CCOCCOC(C)(C)C,41
106663,CC1(C)OB(c2ccccc2)OC1(C)C,21
106671,CC1(C)OB(c2cccc(F)c2)OC1(C)C,84
106704,CNC(C)C(=O)O,30
106708,Cc1cc(O)n2ncnc2n1,29
106752,NC(=O)c1nnc[nH]1,63
106763,C[C@@H](O)CO,30
106777,COc1ccsc1,48
106780,O=[N+]([O-])c1cc[n+]([O-])cc1Br,83
106781,Oc1ccc(C(F)(F)F)cc1Br,66
106784,CON(C)C(=O)C1CCOCC1,21
106793,OCC1c2ccccc2-c2ccccc21,30
106794,Fc1cc(F)c(Br)cc1Br,96
106843,O.O=c1cc(-c2ccc(O)c(O)c2)oc2cc(O)cc(O)c12,24
106860,CN1CCCC(C(=O)O)C1,41
106869,Oc1ccc(Br)nn1,90
106941,CC1(C)OB(c2ccccc2Cl)OC1(C)C,60
106946,CC1(C)OB(c2cccc(C#N)c2)OC1(C)C,32
106953,CC1(C)OB(c2cccc(Cl)c2)OC1(C)C,66
106964,Br.O=C(CBr)c1ccncc1,90
106969,CC(=O)CC(=O)C(F)(F)C(F)(F)F,69
107019,COc1ccc(OC)c(CN2CCNCC2)c1,51
107022,Clc1nccc2ccccc12,86
107056,Ic1cccc(I)c1,30
107069,Cc1ccc(N)cc1.Cl,26
107072,OCc1ccc(C(F)(F)F)cc1,26
107075,CCCCCCCCN(CCCCCCCC)CCCCCCCC,26
107077,Brc1csc2ccccc12,69
107144,OCCCCCCCCCO,30
107149,COc1cscc1OC,59
107166,O=C(O)Cc1ccc(F)cc1Cl,33
107169,OCCCc1ccccn1,89
107181,C[PH](C)=O,65
107210,N#CCC1=CCCC1,43
107271,O=[N+]([O-])c1ccccc1CO,26
107301,CCCCCOC(=O)Cl,83
107451,N#Cc1ccc(Br)cc1O,66
107474,CC1(C)OB(c2cccc(C(=O)O)c2)OC1(C)C,54
107478,Cc1nc[nH]c1C=O,88
107489,O=C(O)/C=C/c1ccccc1,30
107495,OCc1ccc(O)c(Br)c1,71
107583,Cl.N[C@@H](CO)C(=O)OCc1ccccc1,60
107584,O=C([O-])c1nc(=O)[nH]c(=O)[nH]1.[K+],49
107642,Cc1ccc2c(c1)NC(C)(C)CC2C,85
107662,O=[N+]([O-])c1cc(Cl)c(Cl)c(Cl)c1,48
107780,CCCCCCCC/C=C\CCCCCCCC(=O)OCC,26
107786,Cl.O=C(O)CCP(CCC(=O)O)CCC(=O)O,76
107800,C=CCCC,30
107809,O=Cc1ccc(Br)cc1,30
107884,N=C(N)SCCCS(=O)(=O)O,29
107896,Cc1cccc(C)c1C#N,48
107938,O=C(Cl)c1cccc(F)c1F,39
107950,CC1(C)OB(c2cccnc2Cl)OC1(C)C,65
107972,Cc1ncc([N+](=O)[O-])n1CC(C)O,30
108021,CCC(=O)OC,30
108022,Clc1ccc(I)c(Cl)n1,58
108038,COC(=O)CC(C)C,26
108057,CCCCCCCCCCCCCCCC[N+](C)(C)C.[Br-],30
108144,NCCCNCCCCNCCCN,93
108147,CCNCc1ccc(F)cc1.Cl,86
108158,O=[N+]([O-])c1ccc2[nH]ccc2c1,26
108192,CC(C#N)c1ccccc1,41
108248,CCOC(=O)c1cn2ccccc2n1.Cl,79
108303,Cc1nn(C)c(C)c1B1OC(C)(C)C(C)(C)O1,64
108304,Cc1ccc(I)cc1F,49
108418,CSc1nc(O)cc(C(F)(F)F)n1,92
108426,O=C(O)C(CBr)CBr,75
108440,c1ccc(Nc2cccc3ccccc23)cc1,26
108454,CC(C)OP(=O)(CP(=O)(OC(C)C)OC(C)C)OC(C)C,54
108459,CC(C)(C)OC(=O)N[C@@H](CC(=O)O)C(=O)OC(C)(C)C,53
108515,COc1c(N2C[C@@H]3CCCN[C@@H]3C2)c(F)cc2c(=O)c(C(=O)O)cn(C3CC3)c12,73
108542,CC(=O)N1CCOC1=O,85
108708,CCNC(=O)CC[C@H](N)C(=O)O,39
108819,Cl.NC(=O)[C@@H](N)Cc1ccc(O)cc1,53
108864,COc1ccc(Br)cc1[N+](=O)[O-],40
108880,BrCC1CCC1,50
108947,COc1cc(Br)ccc1F,36
109016,CC(C)(C)[Si](C)(C)OCCO,40
109049,ICCCCCCCCCCI,27
109052,O=C(S)c1ccccc1,26
109068,CC1(C)OB(c2cn[nH]c2)OC1(C)C,83
109080,N#CCN=C(c1ccccc1)c1ccccc1,26
109121,O=C(O)c1ccc(C(F)(F)F)c([N+](=O)[O-])c1,56
109156,N[C@H](c1ccccc1)[C@H](N)c1ccccc1,78
109228,O=Cc1c(F)ccc(Cl)c1F,93
109351,CNC(=O)c1cc(Cl)cc(C)c1N,35
109352,C[C@H](O)[C@@H](NC(=O)OC(C)(C)C)C(=O)O,55
109355,SCCc1cnccn1,96
109362,Fc1cc(Br)ccc1OC(F)(F)F,39
109376,O=C/C=C/c1ccccc1,30
109401,O=C1OC(=O)c2c(F)c(F)c(F)c(F)c21,42
109462,CCc1nn(C)c(C(=O)O)c1Cl,48
109467,Cl.ClCCN1CCCCCC1,23
109512,CC(C)(C)C(=O)CC(=O)C(F)(F)C(F)(F)C(F)(F)F,74
109518,CC(C)c1nc(N(C)S(C)(=O)=O)nc(-c2ccc(F)cc2)c1C=O,38
109521,CC[C@H]1CN2CC[C@H]1C[C@H]2[C@H](O)c1ccnc2ccc(OC)cc12,75
109542,CCCC[N+](CCCC)(CCCC)CCCC.O=C([O-])O,21
109544,O=C(Nc1cccc(C(=O)O)c1)OCC1c2ccccc2-c2ccccc21,52
109574,Cl.NN1CC2CCCC2C1,76
109605,COc1cc(N=C=O)cc(OC)c1,98
109664,C[N+](C)(C)C.[F-],26
109666,BrCc1cccc(I)c1,56
109670,O=c1ccc2ccc(O)cc2[nH]1,66
109692,O=C1C[C@@H]2C=CC[C@H]12,85
109791,CCOC(=O)C(Br)Br,68
109824,CCOC(=O)Cc1ccc(N)cc1,25
109841,CC1=CC(C)C(C=O)CC1,36
109861,NCc1cc(C(F)(F)F)ccc1Cl,94
109867,Cc1ccc(CBr)cc1F,67
109873,COc1cc(CO)cc(OC)c1Br,63
109908,COC(=O)C(C)C(=O)OC,74
110029,Cc1ncc(CO)c(CN)c1O.Cl.Cl,38
110043,CC(=O)Nc1ccc(S(C)(=O)=O)cc1,93
110164,CC1COS(=O)(=O)O1,89
110170,Cc1cc(Cl)c(C)cc1N,94
110186,O=C([O-])c1cc(O)ccc1[N+](=O)[O-].[Na+],91
110204,N#C/C=C/c1ccccc1,26
110264,COc1c(C)c2c(c(O)c1C/C=C(\C)CCC(=O)OCCN1CCOCC1)C(=O)OC2,90
110289,CC(C)(C)SC[C@H](N)C(=O)O.Cl,90
110303,O=S(=O)(Cl)c1c(F)cccc1F,35
110311,Cc1cc(F)ccc1I,30
110314,C=CC(=O)NCCO,26
110382,Nc1ccc(F)c(Cl)c1F,90
110383,CC(C)CCC(C)O,80
110438,O=C(O)CC[C@@H](NC(=O)OCc1ccccc1)C(=O)O,50
110458,O=C(O)/C=C/CCCCCCCO,67
110479,CC(C)(C)OC(=O)N1CCN(CCCO)CC1,95
110523,Cc1c(O)c(=O)ccn1C,69
110547,O=Cc1ccnc(Br)c1,94
110573,COC(=O)c1cc(Cl)cc(C(=O)OC)n1,93
110574,c1ccc(P(c2ccccc2)c2ccccn2)cc1,41
110625,Cc1cc(C)cc(CO)c1,90
110735,Oc1ccc(Br)c(F)c1F,54
110737,Brc1cnc2cccnn12,90
110738,N#CCCn1cccc1,81
110839,CCCCOc1ccc(S(=O)(=O)Cl)cc1,63
110867,COc1ccc([C@@H](C)N)cc1,90
110876,COc1cn[nH]c(=O)c1Cl,91
110910,OCc1ccc(F)cc1Cl,30
110914,OCc1cc(F)ccc1F,38
110916,OCc1ccc(F)cc1F,33
110917,OCc1ccc(F)c(F)c1,26
110918,NCc1ccc(F)cc1Cl,33
110990,C=CC[P+](c1ccccc1)(c1ccccc1)c1ccccc1.[Br-],21
111033,COC(=O)c1cccc([N+](=O)[O-])c1O,61
111104,COC(=O)[C@H]1CC[C@H](N)CC1.Cl,99
111154,c1ccc(-c2cnc(-c3ccc(-c4ncc(-c5ccccc5)o4)cc3)o2)cc1,45
111158,CCc1nc(C)c(C=O)[nH]1,97
111164,Cc1cc([N+](=O)[O-])cnc1Br,39
111211,COc1ccc(C(N)CC(=O)O)cc1OC,73
111215,COC(C)OC,31
111223,NCCc1ccc(Cl)c(Cl)c1,90
111277,COC(=O)C12CCC(C(=O)O)(CC1)CC2,73
111280,O=Cc1ccc(Cl)c(C(F)(F)F)c1,50
111345,CC(=O)c1cccn1C,35
111348,[Br-].c1ccc([P+](CC2OCCO2)(c2ccccc2)c2ccccc2)cc1,38
111356,NC(=O)C1CCOCC1,82
111366,Nc1ccnn1CCO,46
111385,NCCNCCO,30
111442,Cl.NNc1ccc(I)cc1,71
111451,Fc1cc(I)ccc1Br,39
111531,O=C(O)C=Cc1ccc(O)cc1,26
111536,C#CCCCC,53
111540,O=C(O)/C=C/c1cccnc1,24
111550,O=C(N[C@H](CC1CCCCC1)C(=O)O)OCC1c2ccccc2-c2ccccc21,53
111655,OCC(CO)c1ccccc1,25
111683,Oc1cc(Br)cc(C(F)(F)F)c1,96
111731,COC(=O)c1cccc(B(O)O)c1,39
111732,CC(O)c1cccc(OC(F)(F)F)c1,85
111751,CCc1cccc(CC)c1N=C=S,73
111753,O=C1c2ccccc2C(=O)N1CCl,28
111754,CC(=O)OC(OC(C)=O)c1ccc([N+](=O)[O-])o1,30
111758,O=C(CCl)c1ccc(O)c(O)c1,30
111759,O=C=Nc1ccc(Cl)cc1Cl,37
111824,N#CCCOCC(COCCC#N)OCCC#N,49
111829,O=Cc1ccsc1,30
111831,CCNC1CCCCC1,26
111832,CCI,30
111833,c1ccc2c(c1)CCOC2,30
111855,CCOC(=O)C(C#N)=NO,30
111862,CCn1c(-c2ccccc2)cc2ccccc21,49
111863,Cc1[nH]oc(=NS(=O)(=O)c2ccc(N)cc2)c1C,31
111871,O=C(CCl)c1ccc(Cl)cc1,25
111890,Brc1cccc2ccncc12.Cl,79
111905,CC(C)(C)NS(=O)(=O)c1ccc(Cl)s1,85
111915,Nc1cccnc1[N+](=O)[O-],68
111933,C#CC(C)(C)O,30
111934,SCc1ccco1,31
111935,Cc1cccc(N)c1C,26
111936,COC(=O)CC(C)=O,26
111937,Oc1ccccc1F,30
111938,CC(C)I,30
111940,CSc1ccc(Br)cc1,21
111941,O=C(O)CI,34
111942,CCC(=O)Cl,49
111943,Cc1c(N)cccc1Cl,30
111944,CC(=O)c1cccnc1,30
111945,O=C1CCCCCCC1,26
111949,NCCNCCN,30
111952,CCOC(=O)N1CCNCC1,26
111953,Cc1ccc(I)c(C)c1,26
111956,OCc1ccc(F)cc1,26
111957,O=C(CCCCl)c1ccccc1,56
112058,NCCN1CCOCC1,30
112060,CCOC(CCCN)OCC,44
112061,CC1CCCCC1O,26
112069,CC(C)CS,31
112070,CC1CCCCC1N,30
112071,COCCCN=C=S,44
112077,O=C(N=C=S)c1ccccc1,30
112078,CCCc1ccc(C(C)=O)cc1,26
112079,CCCC(C)=O,30
112080,C=COCCCC,30
112081,Oc1ccc(F)cc1Cl,30
112087,CC(=O)C(C)O,30
112088,CC(C)OC(=O)CC(=O)OC(C)C,26
112111,CC(=O)c1cc(C)cs1,67
112115,O=[N+]([O-])c1ccc(C=NO)o1,29
112116,NC(=O)CN1CCCC1=O,36
112124,CNCCCC(=O)O.Cl,35
112125,O=[N+]([O-])c1cccc(O)c1,30
112144,C[C@@H]1CNCCN1C(=O)OC(C)(C)C,83
112152,CCCCCCl,23
112156,COc1cccc(OC)c1Br,89
112163,FC(F)(F)c1cncc(Cl)c1,45
112178,C=C(C)C(=O)OCCCCCCCCCCCCCCCCCC,26
112216,Cc1nc(Br)c[nH]1,80
112226,OCc1c(F)cccc1Cl,49
112229,Nc1ncc(Cl)cc1Br,30
112249,NC1=NCCS1,33
112258,Cc1ccc(B(O)O)c(C)c1,51
112266,O=C(CC[C@H](NC(=O)OCC1c2ccccc2-c2ccccc21)C(=O)O)OCc1ccccc1,21
112278,COC(=O)C1CCC(C(=O)OC)CC1,26
112291,CC(C)OCCCN,26
112312,O=C1Nc2ccccc2CCC1Br,49
112366,S=C=NCCCN1CCOCC1,55
112376,O=Cc1ccc(Br)s1,36
112377,Cc1ccccc1C(=O)NN,63
112380,NNC(=O)c1ccc(Cl)cc1Cl,51
112411,SCCc1ccccc1,41
112429,Nc1cc(Br)cnc1Cl,36
112502,OC1CCCc2ccccc21,66
112505,COc1ccc(CC(=O)O)c(OC)c1,60
112506,CCCCCS,48
112507,NNC(=O)c1ccco1,33
112508,CCCC1CCC(=O)CC1,36
112509,O=Cc1ccccc1[N+](=O)[O-],30
112510,COc1ccc(C(=O)O)cc1Br,49
112513,C=C(C)OC(C)=O,30
112514,COC(=O)c1ccccc1,30
112535,FC(F)(F)C1CCCCN1,89
112568,CCOC(=O)C(Br)c1ccccc1,65
112583,CNCCCO,70
112602,Oc1ccc2nc(O)ccc2c1,45
112604,C=CCOCC=C,56
112659,CC1=CC(C)(C)Nc2ccccc21,27
112661,NCc1ncccn1,68
112666,CC(=O)c1cc2ccccc2s1,76
112668,CN(CC(=O)O)C(=O)OCc1ccccc1,33
112669,OCc1ccc(OCc2ccccc2)cc1,30
112671,CC(C)(C)[Si](C)(C)OCCBr,41
112687,CC(=O)OC(C)(C)C(=O)Cl,30
112692,CCCCNS(=O)(=O)c1ccc(C)c(N)c1,42
112699,O=C=Nc1ccc(Br)cc1,50
112744,Nc1ccccc1C(=O)c1ccccc1,30
112783,CCC1CCCCN1,70
112784,c1ccc(N2CCNCC2)nc1,30
112788,COC(=O)c1ccc(CN)cc1,39
112795,Oc1ccc(Cl)c(C(F)(F)F)c1,30
112802,N#CCC(=O)c1ccc(Br)cc1,69
112859,N#Cc1c(F)cc(O)cc1F,68
112963,COC(CCC#N)OC,44
112993,COc1ccc(O)c(F)c1,60
112995,C[C@@H]1OC(O)[C@H](O)[C@H](O)[C@H]1O.O,65
113003,COC(=O)c1ccc(OC)cc1,26
113206,COC[C@@H](C)O,36
113278,OCCCOc1ccccc1,43
113411,OCc1cc(F)c(F)cc1F,45
113465,Cc1ccc(Br)c(Br)c1,26
113469,CC(C)(O)c1ccc(-c2ccccc2)cc1,32
113470,Cc1nc(Cl)ccc1F,64
113479,CCCCC1CCC(=O)O1,26
113481,CCOP(=O)(CO)OCC,26
113496,Cc1cc(C)c(CCO)c(C)c1,50
113499,COC(=O)[C@@H](C)Oc1ccc(O)cc1,44
113534,COc1c(F)cc(F)cc1Br,38
113535,Cc1cccc(CBr)c1F,99
113549,Cc1cc(I)ccc1F,26
113550,CC(C)(C)c1ccc(I)cc1,26
113552,COC1CCCC1,29
113555,NCC1CCNCC1,73
113557,Cc1cc(CBr)ccc1[N+](=O)[O-],88
113602,COc1ccc(C#N)cc1O,28
113603,CC(C)(C)OC(=O)C(C)(C)Br,26
113612,CCOC(=O)c1cccc(Br)c1,29
113645,F[B-](F)(F)c1ccccc1.[K+],53
113650,OCc1cccc(Br)c1F,76
113668,N#Cc1cc(Br)cc(Br)c1N,63
113691,CCOC(=O)c1nccn1C,75
113698,ClCCCCCBr,26
113705,C[C@](N)(Cc1ccc(O)c(O)c1)C(=O)O.C[C@](N)(Cc1ccc(O)c(O)c1)C(=O)O.O.O.O,45
113706,Brc1cc(Br)c(Br)cc1Br,38
113709,COc1cccc(N(C)C)c1,83
113722,CC(C)(C)c1cccc(Br)c1,55
113724,O=Cc1c(F)cc(Cl)cc1F,92
113731,COc1ccc(Br)cc1C,26
113732,OB(O)c1ccc(Cl)s1,81
113734,O=S(=O)(O)c1cnccc1O,44
113768,CCOC(=O)c1ccoc1,72
113770,COC(=O)c1cc(F)cc(F)c1,44
113772,O=S(=O)(Cl)c1ccc(Br)cc1OC(F)(F)F,44
113774,OB(O)c1cc(Br)cc(Br)c1,63
113806,COc1c(F)cccc1Br,74
113832,CN1CCN(c2ccc(C(=O)O)cc2)CC1,94
113846,COc1ccc(F)c(F)c1,26
113850,CCOC(=O)c1ccccc1Cl,29
113853,Cc1ccccc1C(=O)Cl,26
113854,COc1ccc(Cl)cc1Cl,31
113856,OCc1cccc2ccccc12,28
113857,N#CCc1ccc(Br)cc1F,38
113908,N#CCc1cc(Cl)ccc1F,50
113912,C=Cc1c(Cl)cccc1Cl,92
113917,OCc1ccc(Cl)cc1F,48
113931,O=[N+]([O-])c1cc(Br)cc(C(F)(F)F)c1,26
113976,OCc1cc(F)cc(Cl)c1,77
114008,FC(F)(F)Oc1ccccc1CCl,42
114040,OCc1cc(F)ccc1Cl,59
114060,CCCCCCN=C=O,83
114094,CC1(CCl)COC1,36
114198,CC1=C2[C@H]3OC(=O)[C@@H](C)[C@@H]3CC[C@@]2(C)C=CC1=O,93
114200,COC(=O)C(Cl)C(C)=O,34
114201,Cc1cccc(CC(=O)O)c1,45
114212,COc1ccc(C(OC[C@H]2O[C@@H](n3cc(C)c(=O)[nH]c3=O)C[C@@H]2O)(c2ccccc2)c2ccc(OC)cc2)cc1,21
114300,CCC1C(=O)CCC1=O,40
114376,Cc1cccc(NN)c1C,40
114425,CC(=O)CCc1ccccc1,26
114459,O=C1OC2(c3ccc(O)cc3Oc3cc(O)ccc32)c2ccccc21,95
114487,O=C(O)c1ccc([N+](=O)[O-])c(C(=O)O)c1,75
114495,Brc1ccc(-c2ccccn2)cc1,76
114517,COC(=O)C[N+](=O)[O-],78
114592,Clc1ccc(-n2cc(I)cn2)nn1,42
114593,Cl.NCC(O)c1ccc(O)cc1,38
114611,C[C@@]1(C(=O)O)CCCN1.Cl,43
114689,O=C(O)CCNC(=O)c1ccccc1,30
114690,CCCCCCCC1CCC(=O)O1,26
114692,CCn1cc(C(=O)O)c(=O)c2cc(F)c(N3CCNCC3)cc21,36
114698,Cc1ccc(C#N)c(N)c1,51
114704,CC(C)C(O)C(C)C,39
114707,Cc1ccc(N2CCNCC2)cc1C,63
114712,Cc1ccncc1C(=O)O,96
114716,CC1=CCC(=O)O1,33
114830,ON=Cc1ccccc1,21
114894,Clc1n[nH]c2ccccc12,78
114906,CCc1nc(N)nc(N)c1-c1ccc(Cl)cc1,74
114911,Cl.NCc1cccc(Cl)c1Cl,86
114940,COCCOCCOCCOCCO,30
114980,N#CCC(=O)NN,47
115055,FCOC(C(F)(F)F)C(F)(F)F,65
115056,CN(C)CCCN1c2ccccc2CCc2ccccc21.Cl,98
115069,O=C1Nc2c(Cl)ccc(Cl)c2C1=O,90
115074,COC(=O)c1ccc(C)c(F)c1,73
115215,FC(F)(F)c1cc(Cl)ccc1Br,26
115275,CC(C)(C)c1ccc(N)c(Br)c1,66
115279,Nc1cccc(Br)c1O,90
115284,O=C1CCC(NC(=O)OCc2ccccc2)CC1,78
115289,O=C(O)c1ccc(C(=O)O)c(Br)c1,31
115290,O=C(O)Cc1ccccc1CC(=O)O,35
115291,COC(=O)C(Cl)c1ccccc1,95
115310,CC(C)CCCC(C)N,98
115311,CCCCCOC(C)=O,29
115312,Cc1nc2cc(-c3ccccc3)ccc2o1,66
115314,O=C(OCCO)c1ccccc1O,28
115354,COC(=O)[C@@H](CC(=O)O)NC(=O)OC(C)(C)C,45
115412,Fc1cc(F)c(CBr)cc1F,35
115421,OCc1ccc(C(F)(F)F)cc1Br,99
115429,O=C(c1cccc(F)c1)C(F)(F)F,98
115444,OCc1ccc(F)c(C(F)(F)F)c1,96
115461,O=[N+]([O-])c1cc(Br)ccc1Cl,38
115468,N#CCc1cccc(C(F)(F)F)c1F,85
115475,Fc1c(Cl)cccc1Br,30
115485,FC(F)(F)c1ccc(Cl)c(CBr)c1,70
115487,FC(F)(F)Oc1ccccc1CBr,49
115526,Fc1ccc(C(F)(F)F)cc1CBr,78
115536,OCc1cc(F)ccc1C(F)(F)F,57
115547,Fc1ncc(Br)cc1Br,34
115550,Clc1cncc(Cl)c1Br,41
115556,N#CCc1ccc(F)c(C(F)(F)F)c1,66
115569,CC(=O)c1cccc(C(F)(F)F)c1F,87
115580,N#CCc1cc(F)ccc1Br,83
115684,CCCC(N)=O,26
115685,CCC(C)N=C=S,27
115687,Cc1ccc(O)c(Cl)c1,44
115690,NS(=O)(=O)CCCCl,97
115691,Brc1cnc(Br)nc1,71
115692,Cc1cc(O)c(C)c(C)c1O,28
115783,CCCCC1CO1,31
115801,CSc1ccc(C#N)cc1,45
115814,COC(=O)c1cc([N+](=O)[O-])ccc1F,48
115816,CCCCOC(=O)CCC,28
115818,O=C=Nc1ccccc1C(F)(F)F,43
115836,N#Cc1cc[n+]([O-])cc1,44
115900,C=CCS(=O)(=O)O,26
115981,COc1ccc(C#N)cc1F,45
115995,OCCI,34
116045,CCCCOC(=O)c1ccccc1C(=O)OCCCC,26
116106,COC(=O)c1ccc(N)c(N)c1,38
116110,O=C1c2ccccc2-c2ccc(Br)cc21,33
116128,Cc1cccc(Cl)c1O,45
116147,NC(=O)CI,39
116152,CNC(=NC#N)NCCSCc1nc[nH]c1C,21
116154,CC(=O)CS(C)(=O)=O,58
116187,CP(=O)(O)CCC(N)C(=O)O,33
116190,CN(C)c1ccccc1Br,32
116192,CC(C)(Br)C(=O)Br,30
116225,O=C1CCCCCCCCCCC1,26
116228,CCOCCOCCO,28
116230,CCN(CC)C(=S)SSC(=S)N(CC)CC,30
116233,O=C1CCC(C(=O)O)N1,30
116241,Cl.NCC(=O)O,26
116247,CC(=O)OCC[N+](C)(C)C.[Br-],21
116258,O=C(O)[C@@H]1CC=CCC1,45
116294,O=Cc1cc([N+](=O)[O-])ccc1Br,83
116301,C=CNC=O,33
116351,OB(O)c1cccs1,30
116359,N#Cc1ccc(S(N)(=O)=O)cc1,91
116372,CCN(CC)C(=O)c1cccc(C)c1,21
116379,CN(C)C(=S)SSC(=S)N(C)C,33
116381,O=C1CNC(=O)CN1,39
116395,O=C1NC(=O)C([N+](=O)[O-])C(=O)N1,35
116397,COC(=O)c1ccc2c(c1)NC(=O)C2,61
116398,NCC(=O)[O-].[Na+],26
116399,CCCCNCC,26
116400,Nc1ccc(Cl)cc1,30
116454,Nc1cccc2ccccc12,30
116486,Oc1ccc2cc(Br)ccc2c1Br,26
116487,COc1ccc2nc(C)ccc2c1,89
116488,N#CCC(N)=O,30
116489,Cc1nnc(N)s1,30
116542,Cc1ccc2nc(C)ccc2c1,39
116548,NC(Cc1ccc(O)cc1)C(=O)O,26
116549,NCCCCCC(=O)O,21
116550,O=[N+]([O-])c1ccc(O)cc1,30
116566,CC(O)C(=O)O,30
116601,COc1ccc(CCC(=O)O)cc1OC,30
116604,NNC(=O)c1cccnc1,30
116605,O=C1CCc2ccccc2N1,35
116653,Cl.NNc1ccc(S(N)(=O)=O)cc1,30
116666,SCCS,26
116667,CCOC(=O)C(Br)CBr,26
116759,Sc1nc2ccccc2[nH]1,30
116766,CCOc1cccc(C=O)c1O,30
116768,Cc1cc(N)no1,31
116769,Clc1cccc2ccccc12,28
116772,O=C(O)c1cc(C(=O)O)c(C(=O)O)cc1C(=O)O,50
116775,CC1CCCC(=O)O1,34
116777,Brc1csc(Br)n1,35
116803,CN(C)CC(C)(C)CN,41
116804,CC(Br)CBr,26
116808,O=C(O)C1(c2ccccc2)CCCC1,45
116810,Fc1c(F)c(F)c(CBr)c(F)c1F,33
116811,CN(CCCN)c1ccccc1,45
116812,Cl.N=C(N)NN,26
116813,CCCCCC(C)N,21
116814,O=C(CBr)c1ccc(F)cc1,30
116815,O=C1CCc2ccccc21,30
116816,CC(C)(C)S,29
116817,CS(=O)(=O)c1ccc2nc(N)sc2c1,44
116821,NCCS,26
116851,CC(=O)c1cccc(OCc2ccccc2)c1,27
116896,N#Cc1cc(F)c(Cl)cc1F,69
116909,CC(C)(C)C(=O)C(C)(C)C,63
116929,O=C(O)c1c(O)cccc1F,90
116985,Cl.N=C(N)c1ccc(O)cc1,53
117061,Brc1ccc2c(c1)Cc1ccccc1-2,26
117064,Brc1cccc2c1oc1ccccc12,94
117065,COC(=O)c1cc([N+](=O)[O-])ccc1C,26
117111,NCC(O)CN,30
117112,COc1cc(C)cc(C)c1,26
117113,O=[N+]([O-])c1ccc(Br)nc1Br,33
117114,O=C(Cl)OCCl,53
117172,CCCCCC1CCCC(=O)O1,26
117173,Ic1ccc2[nH]c3ccccc3c2c1,46
117221,FC(F)(F)c1cc(N=C=S)cc(C(F)(F)F)c1,44
117230,COC(=O)c1cc(C(C)=O)ccc1O,26
117237,CCNCCN(C)C,86
117275,CC(C)(C)OC(=O)N[C@H](Cc1ccc2ccccc2c1)C(=O)O,81
117287,COC(=O)c1cccc(C=O)c1[N+](=O)[O-],49
117288,CSCSC,41
117289,O=c1[nH][nH]c(=O)n1-c1ccccc1,41
117315,O=C(O)CCCCl,45
117394,O=[N+]([O-])c1ccc2[nH]nc(Br)c2c1,34
117405,NC(=O)OCc1ccccc1,30
117406,Sc1ccc(Br)cc1,36
117417,COC(=O)C(Cl)C(=O)OC,65
117516,CC(C)(C)OP(=O)(O)OC(C)(C)C,74
117548,C=C(C)[C@@H]1CC=C(C)CC1,26
117571,O=C/C=C/c1ccco1,26
117574,O=C1COC(=O)CO1,63
117575,CC1(C)OCC2OC2CO1,40
117602,COc1ccc(F)cc1Cl,59
117620,COC(N)=O,30
117621,Cc1ccc(N=C=O)cc1N=C=O,26
117622,Oc1ccc2ccccc2c1N=Nc1ccccc1,75
117623,COc1ccc(C(=O)Cl)cc1OC,95
117712,COc1cc2nc[nH]c(=O)c2cc1O,36
117714,FC(F)(F)Oc1cccc(CBr)c1,63
117724,CN(C)P(=O)(N(C)C)N(C)C,30
117759,COC(=O)C(=O)CBr,21
117762,CSc1ncc(Br)c(Cl)n1,71
117769,Brc1ccc2[nH]c3ccccc3c2c1,26
117770,N[C@@H](CSCC(=O)O)C(=O)O,26
117775,CC(C)(C)CC(C)(C)N=C=O,84
117802,CC(C)(c1cc(Br)c(O)c(Br)c1)c1cc(Br)c(O)c(Br)c1,30
117809,O=C(CS)OCCOC(=O)CS,66
117841,C/C(=C\c1ccccc1)C(=O)O,21
117855,CCOC(=O)C1(Br)CCC1,60
117885,CNc1ccccc1C(=O)OC,30
117942,Cc1cc(F)c([N+](=O)[O-])cc1F,34
117966,Oc1ncc(Br)cc1I,95
117969,COc1cc(F)ccc1C(=O)O,60
117987,O=C(O)CNCP(=O)(O)O,48
117988,C[Si](C)(C)CNCc1ccccc1,41
117989,BrC(Br)Br,30
117991,ClC=C(Cl)Cl,30
118029,N#CCc1ccc(F)cc1Br,41
118033,O=C(O)c1cc(Br)ccc1[N+](=O)[O-],63
118039,Cc1cc(Cl)c(Br)cc1F,69
118040,Oc1ccc2ccc(Br)cc2c1,63
118043,CC/C=C(\C)C=O,31
118048,Ic1ccncc1,50
118062,Cc1ccnc(-c2cc(C)ccn2)c1,41
118085,O=[N+]([O-])c1ccc(F)c(C(F)(F)F)c1,26
118124,ClC(Cl)=C(Cl)C(Cl)=C(Cl)Cl,26
118128,CC1=CCC=CC1,81
118154,Cc1cc(F)ncc1[N+](=O)[O-],44
118158,CCCC1CCCC(=O)O1,31
118190,c1ccc(-n2cccc2)cc1,73
118197,COc1ccc2ccc(=O)oc2c1,41
118198,C1=C\CC/C=C\CC/1,26
118235,COS(C)(=O)=O,45
118236,CC(C)(C)OC(=O)NC(CC(=O)O)C(=O)O,60
118237,CCC(=O)N(C)C,38
118238,O=[N+]([O-])c1c(F)cc(Br)cc1F,98
118239,Cc1ccc(Cl)cc1I,26
118241,S=C(Cl)Oc1ccccc1,69
118242,CSCCCl,73
118266,Clc1ccc(Br)c(Cl)n1,65
118267,CCOS(C)(=O)=O,21
118271,CCOC(=O)C(C)(C)C#N,86
118275,N#Cc1cc(Cl)cnc1O,86
118280,FC(F)(F)C(F)(F)C(F)(F)C(F)(F)I,26
118294,Cl.N#CC1(c2ccccc2)CCNCC1,63
118295,CNC(=S)Nc1ccccc1,98
118310,N[C@@H](CC(=O)O)C(=O)OCc1ccccc1,70
118323,COC(=O)C1CN(C(=O)OC(C)(C)C)CCC1=O,62
118336,Cc1ncccc1[N+](=O)[O-],48
118384,N#CCCP(CCC#N)CCC#N,97
118416,CC(C)(C)C(=O)Nc1cccnc1,30
118419,COC(=O)C1CCN(C(=O)OC(C)(C)C)CC1,21
118421,CC(Cl)C(=O)Nc1ccccc1Br,94
118429,COc1cc([N+](=O)[O-])ccc1Br,36
118442,O=C(O)C1CCOCC1,36
118454,CC(=O)c1ccc(Br)s1,49
118455,NCCCc1ccccc1,33
118531,COc1cccc(CCl)c1OC,48
118565,CCOC(=O)c1cccc(C(=O)OCC)n1,41
118642,CCOC(COCc1ccccc1)OCC,68
118676,OCC(O)[C@@H](O)[C@H](O)[C@H](O)CO[C@H]1O[C@H](CO)[C@@H](O)[C@H](O)[C@H]1O,49
118705,CC(C)(C)OC(=O)N1CCN(c2ccc(C=O)cc2)CC1,76
118706,Nc1ccc(C(=O)c2ccccc2)cc1,33
118718,NC(=O)c1ccc([N+](=O)[O-])cc1,31
118788,Cc1cc(C)c(O)c(C(C)(C)C)c1,26
118812,O=C(CO)CO,26
118816,COC(=O)Cc1cccs1,66
118826,O=C(O)c1c(Cl)ccc(F)c1F,62
118838,Cc1ccc(N)cc1I,46
118840,CC(=O)c1ccc(O)c(O)c1,95
118922,COC(=O)CNC=O,41
118949,CC(=O)c1c(O)ccc2ccccc12,34
118965,CC(C)[C@@H](CO)NC(=O)OC(C)(C)C,43
119014,COC(=O)[C@H](N)CO.Cl,26
119092,CN(C)C(=N)N(C)C,26
119145,CC(=O)c1ccc(CC(C)C)cc1,26
119146,c1ccc(-c2ccc(-c3ccccc3)cc2)cc1,30
119147,CN(C)C(=S)Cl,26
119148,O=CC(F)(F)F,44
119149,O=C1NCCN1CCO,99
119151,Fc1cccc(CBr)c1,26
119160,C[Si](C)(C)NC(=O)N[Si](C)(C)C,26
119165,C[Si](C)(C)Br,26
119166,Cl.Nc1ccccc1,26
119209,Cc1cc(=O)[nH]cc1Br.Cl,60
119212,N#Cc1cccc([N+](=O)[O-])c1,28
119220,Cc1ccc(N)cc1F,26
119224,CCCCC(Br)C(=O)O,33
119225,O=C(O)C(F)(F)C(F)(F)C(F)(F)C(=O)O,33
119235,CC(=O)OC(C)C,26
119253,COCC(C)O,26
119256,O=C1CC[C@H]2CO[C@@H]1O2,25
119284,COC(=O)c1cc(Cl)ccc1O,26
119287,Cc1cc(C(=O)O)nn1C,95
119291,CCN(CC)CCCCl,31
119292,CCCn1cc(Br)cn1,33
119330,N#CCc1cc(F)ccc1F,36
119346,Nc1ccc(Cc2ccccc2)cc1,54
119347,CC(C)(C)OC(=O)N1CC(=O)C[C@H]1C(=O)O,71
119382,OC[C@H]1OC(O)[C@@H](O)[C@@H](O)[C@@H]1O,29
119385,C=CCNCC=C,90
119400,CN1CCN(CC(=O)N(C)c2ccc(N)cc2)CC1,55
119406,C[Si](C)(C)N=C=S,63
119425,Cl.Cl.N#Cc1ccc(N2CCNCC2)cc1,88
119489,O=P([O-])([O-])OC(CO)CO.[Na+].[Na+],26
119491,COc1ccc2[nH]cc(CCNC(C)=O)c2c1,26
119515,CCC(C)(O)CCC=C(C)C,53
119517,OCCCCCCCCCCCCBr,53
119518,OCCOCCOCCO,30
119521,O=CCCCC=O,26
119523,CCCCCC1=C(C)CCC1=O,59
119528,COc1ccc(OC)c(N)c1,26
119529,CC1(C)[C@H]2CC=C(CO)[C@@H]1C2,49
119534,CCCCCCCCOC(=O)c1ccccc1C(=O)OCCCCCCCC,34
119554,COc1ccc(F)c(B(O)O)c1,50
119558,[C-]#[N+]CCN1CCOCC1,56
119573,C=CC(=C)C,26
119574,CC1(C)CCC(=O)OC1=O,68
119598,O=C(Cl)c1cc(F)c(Cl)cc1F,55
119732,O=C=Nc1ccc(Cl)cc1,29
119833,O=C(O)c1cccc2cc[nH]c12,66
119861,C1=CC2CCC1C2,26
119912,CNCC(=O)O.Cl,26
120028,Fc1cc(Cl)ccc1CCl,46
120030,FC(F)(F)CCI,31
120031,COC(=O)c1cccc(Br)c1,31
120081,COC(=O)CNC(=O)OCc1ccccc1,30
120132,COc1ccc(B(O)O)c(F)c1F,89
120177,NC(=S)Nc1cccc(O)c1,52
120197,O=CNCc1ccccc1,49
120198,Cc1ccc(CN(C)C)o1,45
120242,OCCOCCOCCOCCOCc1ccccc1,56
120257,COC(=O)c1cc(Br)ccc1Cl,73
120455,O=C(Cl)c1c(F)cccc1F,34
120458,CC(C)(C)OC(=O)N[C@H](COCc1ccccc1)C(=O)O,83
120461,O=C(N[C@H](Cc1ccc([N+](=O)[O-])cc1)C(=O)O)OCC1c2ccccc2-c2ccccc21,73
120485,CCOC(=O)c1cnc(C)cn1,75
120486,COC(=O)Cc1ccccc1F,58
120487,COC(=O)c1ccccc1Cl,30
120564,CN(C)NC(=O)CCC(=O)O,31
120598,O=[N+]([O-])c1ccccc1OCc1ccccc1,49
120672,COC(=O)Cc1ccccc1OC,30
120677,O=c1[nH]c2ccc(F)cc2c(=O)o1,87
120703,COC(=O)c1cc[n+]([O-])cc1,72
120846,CCCCN1CCCCC1C(=O)Nc1c(C)cccc1C,96
120880,C[N+](C)(C)CC(O)CC(=O)[O-],21
120928,Cc1cc(C)nc(S(C)(=O)=O)n1,26
120936,N#Cc1ccc(C(F)(F)F)cc1[N+](=O)[O-],21
120955,OC[C@H](O)CCl,26
120972,O=C(Cl)c1ccccc1Br,28
121065,C[SiH](C)c1ccccc1,38
121066,COc1ccc(O)c(Cl)c1,26
121067,Fc1ccc(Br)c(Br)c1,69
121069,CCC(=O)c1cccs1,26
121070,Cc1ccc(N=C=O)cc1Cl,68
121161,F[Sn]F,38
121194,COC(=O)c1ccc(Br)cc1,26
121198,COC(=O)c1ccccc1OC,26
121199,CC(=O)N1CCc2ccccc21,29
121203,CCCCCCCCCCCCCO,85
121275,CCCCCCc1cccs1,31
121306,CC(O)CCCO,66
121330,O=C(Cl)c1ccc(CCl)cc1,33
121397,Cc1ccc(C2OC[C@@H]3OC(c4ccc(C)c(C)c4)O[C@H]([C@H](O)CO)[C@@H]3O2)cc1C,29
121438,Clc1cccc(Cl)c1I,26
121441,C[C@H](Br)C(=O)O,88
121443,c1ccc(-c2cccs2)cc1,71
121444,Fc1cc(I)cc(F)c1Br,45
121445,CCC(C)(O)CCCC(C)C,26
121446,Fc1cc(Cl)cnc1Br,64
121447,N#Cc1cc(F)c(F)cc1F,44
121529,O[C@H]1CCN(Cc2ccccc2)C1,56
121676,Cc1ccc(N)cc1Nc1nccc(-c2cccnc2)n1,21
121677,COC(=O)[C@@H](N)C1CCCCC1.Cl,69
121694,CC(C)Cc1ccc(Br)cc1,51
121695,NC(=O)Cc1ccc(O)cc1,26
121730,CC(C)(C)OC(=O)N[C@@H](C(=O)O)C1CCCCC1,64
121772,[Br-].c1ccc([I+]c2ccccc2)cc1,66
121799,Cc1cccc(C)c1NC(=O)CN1CCNCC1.Cl.Cl,22
121800,F[P-](F)(F)(F)(F)F.c1cnc2c(c1)nnn2O[P+](N1CCCC1)(N1CCCC1)N1CCCC1,41
121838,CCCCC(C)CCC(=O)O,63
121847,COc1ccc(C)cc1Br,28
121848,O=C(O)c1nc2ccccc2[nH]1,99
121890,Cc1ccc(I)c([N+](=O)[O-])c1,31
121947,OB(O)c1ccnc(Cl)c1F,90
121969,Fc1ccc(F)c(Br)c1F,74
121979,CC(=O)N[C@@H](CCC(N)=O)C(=O)O,30
122073,O=C(CCCl)c1ccc(Cl)cc1,30
122074,Cl.O=C(O)c1ccc2nccn2c1,83
122112,ClCc1ccc(Br)cc1,31
122115,Nc1ccc([N+](=O)[O-])c(C(=O)O)c1,64
122164,CC(=O)Nc1cccc(Br)c1,36
122175,Oc1ccccc1C=NNc1ccccc1,85
122235,CCCCCCc1ccsc1Br,65
122272,O=P(Cl)(Cl)Oc1ccccc1,29
122280,OB(O)c1ccc(B(O)O)cc1,46
122281,NC(=O)CSC(c1ccccc1)c1ccccc1,42
122297,[O-][n+]1onc2ccccc21,31
122300,FC(F)(F)Oc1ccc(Cl)cc1,26
122321,CC(C)(C)OC(=O)N[C@H](CC1CCCCC1)C(=O)O,94
122344,CC(=O)Nc1ccccc1Br,38
122367,C=C(C)[C@@H]1CC[C@@H](C)C(=O)C1,21
122371,Clc1cc(Br)cc(Cl)c1Cl,28
122385,Cc1ccc(Br)cc1C(F)(F)F,88
122418,Fc1nc(Cl)c2nc[nH]c2n1,56
122439,Br.Nc1cccc(C(=O)O)c1N,64
122511,C=C[Si](C)(C)CCl,75
122536,COc1ccc(Cl)c(F)c1,65
122563,Cc1c(F)ccc(Br)c1Cl,74
122566,COc1ccccc1C(C)C,40
122568,Cc1ccc([N+](=O)[O-])cc1I,50
122657,Cl.Nc1ncnc2[nH]ncc12,30
122707,N#Cc1ccc2c(c1)COC2=O,29
122718,Cc1ccc(CCl)cc1Cl,55
122724,CC(=O)n1ccnc1,29
122749,CC(C)SSC(C)C,43
122770,C1CCC2CNCCC2C1.Cl,46
122798,C[C@@H](O)CNC(=O)OC(C)(C)C,53
122814,CSC(=NC(=O)OC(C)(C)C)NC(=O)OC(C)(C)C,41
122832,Cl.NC[C@H](O)CCl,83
122882,CC(=O)NCCCC[C@H](N)C(=O)O.Cl.Cl,86
122940,Cl.O=C(O)C1CCN(c2ccc(Br)cn2)CC1,86
122951,O=C(Cl)CCc1ccccc1,34
122959,Fc1ccc(Cl)c(I)c1,79
122965,COc1ncc(Cl)cc1C(=O)O,99
123023,O=C1c2ccccc2CSc2ccccc21,69
123033,NC(=O)[C@@H](N)c1ccccc1,31
123088,O=c1[nH]c2ccc(Br)cc2s1,59
123215,N#Cc1ccc(I)c(F)c1,41
123242,Cc1cc(Br)cc(C)c1Cl,68
123260,Fc1cc(Cl)cc(Br)c1Br,46
123278,CC(C)[C@@H](C(=O)O)N1C(=O)c2ccccc2C1=O,71
123289,Cl.NNC(=O)C(N)CO,75
123290,CC(COc1ccc(Oc2ccccc2)cc1)Oc1ccccn1,21
123291,ClCCCCCI,49
123314,OCCSc1ccccc1,31
123315,N#CCCCCBr,45
123351,NC(=O)/C=C\C(=O)O,48
123407,CCOC(=O)CCc1ccccc1,26
123533,CNCC[C@H](O)c1cccs1,54
123559,CC(C)(C)OC(=O)Nc1ccc(Cl)nc1,62
123576,OC[C@@H](O)[C@@H](O)[C@@H](O)CO,38
123581,Nc1ccccc1Nc1ccc(Cl)cc1,91
123637,O=[N+]([O-])c1ccc(I)c(Br)c1,79
123643,C1C[C@@H]2[C@@H]3CC[C@@H](C3)[C@@H]2C1,21
123650,F[B-](F)(F)F.c1ccc(-c2cc(-c3ccccc3)[o+]c(-c3ccccc3)c2)cc1,43
123676,NCc1ccc(Cl)c(Cl)c1,44
123688,O=C(O)CN(CCO)CCN(CC(=O)O)CC(=O)O,26
123693,COC(=O)c1ccc(C)c(C)c1,85
123718,COC(=O)c1cccc(C(=O)OC)c1N,92
123732,Cc1cc(Cl)cc(Br)c1N,57
123780,COC(=O)c1ccc(C)c(Cl)c1,36
123817,Cl.NCc1cccc([N+](=O)[O-])c1,69
123833,N=C(NCCC[C@@H](N)C(=O)O)N[N+](=O)[O-],30
123835,Cl.Cl.N[C@H]1CCCNC1,80
123856,CCOC(=O)[C@H]1CCC(=O)N1,38
123872,OC/C(Br)=C(\Br)CO,26
123904,I[Pb]I,30
123906,O=C(O)/C=C(\CC(=O)O)C(=O)O,36
123914,CCCCOc1ccc(OCCCN2CCOCC2)cc1.Cl,40
124022,N#Cc1cccc(Cl)c1CBr,98
124214,Clc1ccc(I)c(Br)c1,31
124312,CC(C)C(C)(C#N)C(C)C,56
124329,Br[Se]c1ccccc1,94
124378,Fc1cc(Br)c(I)c(Br)c1,55
124653,CCCCCN(C)CCC(=O)O.Cl,76
124717,O=S1(=O)CCN(CN2CCS(=O)(=O)NC2)CN1,31
124850,Cl.FC(F)(F)CNCc1ccccc1,72
124962,OCc1c[nH]cn1,60
124965,CC(C)(C)OC(=O)NCCCC[C@H](NC(=O)OCC1c2ccccc2-c2ccccc21)C(=O)O,30
125006,O=[N+]([O-])c1cccc(Cl)c1F,30
125008,CC(C)(C)OC(=O)N[C@@H](Cc1ccc(Br)cc1)C(=O)O,80
125010,O=[N+]([O-])c1ccccc1S(=O)(=O)O,93
125024,NCC(O)C(=O)O,94
125078,FC(F)Oc1ccc2[nH]c(S)nc2c1,30
125145,COC(=O)/C=C/c1ccc(C=O)cc1,72
125306,C=C(C)C(=O)OCC(F)(F)F,26
125413,CCOC(=O)C(C)F,85
125414,Cc1cc(Cl)c([N+](=O)[O-])c(C)n1,95
125523,CC#CCn1c(Br)nc2c1c(=O)[nH]c(=O)n2C,86
125534,COC(=O)[C@@H](N)[C@H](C)O.Cl,90
125617,CC(=O)CNC(=O)OC(C)(C)C,90
125626,ClCCCBr,30
125632,Nc1cc(Cl)c(Br)cc1Cl,71
125759,COC(=O)c1ccc2[nH]cnc2c1.Cl,79
125760,Nc1nc2c(ncn2CCC(C[O-])CO)c(=O)[nH]1.[Na+],72
125844,O=C1OI(=O)(O)c2ccccc21,40
125846,O=c1ccoc2ccccc12,69
125847,CC(C)(C)OC(=O)CC(=O)O,26
125848,Brc1cc(Br)c(Br)s1,30
125851,COc1cc(N)nc(OC)n1,30
125949,CCCCC(CC)COC(=O)c1ccc(N(C)C)cc1,21
125965,Cc1cccc(C)c1NN.Cl,31
125970,O[C@H]1[C@H](O)[C@@H](O)[C@H](O)[C@@H](O)[C@H]1O,30
126005,CN1C(=O)CCC1=O,81
126026,CC(C)(C)OC[C@H](N)C(=O)OC(C)(C)C.Cl,48
126187,CNc1cccc(F)c1.Cl,47
126271,CN1CCN(C(=O)Cl)CC1.Cl,36
126474,COc1ccc(F)cc1CBr,31
126502,CCOC(=O)/C=C\C(=O)OCC,26
126542,OCCOCCN1CCNCC1,30
126566,CCOC(=O)[C@H](O)[C@@H](O)C(=O)OCC,26
126572,O=C(O)c1cc(F)c(F)c(Cl)c1F,89
126692,Cc1ccc(NN)cc1C.Cl,26
126715,COC(=O)c1cc(Cl)nc(Cl)n1,61
126721,FC(F)c1cccc(Br)c1,90
126725,CCSCC(=O)O,42
126932,COC(=O)CCc1cc(C(C)(C)C)c(O)c(C(C)(C)C)c1,30
127033,Cl.Cn1nccc1N,53
127138,O=c1[nH]c2ccc([N+](=O)[O-])cc2c(=O)o1,21
127154,[C-]#[O+].[C-]#[O+].[C-]#[O+].[C-]#[O+].[C-]#[O+].[C-]#[O+].[Cr],66
127166,Cl.N[C@@H]1[C@@H](O)[C@H](O)[C@@H](CO)O[C@H]1O,41
127229,COc1cc(CCC(C)=O)ccc1O,24
127289,Oc1ccnc2cc(Cl)ccc12,26
127487,CCCCCCCCCCCC[N+](C)(C)Cc1ccccc1.[Cl-],21
127506,CN(C)c1ccc2cc3ccc(N(C)C)cc3nc2c1.Cl,93
127588,COc1cc(N)c(Cl)cc1Cl.Cl,56
127658,CCCCC(O)CC,43
127659,O.O.O.O.O.O=[N+]([O-])[O-].O=[N+]([O-])[O-].O=[N+]([O-])[O-].[Ho+3],95
127705,CCCCCCOC(=O)c1ccccc1C(=O)c1ccc(N(CC)CC)cc1O,21
127805,C=C(C)c1ccc(Cl)cc1,95
127847,COC(=O)[C@@H](C)NC(=O)OC(C)(C)C,69
128009,COc1ncc(Br)c(C)c1[N+](=O)[O-],98
128022,O=c1ccoc2ccc(Br)cc12,99
128023,COc1ccc2c(C)cc(=O)oc2c1,25
128076,COC(=O)Cc1cccc(F)c1,34
128106,COC(=O)N[C@H](C(=O)O)C(C)(C)C,40
128392,Nc1nnc(-c2c(Cl)cccc2Cl)s1,98
128425,CO[Si](C)(C)C,53
128454,CCOC(=O)[C@H](CCc1ccccc1)N[C@@H](C)C(=O)N1[C@H](C(=O)O)C[C@@H]2CCC[C@@H]21,55
128502,CB1OC(c2ccccc2)(c2ccccc2)[C@@H]2CCCN12,24
128504,CCCCC(=O)OC(=O)CCCC,29
128507,Fc1cc(Cl)cc(Br)c1I,45
128513,Nc1ccc(C(F)(F)F)c(F)c1,99
128553,CC(CCl)CN(C)C.Cl,26
128586,Cc1c[nH+]ccc1Cl.[Cl-],53
128589,CC(=O)c1cc(Cl)c(C)cc1O,51
128611,CC(=O)O[C@@H](C(=O)O)c1ccccc1,26
128616,CC(C)(C)c1cccc(C=O)c1O,36
128688,CCCSSCCC,31
128691,c1ccc(C(OC[C@@H]2CO2)(c2ccccc2)c2ccccc2)cc1,29
128745,CCCCC/C=C\C/C=C\CCCCCCCC(=O)O,26
128843,OCc1cccc(Cl)n1,83
128846,CC(=O)NCO,31
128920,CCOC(=O)c1cc(O)c(O)c(O)c1,26
128962,CCOC(=O)CCCC(=O)OCC,95
129012,O.O=C[C@H](O)[C@@H](O)[C@H](O)[C@H](O)C(=O)[O-].[Na+],31
129050,O=C(O)[C@H](O)c1ccc(Cl)cc1,70
129108,O=C(O)c1cn(C2CC2)c2cc(F)c(F)cc2c1=O,81
129231,Cn1c(=O)c2c(ncn2CC(O)CO)n(C)c1=O,95
129238,O=C=Nc1ccc(F)c(F)c1,61
129265,COc1ccnc(CO)c1OC,80
129287,O=C(NCCO)OCC1c2ccccc2-c2ccccc21,54
129319,OCc1cc(I)ccc1Br,94
129473,O=CC(=O)c1ccccc1,96
129499,C1=CC2C3C=CC(C3)C2C1,29
129520,O=C(O)c1ccccc1C(=O)Nc1ccc(S(=O)(=O)Nc2nccs2)cc1,21
129528,O=Cc1c(F)ccc(F)c1F,63
129542,COc1ccc([N+](=O)[O-])c(C)n1,57
129545,C1=Cc2cccc3cccc1c23,49
129552,OB(O)c1cnc(Cl)nc1,38
129604,C#CCCCCl,69
129652,CCc1cnc(Cl)nc1,45
129658,Cc1cc(I)ccc1Br,26
129672,OB(O)c1ccc(Br)s1,63
129692,O=Cc1cc(F)ccc1Cl,36
129742,COc1cnccn1,31
129752,C[Si](C)(C)n1ccnc1,26
129757,CC(C)(C)OC(=O)N1CC[C@@H](CO)C1,81
129765,CCN1C(=O)C=CC1=O,85
129794,O=C(O)C(c1ccccc1)C1CCCCC1,48
129796,COc1ccc(C(C)=O)cc1[N+](=O)[O-],62
129797,COc1cccc(C)n1,38
129811,O=Cc1c(F)cccc1C(F)(F)F,70
129826,O=c1c(Br)c(Br)cnn1-c1ccccc1,52
129872,COC(=O)CCCCCCC(=O)O,43
129907,CSc1ncc(Br)c(O)n1,70
129928,CC=C(C(=O)OCC)C(=O)OCC,85
129950,C[C@H](O)C(=O)OCc1ccccc1,70
129976,NC1CN(C(c2ccccc2)c2ccccc2)C1,50
129988,O=[N+]([O-])c1cccc(C(F)(F)F)c1,38
130005,Cc1cc([N+](=O)[O-])cc(Br)c1N,45
130008,COc1ncc(Br)cc1C(=O)O,60
130016,CCOP(=O)(CP(=O)(OCC)OCC)OCC,88
130038,O=C(O)[C@H]1C[C@@H](C(=O)O)C[C@@H](C(=O)O)C1,63
130114,COc1ccc(C(O)C(=O)O)cc1,89
130309,O=C1c2c(O)cccc2Cc2cccc(O)c21,63
130311,O=C(O)Cc1ccc2c(c1)C(=O)c1ccccc1CO2,23
130337,CC(C)(C)c1cc(Br)cc(Br)c1,56
130338,O=[N+]([O-])c1cc(F)c(F)c(F)c1F,41
130339,Cc1nc(C(F)(F)F)c(C(=O)O)s1,63
130396,CC(C)(CCl)c1ccccc1,26
130397,CC(C)COCCO,34
130471,O=C(O)C(=O)c1ccccc1,56
130472,COc1ccc(Br)cc1C(=O)O,69
130519,CC[C@H](N)C(=O)O,30
130521,CC1(O)CCCCC1,41
130565,Cc1ccc([N+](=O)[O-])c(O)c1,30
130682,O=C=Nc1ccc([N+](=O)[O-])cc1,50
130685,CC(C)(C)OCC1CO1,30
130741,Cl.N#CCN,21
130763,CC(C)OC(=O)/N=N/C(=O)OC(C)C,27
130766,OCC(Br)(Br)Br,41
130775,Fc1ccc(C(F)(F)F)cc1Cl,34
130809,COC(=O)c1ccc(N)c(C)c1.Cl,26
130823,CC1NCCc2ccccc21,26
130842,CSc1nnc(N)s1,88
130845,NC(=O)[C@@H](N)Cc1ccc(O)cc1,56
130865,Nc1ccc(O)c(N)c1,30
130895,CC(C)(C)c1ccc(O)c(Br)c1,21
130909,OCC1CCNCC1,30
130945,CSCC(N)=O,22
130969,COc1ccc(CCl)cc1,51
130970,CNc1ccc(F)cc1,68
130980,Cc1cc(O)cc(C)c1[N+](=O)[O-],89
130997,O=CN1CCCC1,32
131050,O=c1[nH]c2cc(Cl)ccc2c(=O)o1,78
131066,Nc1c(F)cc(Cl)cc1Br,36
131080,CC(O)CC(C)O,88
131109,CNCCNC,39
131112,O=S(=O)(Cl)c1ccc(Cl)c(C(F)(F)F)c1,60
131136,O=C([O-])c1ccc(F)cc1Cl.[K+],30
131179,c1cnccn1,26
131193,Nc1ccnc(Cl)c1[N+](=O)[O-],84
131204,CC(C)(C)c1csc(N)n1.Cl,67
131231,COc1ccc(N)cc1Br,50
131284,CC(=O)/C=C/c1ccc(Cl)cc1,41
131294,CCCC[Sn](=O)CCCC,26
131312,O=c1[nH]c(C(Cl)(Cl)Cl)nc2ccccc12,93
131326,COC(=O)C(NC(=O)OC(C)(C)C)P(=O)(OC)OC,55
131357,COC(=O)c1cccc(Br)c1F,98
131427,Nc1ccc2ccccc2c1S(=O)(=O)O,26
131432,N[C@@H](C(=O)O)C1=CCC=CC1,49
131626,O=C1C=CC(=O)N1c1ccc(O)cc1,21
131651,Clc1ccn2ccnc2c1,72
131655,COC(=O)c1ccc(OC)c(N)c1,44
131701,CCO[Mg]OCC,30
131755,COC[C@H](C)O,93
131878,C=C(F)C(=O)[O-].[Li+],93
131890,Cc1ccc(C(N)=O)cc1F,96
131923,CN1[C@@H]2CC[C@H]1C[C@@H](O)C2,30
131935,Nc1c(Cl)cc(Cl)cc1Br,64
131944,Nc1nc(S)nc(O)c1N,40
131955,CC(C)c1cc(C(C)C)c(-c2ccccc2P(C2CCCCC2)C2CCCCC2)c(C(C)C)c1,23
131971,CCOC(=O)[C@@H](N)CO.Cl,35
132003,COCC(C)OC(C)=O,26
132021,COC(=O)c1ccc(Br)c(N)c1,32
132114,Nc1ccn([C@H]2C[C@H](O)[C@@H](CO)O2)c(=O)n1,89
132264,CC(C)(C)OC(=O)C[C@@H](NC(=O)OC(C)(C)C)C(=O)O,66
132284,Nc1ccc2cc(S(=O)(=O)O)ccc2c1,54
132402,N#Cc1nn(-c2c(Cl)cc(C(F)(F)F)cc2Cl)c(N)c1S(=O)C(F)(F)F,21
132431,O=Cc1cc(O)c(O)c([N+](=O)[O-])c1,40
132480,Cl.N[C@@H](C=O)[C@@H](O)[C@@H](O)[C@H](O)CO,60
132481,CN(C)c1ccc(/C=C/C=O)cc1,44
132581,CC(C)C[Si](C)(C)Cl,81
132709,CC[Hg]Sc1ccccc1C(=O)[O-].[Na+],70
132711,O=C([O-])C#CC(=O)O.[Li+],41
132733,Nc1ccc(S(=O)(=O)O)cc1N,50
132744,Br.BrC1CCNCC1,63
132746,CC(C)(C)OC(=O)N1CCC[C@@H]1CO,44
132844,CNC(c1ccccc1)c1ccccc1.Cl,71
132853,FC(F)(F)c1ccc(Cl)c(N=C=S)c1,99
132873,CC(C)CC(N)C(N)=O.Cl,84
132887,C[C@H](NC(=O)OCc1ccccc1)C(=O)O,26
132889,COC(=O)CCC(=O)Cl,49
132891,Nc1nc(=O)c2ncn(COC(CO)CO)c2[nH]1,45
132898,N#Cc1cc(Cl)c(F)c(Cl)c1,75
132901,Oc1ncc(Br)cn1,36
132902,Cc1ccc(Br)cc1I,96
133034,O[C@H]1C[C@H]2CC[C@@H](C1)N2,44
133040,COC(=O)c1cnccn1.Cl,30
133047,N#CCCCC#N,46
133051,O=Cc1ccc(C(F)(F)F)cc1F,64
133054,CSC(=N)N.I,26
133077,O=C(NCCCC[C@H](NC(=O)OCC1c2ccccc2-c2ccccc21)C(=O)O)OCC1c2ccccc2-c2ccccc21,35
133092,CC1CCC(C(C)(C)O)C(O)C1,56
133127,CCOC(=O)c1cc2cc(N)ccc2o1,99
133129,O=Cc1cc(Br)c(F)cc1F,91
133132,O=S(=O)(O)CCO,30
133133,Cc1cc(Cl)cc(Br)c1,48
133134,Cn1c2c(c3ccccc31)C(=O)CCC2,21
133185,NC(=O)c1ccccc1Cl,21
133213,N#Cc1c(Cl)ncnc1Cl,96
133385,CCOC(=O)c1ccc(N)c(C)c1,21
133389,Nc1c(Br)cc(Cl)cc1[N+](=O)[O-],21
133447,COC(=O)[C@@H]1CCCCN1,75
133449,COC(=O)[C@H](N)Cc1ccccc1,26
133468,O=[N+]([O-])c1ccccc1[O-].[Na+],39
133503,COC(=O)c1ccc(O)c(F)c1,57
133543,COC(=O)c1cccc(Br)c1N,86
133658,Clc1ccc2c(c1)CCc1cccnc1C2=C1CCNCC1,58
133680,Cc1ccc2[nH]ncc2c1,99
133705,CC(=O)N1CCC(=O)CC1,49
133725,CCCCC/C=C/CO,53
133730,CC(=O)NC1CCSC1=O,38
133843,C[N+](C)(C)CCOC(=O)CCC(=O)OCC[N+](C)(C)C.O.O.[Cl-].[Cl-],34
133849,N#CCC(N)=S,90
133921,O=C(O)/C=C/c1cccc(F)c1F,44
133947,FC(F)(F)c1ccc(S)nc1,63
133960,OCCc1cccc2ccccc12,26
134002,OCc1ccc(F)cc1C(F)(F)F,94
134054,BrC=CBr,69
134064,CCCCOCc1ccc(O)c(OC)c1,21
134127,Cl.Nc1cncc(Br)c1,21
134305,COc1ccc(COC(=O)C2=C(CCl)CS[C@@H]3[C@H](NC(=O)Cc4ccccc4)C(=O)N23)cc1,31
134426,CC(C)(C)NC[C@H](O)CO,46
134457,CC(C)(C)NC(=O)c1ccccc1,41
134475,CC(C)(CO)[C@@H](O)C(=O)NCCC(=O)NCCSSCCNC(=O)CCNC(=O)[C@H](O)C(C)(C)CO,39
134699,CCOC(=O)c1ccnc(N)c1,55
134791,CC(C)C(=O)Nc1nc2c(ncn2[C@@H]2O[C@H](CO)[C@@H](O)[C@H]2O)c(=O)[nH]1,32
134792,CCC[C@@H]1C[C@@H](C(=O)N[C@@H]([C@H]2O[C@H](SC)[C@H](O)[C@@H](O)[C@H]2O)[C@@H](C)O)N(C)C1.Cl,78
134845,COc1cc(C=O)cc(OC)c1Br,56
134875,NCCCNCCNCCCN,26
135105,CSc1nc(C)cc(C)n1,55
135111,C(CCCOCC1CO1)CCOCC1CO1,24
135115,C=CCS(=O)(=O)c1ccccc1,40
135130,Cc1ccc([N+](=O)[O-])c(F)c1F,95
135182,CC(C(=O)O)c1ccc([N+](=O)[O-])cc1,35
135183,N#Cc1cccc(Cl)c1Cl,31
135264,CCCCCc1ccc(C)cc1O,82
135458,COC(=O)c1cc(C)ccc1Br,59
135474,CCCC[n+]1ccn(C)c1.[Cl-],21
135585,CCCCCCC(O)CC,69
135588,Brc1ccccc1C1OCCO1,38
135712,CC(C)O[PH](=O)OC(C)C,76
135762,O=C(O)c1cn(C2CC2)c2nc(Cl)c(F)cc2c1=O,44
135993,Nc1c(Br)cc(C(F)(F)F)cc1Br,25
136065,CCOC(=O)C(C)(C)C,95
136135,O=C(O)c1cc([N+](=O)[O-])c(Cl)cc1F,27
136169,CCCCOC(=O)CCCCCCCCC(=O)OCCCC,41
136269,Cl.Nc1ccccc1CCO,21
136273,CCO[Si](OCC)(OCC)c1ccccc1,30
136312,CSc1ccc(O)cc1C,38
136380,N[C@H]1CCCc2ccccc21,48
136454,C/C(=N\[Si](C)(C)C)O[Si](C)(C)C,26
136477,CCOC(=O)c1cnc2ccc(Br)cc2c1O,67
136538,CC(=O)Nc1c(I)c(C(=O)O)c(I)c(N(C)C(C)=O)c1I,77
136539,Cl.c1ccc(CN(CC2=NCCN2)c2ccccc2)cc1,25
136540,CN(C)CCCN1c2ccccc2CCc2ccc(Cl)cc21.Cl,91
136586,CNS(=O)(=O)Cc1ccc(NN)cc1.Cl,25
136587,CC#N.CC#N.CC#N.CC#N.F[B-](F)(F)F.[Cu+],95
136592,COc1cc2ncnc(Nc3ccc(F)c(Cl)c3)c2cc1O,35
136604,c1ccc(CN(CC2=NCCN2)c2ccccc2)cc1,27
136612,CC(C)C1=CC2=CC[C@@H]3[C@](C)(CCC[C@@]3(C)C(=O)O)[C@H]2CC1,23
136625,Cc1cc(-c2cc(C)c(O)c(C)c2)cc(C)c1O,35
136667,O=S(=O)([O-])c1ccc2ccc(S(=O)(=O)[O-])cc2c1.[Na+].[Na+],21
136675,O=C(O)c1ccc(C(F)(F)F)cc1Br,85
136688,COc1cccc(C=NO)c1OC,90
136694,CCCCOCC1CO1,26
136703,COc1ccccc1/C=C/C=O,21
136727,COC(=O)CNC(=O)OC(C)(C)C,21
136729,Clc1ncnc2[nH]cc(I)c12,35
136817,CNc1ccncc1,85
136818,CSc1nccc(Cl)n1,30
136852,CON(C)C(=O)c1ccc(Cl)cc1,38
136857,Cl.NCC1CCOCC1,40
136870,Cc1ncc([N+](=O)[O-])n1CC(O)CCl,21
136961,COC(=O)CC(=O)OC(C)(C)C,29
137161,COc1ccc(OC(F)(F)F)cc1,21
137175,CCOC(=O)CS(C)(=O)=O,50
137210,CN(C)c1ccc2nc3ccc(N(C)C)cc3[s+]c2c1.[Cl-],26
137271,COc1cc(F)c(C#N)cc1OC,86
137380,CCC=O,30
137407,O=C([O-])CCCc1ccccc1.[Na+],26
137470,CCOC(=O)[C@H](N)C(C)C.Cl,63
137471,CC(C)(C)OP(=O)([O-])OC(C)(C)C.[K+],56
137472,Cl.Cl.NCc1ccc(N)cc1,39
137475,COC(=O)C[C@@H](N)C(=O)OC.Cl,36
137478,COc1cc(F)c([N+](=O)[O-])cc1N,39
137546,CCCCCC(O)CC,28
137563,Cl.NNCC(F)(F)F,43
137568,N[C@H](Cc1ccc(Cl)cc1)C(=O)O,75
137643,CC(=O)N(C)c1ccccc1,56
137724,CSc1nccs1,93
137790,CCCCCCCCCBr,26
137822,CC(=O)ON1C(=O)CCC1=O,66
137823,C=CCCCCCCCCCBr,71
137844,Cc1cc([N+](=O)[O-])ccc1I,31
137981,COC(=O)c1cc(Cl)ccc1C,95
137999,CC(C)=CCC/C(C)=C/CO,33
138173,CC(N)=O,30
138174,CC(=O)c1cc(O)ccc1O,30
138234,CCNCCCCO,89
138329,Cc1cn2c(nc1=O)O[C@H]1[C@H](O)[C@@H](CO)O[C@H]12,44
138352,O.O=C(O)C(O)=C(O)C(=O)O,67
138398,CS(=O)(=O)O.C[C@H]1COc2c(C3(N)CC3)c(F)cc3c(=O)c(C(=O)O)cn1c23,46
138399,O=C(NC[C@H]1CN(c2ccc(N3CCOCC3=O)cc2)C(=O)O1)c1ccc(Cl)s1,67
138461,Cc1cccc(C(C)(C)C)c1O,29
138465,Clc1cnccc1Br,83
138593,Nc1ncnc2c1ncn2CCOCP(=O)(O)O,21
138646,COC(=O)c1cccc(N)c1.Cl,30
138663,CC[N+](CC)(CC)CC.[OH-],30
138809,CC(c1ccccc1)N(C)C,65
138876,COc1ccc(Cl)cc1,26
138881,N#CC1CCCCCC1,85
138918,COc1cc2nc(N3CCN(C(=O)C4CCCO4)CC3)nc(N)c2cc1OC.Cl,46
138919,CC(=O)OCc1ccco1,30
138921,CCCCN,30
138998,CC(=O)NC(=N)N.Cl,31
139029,C(=Nc1ccccc1)Nc1ccccc1,36
139034,CCOC(=O)/C=C/CP(=O)(OCC)OCC,85
139093,O=C(O)c1cccc(C(=O)c2ccccc2)c1,63
139099,C[C@@H](OCc1ccccc1)[C@H](N)C(=O)O,37
139216,CCCOCCCl,89
139304,Cc1ccc(F)cc1I,30
139313,COc1cc(C(=O)O)ccc1N,50
139341,Cc1ccc(N)cc1N.Cl.Cl,21
139372,CC(O)CNCC(C)O,30
139404,COC(=O)[C@@H](N)CC(=O)O,96
139472,O=C(O)C(O)=C(O)C(=O)O,78
139481,N#Cc1ccnc(Br)c1,68
139508,CCOc1ccc(Cl)cc1,56
139510,CC(c1cccc(O)c1)N(C)C,40
139555,CC(=O)Nc1nnc(S(N)(=O)=O)s1,40
139556,CCc1cccc2c3c([nH]c12)C(CC)(CC(=O)O)OCC3,68
139559,CC(C)C(=O)Nc1ccc([N+](=O)[O-])c(C(F)(F)F)c1,21
139560,CC(Cl)CCl,26
139566,Nc1ccc(O)c([N+](=O)[O-])c1,49
139567,CSCC(C)=O,64
139571,CCOC(N)=O,30
139572,Oc1ccnc(S)n1,38
139573,Nc1ccc(-c2ccccc2)cc1,50
139574,Cl.NC12CC3CC(CC(C3)C1)C2,31
139599,Cl.Cl.NNc1cc(C(F)(F)F)cc(C(F)(F)F)c1,21
139662,O=c1cc(CBr)c2ccccc2[nH]1,26
139767,Cn1ccnc1S,36
139771,Clc1c(Cl)c(Cl)c(Cl)c(Cl)c1Cl,75
139772,Oc1c(Cl)c(Cl)c(Cl)c(Cl)c1Cl,57
139773,C=CC(=C)CCC=C(C)C,21
139774,COc1ccccc1N,30
139775,CCOCCO,26
139776,OCCO,30
139777,COCCO,30
139778,Oc1ccccc1-c1ccccc1,30
139779,Oc1ccccc1O,30
139780,CC(N)=S,30
139782,NC(N)=S,30
139783,C=Cc1ccccc1,26
139784,C=C(C)c1ccccc1,30
139785,ClCCCl,30
139786,O=C(O)CN(CC(=O)O)CC(=O)O,30
139788,O=C(O)C(Cl)Cl,30
139789,CC(C)Br,30
139790,COc1ccc(C)cc1N,30
139791,ClC=CCCl,42
139792,C=C(Cl)Cl,26
139794,C=CCc1ccc(OC)cc1,29
139795,CC(Cl)C(=O)O,26
139796,O=S(=O)=O.c1ccncc1,21
139797,OC(CCl)CCl,26
139798,Cc1ccccc1N,21
140002,CC(C)(C)OC(=O)CC[C@@H](NC(=O)OCc1ccccc1)C(=O)O,89
140015,ClC[C@H]1CO1,30
140016,ClC[C@@H]1CO1,26
140017,ClC(Cl)(Cl)C(Cl)(Cl)Cl,30
140021,CCCC(CCC)C(=O)O,31
140023,CC1(C)OBOC1(C)C,48
140024,Cc1cnc[nH]1,26
140025,NC(=O)NO,30
140027,Cc1cc(C)c(Br)cc1Br,69
140028,C[C@H]1CO1,89
140037,COc1cc(Br)ccc1C(F)(F)F,62
140041,N#CC(Br)Br,46
140166,O=[N+]([O-])c1cccc(S(=O)(=O)OC[C@H]2CO2)c1,68
140171,O=[N+]([O-])c1cccc(S(=O)(=O)OC[C@@H]2CO2)c1,44
140193,Cl.Cl.Clc1cccc(CN2CCNCC2)c1,91
140212,CN1CCC[C@H]1c1cccnc1,21
140224,C=CCc1ccc(OC)c(OC)c1,26
140376,COc1ccccc1N.Cl,95
140378,CC/C(=C(/CC)c1ccc(O)cc1)c1ccc(O)cc1,58
140381,O=NN1CCCC1,91
140408,CC(C)Oc1ccccc1O,45
140419,O=P(O)(O)CCCl,45
140420,CC(C)(C#N)C(C)(C)C#N,40
140421,O=C1CCCC1Cl,94
140424,CC(C)(C)OC(=O)N[C@H](Cc1ccc(O)cc1)C(=O)O,76
140431,O=C1CCC(c2ccc(Cl)c(Cl)c2)c2ccccc21,36
140432,C#CC(C)(O)c1ccccc1,53
140433,CCC[C@H](NC(=O)OC(C)(C)C)C(=O)O,45
140521,CN(CCCN)CCCN,21
140605,COC(=O)[C@H](N)Cc1ccc(O)cc1,21
140648,CC(=O)c1cc(C(C)(C)C)cc2c1CCC2(C)C,89
140663,C/N=C/c1ccccc1,50
140741,O=C(O)Cc1ccc(CO)cc1,90
140908,CC=C(C)Br,85
140909,O=C(O)c1cc(Cl)c(F)cc1F,51
140925,OCCOCCOCc1ccccc1,30
140926,COc1ccc(O)c(C(C)(C)C)c1,49
141024,COC(=O)[C@@H]1C=C[C@H](NC(=O)OC(C)(C)C)C1,80
141116,Clc1ccc(I)cc1Cl,30
141152,Oc1ccn(-c2ccc(Cl)cc2)n1,38
141196,CN(C)CC(O)CN(C)C,85
141355,Cc1cc(C)[nH]c(=O)n1.Cc1cc(C)[nH]c(=O)n1.O=S(=O)(O)O,26
141427,CS(=O)(=O)c1ccc(NN)cc1.Cl,33
141448,CCCCCC=CCC=CCCCCCCCC(=O)[O-].[Na+],46
141475,Cc1cc(Br)c(Br)cc1C,30
141557,CC(C)(C)OC(=O)N[C@@H](CCCNC(=O)OCc1ccccc1)C(=O)O,44
141592,O=S(=O)(Cl)c1cccc(S(=O)(=O)Cl)c1,78
141593,N[C@@H](Cc1cc(I)c(O)c(I)c1)C(=O)O,21
141600,CC(=O)c1ccc(OCC(=O)O)cc1,36
141616,CC(C)(C)OC(=O)N[C@@H](CC(=O)O)C(=O)OCc1ccccc1,21
141714,CC(O)COCC(C)O,26
141868,OB(O)c1csc2ccccc12,82
141934,CCO[Ti](OCC)(OCC)OCC,30
142051,ON=Cc1cccc(Cl)c1Cl,93
142208,CCCCCCCCCCCC=O,26
142210,Cc1cc(OC(F)(F)F)ccc1Br,68
142216,Cc1ccc(-c2ccccn2)cc1,40
142291,CCCCCCc1ccsc1,55
142361,Cc1c(C(=O)O)nn(-c2ccc(Cl)cc2Cl)c1-c1ccc(Cl)cc1,84
142391,Nc1ccc(C(=O)O)cc1C(F)(F)F,69
142462,Cc1cc2[nH]ncc2cc1Br,91
142473,CC(C)(C)OC(=O)CN=C(c1ccccc1)c1ccccc1,36
142524,CCCC[Sn](=O)O,85
142525,CS(=O)(=O)c1ccc(NN)cc1,45
142532,Nc1ccc(N2CCOCC2=O)cc1,30
142533,CC(C)/C=C/C(=O)O,84
142536,CCOC(=O)Cc1ccc(O)cc1,21
142668,O=C(O)c1c(Cl)ccc(Cl)c1O,57
142700,Cc1ccc(S([NH-])(=O)=O)cc1.O.[Na+],26
142720,COc1cc(Br)c(OC)cc1Br,28
142725,O[C@@H]1COC[C@@H]1O,53
142730,CCOC(=O)CNN.Cl,33
142794,Cc1cc(O)nc(S)n1,26
142811,N#Cc1cccc(Br)n1,96
142892,C1COCCOCCOCCOCCO1,31
142894,COc1n[nH]c(=O)s1,65
142901,CN(C1CCCCC1)C1CCCCC1,26
142982,Cc1cc(Cl)ccc1F,30
142990,ClCc1ccccc1I,85
143055,CC(=O)C1(C)CC2=C(CCCC2(C)C)CC1C,35
143175,Cc1cn(-c2cc(N)cc(C(F)(F)F)c2)cn1,63
143205,COC(=O)/C=C/C(=O)O,30
143343,CCCCCCC(=O)CC,38
143526,COc1ccc(C[C@@H](NC(=O)OCC2c3ccccc3-c3ccccc32)C(=O)O)cc1,87
143683,Oc1ccc(Oc2ccc(Cl)cc2)cc1,91
143806,Fc1cccc(Br)c1I,41
144057,C[C@H](CCC(=O)O)[C@H]1CC[C@H]2[C@@H]3[C@H](O)C[C@@H]4C[C@H](O)CC[C@]4(C)[C@H]3C[C@H](O)[C@]12C,30
144122,COc1ccc(OC)c(B(O)O)c1,45
144192,COC(=O)c1ccc2[nH]ncc2c1.Cl,46
144221,Nc1ccc(S(=O)(=O)[O-])cc1.[Na+],21
144296,CCCCCCS(=O)(=O)O,21
144314,Cl.Cn1nccc1O,71
144321,O=S(=O)([O-])C(F)(F)F.[K+],21
144322,O=S(=O)([O-])C(F)(F)F.[Na+],21
144323,Fc1ccc(P(c2ccc(F)cc2)c2ccc(F)cc2)cc1,58
144559,CN(C)CCC(=O)c1cccs1.Cl,48
144677,Cn1c([N+](=O)[O-])cnc1CO,78
144694,O=C(N[C@H](Cc1cn(C(c2ccccc2)(c2ccccc2)c2ccccc2)cn1)C(=O)O)OCC1c2ccccc2-c2ccccc21,66
144695,Cl.N=C(N)c1cnccn1,55
144697,COC(=O)[C@@H](N)CC(=O)OC(C)(C)C.Cl,53
144698,CC1(C)[C@@H]2CC[C@@]1(CS(=O)(=O)Cl)C(=O)C2,89
144699,COC(=O)c1cc(N)cc(Br)c1.Cl,90
144713,CCOC(=O)CCN(C(=O)c1ccc(NC)c(N)c1)c1ccccn1,44
144720,C=CC(Cl)CCl,71
144895,C=CCS(=O)(=O)[O-].[Na+],26
145103,OCC1CCC=CO1,95
145139,COC(=O)c1cccnc1C,61
145143,O=S(=O)([O-])CCCBr.[Na+],44
145148,Cc1ccc([N+](=O)[O-])c(Cl)c1O,26
145151,CC1(C)OC(=O)[C@@H](CC(=O)O)O1,96
145155,CC/C(=C(\c1ccccc1)c1ccc(OCCN(C)C)cc1)c1ccccc1,96
145255,Cc1cc(C)c(S(=O)(=O)NN)c(C)c1,28
145259,OB(O)c1c2ccccc2cc2ccccc12,55
145261,Cc1cnc(-c2ccccc2)[nH]1,21
145268,CCN(CC)CC(=O)Nc1c(C)cccc1C.Cl,26
145292,NC(=O)[C@H]1CCCN1,40
145319,COC(=O)[C@H](CO)NC(=O)OCC1c2ccccc2-c2ccccc21,70
145336,NC(=O)c1ncn([C@@H]2O[C@H](CO)[C@@H](O)[C@H]2O)n1,21
145337,Cc1ccc(N=Nc2c(O)c(S(=O)(=O)[O-])cc3cc(S(=O)(=O)[O-])ccc23)c(C)c1.[Na+].[Na+],58
145341,CN(C)c1ccc(C(=N)c2ccc(N(C)C)cc2)cc1.Cl,26
145343,OC[C@@H]1CO1,48
145344,OC[C@H]1CO1,53
145347,O=C1OCc2cc(Br)ccc21,49
145349,CC(=O)c1ccc(C)c(Br)c1,83
145350,FC(F)(F)C(Cl)Br,65
145351,O=C1OC(c2ccc(O)cc2)(c2ccc(O)cc2)c2ccccc21,30
145352,C1=CCN(Cc2ccccc2)CC1,88
145354,Cc1cc(-c2ccc(N)c(C)c2)ccc1N,31
145355,Cc1ccc(C)c(OCCCC(C)(C)C(=O)O)c1,54
145357,O=C(O)c1ccc(F)nc1F,56
145430,CN(Cc1cnc2nc(N)nc(N)c2n1)c1ccc(C(=O)N[C@@H](CCC(=O)O)C(=O)O)cc1,47
145431,CC(C)NCC(O)COc1ccc(CC(N)=O)cc1,89
145433,COC(=O)C1=C(C)NC(C)=C(C(=O)OC)C1c1ccccc1[N+](=O)[O-],58
145435,C[C@]12CC[C@@H]3c4ccc(O)cc4CC[C@H]3[C@@H]1CCC2=O,76
145436,CC(C)CON=O,26
145438,O=C1OCCN1N=Cc1ccc([N+](=O)[O-])o1,76
145524,C[C@H](Cl)C(=O)O,40
145529,COc1ccccc1[N+](=O)[O-],31
145530,c1ccc2occc2c1,30
145532,Nc1ccc(Oc2ccc(N)cc2)cc1,26
145533,Nc1ccc(Sc2ccc(N)cc2)cc1,68
145534,O=C1NC(=O)C(c2ccccc2)(c2ccccc2)N1,26
145535,Cc1ncc([N+](=O)[O-])n1CCO,30
145539,C1CN(CN2CCOCC2)CCO1,49
145540,c1ccncc1,21
145541,O=[N+]([O-])c1ccccc1[N+](=O)[O-],46
145542,Nc1ccc2c(c1)Cc1ccccc1-2,69
145550,CC(C)(C)c1ccc(C(=O)Cl)cc1,30
145553,COC(=O)CC(O)(CC(=O)OC)C(=O)OC,41
145605,OCCC(F)(F)C(F)(F)C(F)(F)C(F)(F)C(F)(F)C(F)(F)F,26
145610,CCCC(=O)C(C)C,85
145612,CCCCNc1ccc(Cl)nn1,30
145623,Nc1ccccc1.O=S(=O)(O)O,26
145625,Nc1nc(Cl)nc2c1ncn2[C@@H]1O[C@H](CO)[C@@H](O)[C@H]1O,71
145626,c1ccc(OCC2CO2)cc1,30
145641,S=C(NC1CCCCC1)NC1CCCCC1,34
145708,O=[Fe].O=[Fe]O[Fe]=O,21
145713,CNC1CCCCC1,30
145722,Fc1ccc(F)nc1,73
145733,Cl.c1ccc(NNc2ccccc2)cc1,34
145742,CC1=C(/C=C/C(C)=C/C=C/C(C)=C\C(=O)O)C(C)(C)CCC1,37
145745,O=Cc1ccc(OC(F)(F)F)c(Cl)c1,83
145780,N[C@@H](Cc1ccc(Cl)cc1Cl)C(=O)O,86
145903,ClCCOCCOCCOCCCl,62
145971,Cl.NNc1ccccc1,30
145973,c1ccc2c(c1)[nH]c1ccccc12,30
145974,OCc1ccco1,30
145975,c1ccc2ncccc2c1,30
145976,CC(=O)CCC(C)=O,30
145977,O=P(OCCCl)(OCCCl)OCCCl,25
145978,O=C(c1ccccc1)c1ccccc1,30
145979,CN(C)c1ccc(C(=O)c2ccc(N(C)C)cc2)cc1,30
145980,ClCCOCCCl,30
145981,O=C1CC(=O)NC(=O)N1,29
145982,O=C1CC(=O)NC(=S)N1,26
145983,ClC(Cl)C(Cl)Cl,30
145984,Oc1c(Cl)cc(Cl)cc1Cl,26
145985,Cc1ccccc1[N+](=O)[O-],26
145986,CCCBr,30
145987,ClC(Cl)(Cl)c1ccccc1,33
145988,CC(C)(c1ccc(O)cc1)c1ccc(O)cc1,26
145989,Nc1ccc(Cc2ccc(N)cc2)cc1,21
145993,C[C@@H](Cl)C(=O)O,96
145995,COC(=O)C1CCC2OC2C1,63
146001,C[C@H](CCC(=O)O)[C@H]1CC[C@H]2[C@@H]3[C@@H](O)C[C@@H]4C[C@H](O)CC[C@]4(C)[C@H]3CC[C@]12C,25
146003,CN(C)[C@@H]1C(O)=C(C(N)=O)C(=O)[C@@]2(O)C(O)=C3C(=O)c4c(O)cccc4[C@@](C)(O)[C@H]3C[C@@H]12,21
146004,CCO.C[C@H]1c2cccc(O)c2C(=O)C2=C(O)[C@]3(O)C(=O)C(C(N)=O)=C(O)[C@@H](N(C)C)[C@@H]3[C@@H](O)[C@@H]21.C[C@H]1c2cccc(O)c2C(=O)C2=C(O)[C@]3(O)C(=O)C(C(N)=O)=C(O)[C@@H](N(C)C)[C@@H]3[C@@H](O)[C@@H]21.Cl.Cl.O,53
146005,O=[Cr](=O)(O)Cl.c1ccncc1,21
146007,O=[Cr](=O)(O)O[Cr](=O)(=O)O.c1ccncc1.c1ccncc1,21
146009,NCCNCCNCCN,30
146018,C#CCCCCCCCC,33
146033,OCc1c(Cl)cccc1Cl,21
146051,Cc1ccc([N+](=O)[O-])cc1[N+](=O)[O-],21
146052,Br.BrBr.c1ccncc1,21
146057,ClC(Cl)=C(Cl)Cl,95
146058,OCC1CO1,33
146059,O=[N+]([O-])c1ccc([N+](=O)[O-])cc1,63
146060,Clc1ccc(Cl)cc1,26
146061,CN(C)c1ccc(Cc2ccc(N(C)C)cc2)cc1,30
146062,CCn1c2ccccc2c2cc(N)ccc21,57
146064,Nc1ccc(Cl)cc1N,38
146065,Clc1ccc(C(Cl)(Cl)Cl)cc1,26
146066,CCn1cc(C(=O)O)c(=O)c2ccc(C)nc21,39
146067,c1ccc(C2CO2)cc1,30
146068,OCC(O)CCl,30
146069,O=S1(=O)CCCO1,30
146070,SC1=NCCN1,26
146071,NC(=O)N1c2ccccc2C=Cc2ccccc21,21
146072,CC1CO1,26
146075,NNc1ccccc1,31
146076,Nc1ccccc1,26
146077,O=c1[nH]cc(F)c(=O)[nH]1,26
146078,CN(C)c1ccc(C(=N)c2ccc(N(C)C)cc2)cc1,26
146079,CCCc1cc(=O)[nH]c(S)n1,26
146085,Nc1ccc(F)c(Cl)c1,30
146086,COc1ccc(C(=O)C2CC2)cc1,35
146087,COC(=O)c1cc(O)cc(O)c1,30
146133,CC(=O)CC(c1ccccc1)c1c(O)c2ccccc2oc1=O,89
146136,Cc1cn([C@H]2C[C@H](N=[N+]=[N-])[C@@H](CO)O2)c(=O)[nH]c1=O,41
146137,COC1=CC(=O)C[C@@H](C)[C@]12Oc1c(Cl)c(OC)cc(OC)c1C2=O,30
146138,N[C@@H](Cc1ccc(O)c(O)c1)C(=O)O,33
146157,CC(C)(C)OC(=O)N1CCCC(=O)CC1,88
146164,COC(=O)c1ccc(N)c(O)c1.Cl,49
146168,CC(C)[C@@H](N)CO,44
146213,OCC(Cl)Cl,85
146237,CC(=O)N[C@@H](C)C(=O)O,30
146238,CC(=O)N[C@@H](CCC(=O)O)C(=O)O,30
146298,CC(=O)N[C@@H](Cc1c[nH]c2ccccc12)C(=O)O,33
146318,OCCSSCCO,31
146400,CCOc1ccc([N+](=O)[O-])cc1Br,42
146401,CCOC1=CC(=O)CCC1,39
146404,CCOc1ccc(NC(C)=O)cc1,30
146405,Cc1cc(O)c2c(c1)C(=O)c1cc(O)cc(O)c1C2=O,59
146419,OCc1ccc(F)c(Br)c1,65
146420,Cc1ccc2ccccc2n1.[O-][Cl+3]([O-])([O-])O,21
146464,CC(=O)N[C@@H](Cc1ccc(O)cc1)C(=O)O,30
146469,Clc1nc(Cl)nc(-c2ccccc2)n1,90
146571,O=C(O)C(F)(F)C(F)(F)C(F)(F)C(F)(F)C(F)(F)C(F)(F)C(F)(F)F,32
146572,Cc1ncc[nH]1,30
146573,Sc1nc2ccccc2s1,30
146574,CC(=O)O[BH-](OC(C)=O)OC(C)=O.[Na+],26
146576,N#CC1(c2ccccc2)CC1,83
146603,Nc1cc(Br)ccc1C(F)(F)F,49
146615,Oc1ccc(-n2nnnc2S)cc1,39
146627,Cc1cc(C)c(-n2cc[n+](-c3c(C)cc(C)cc3C)c2)c(C)c1.[Cl-],98
146662,COC(=O)c1cc([N+](=O)[O-])ccc1Br,30
146711,CCN(CC)CCNCCN(CC)CC,92
146761,CCCCOCCOCCO,30
146799,Cc1c[nH]cn1.Cl,26
146949,Cc1c(O)cccc1[N+](=O)[O-],34
146950,Nc1nnc(-c2ccccc2)s1,93
146951,O=C(O)c1ccsc1,30
146998,CCCC(=N)OCC.Cl,75
147011,O=S(=O)(CCCl)c1ccccc1,59
147058,Ic1ccsc1,71
147060,CC1(C)S[C@@H]2[C@H](N)C(=O)N2[C@H]1C(=O)O,30
147102,COC(=O)C(=O)c1ccccc1,30
147125,O=C1C2C3C=CC(C3)C2C(=O)N1O,31
147140,O=Cc1c(F)cc(F)cc1F,71
147181,CC(C)Oc1cccc(OC(C)C)c1-c1ccccc1P(C1CCCCC1)C1CCCCC1,32
147189,C=C(CO)CO,85
147193,O=C(O)C12CC3CC(CC(O)(C3)C1)C2,33
147197,C#CC(O)C(C)C,83
147200,Brc1ccc(Oc2ccccc2)cc1,30
147202,Ic1ccccc1I,30
147235,CC(C)NC1CCCCC1,99
147241,N#CN,28
147248,CCCC(O)CO,33
147251,O=C(O)CCCC[C@@H]1SC[C@@H]2NC(=O)N[C@@H]21,46
147312,CC(=O)OC1O[C@H](COC(=O)c2ccccc2)[C@@H](OC(=O)c2ccccc2)[C@H]1OC(=O)c1ccccc1,96
147340,CS(=O)CC[C@H](NC(=O)OCC1c2ccccc2-c2ccccc21)C(=O)O,56
147368,O=C(O)[C@H]1CC=CCC1,45
147377,CCOc1ccccc1B(O)O,58
147450,Nc1ccc(F)nc1Br,57
147559,Cc1cc(C)c(N=C=S)c(C)c1,53
147702,COc1ccc(/C=C/[N+](=O)[O-])cc1,45
147964,Cl.NNc1cccc(F)c1,30
147966,CN(C)S(C)(=O)=O,33
147971,COc1ccc2cc(B(O)O)ccc2c1,53
147973,COc1cc(Br)ccc1C,63
148021,C[Si](C)(C)c1cccc(Br)c1,86
148087,COc1cc(Br)cc(C(F)(F)F)c1,67
148250,O=S(=O)(Cl)c1c(Cl)cc(Cl)cc1Cl,38
148283,NCCCNCCO,39
148350,Ic1nc(I)c(I)[nH]1,85
148355,CCOC(=O)C(Cc1ccccc1)C(C)=O,57
148395,COc1ccc(/C=C/C(=O)O)c(OC)c1OC,38
148410,Brc1ccc(Nc2ccccc2)cc1,34
148438,N#Cc1cc(F)c(F)cc1Cl,69
148529,CC(C)[C@@H](C(=O)O)N(C)C(=O)OCC1c2ccccc2-c2ccccc21,46
148602,OCc1c(F)c(F)cc(F)c1F,31
148627,O=S(=O)(Cl)c1cc(Cl)c(F)cc1F,48
148632,ClCCCCI,39
148706,c1ccc([SiH](c2ccccc2)c2ccccc2)cc1,51
148813,Cc1ccc2[nH]c(=O)c(=O)[nH]c2c1,68
148815,Cl.Cl.N=C(N)c1ccc(N)cc1,60
148850,CCOC(=O)c1c(C)n(C)c2ccc(O)cc12,21
149010,COc1cccc(SC)c1,24
149018,COC(=O)[C@@H](N)[C@@H](C)OC(C)(C)C.Cl,69
149026,CC1=NC(C)(C)CO1,25
149038,CCC/C=C/CO,29
149081,CC(=O)OC(C)Br,73
149133,Cc1ccc(Cl)cc1C.Cc1cccc(Cl)c1C,30
149159,CC(C)(C)P(c1ccccc1-c1ccccc1)C(C)(C)C,55
149177,COc1cc(N=C=S)cc(OC)c1,78
149277,O=Cc1ccc([N+](=O)[O-])c(O)c1,89
149284,Cc1nn(C)c(C)c1Br,44
149322,Ic1[nH]nc2ncccc12,96
149380,NP(=O)(Oc1ccccc1)Oc1ccccc1,85
149390,Cc1cc(C(=O)O)ccc1N,30
149407,COCCOS(C)(=O)=O,95
149451,COc1ccc(/C=C/[N+](=O)[O-])cc1OC,21
149483,COC(=O)[C@H](N)C1CCCCC1.Cl,30
149484,COC(=O)CCCCCCCC(=O)O,71
149489,Cc1nc2n(c(=O)c1CCCl)CCCC2,46
149493,Cc1nc2n(c(=O)c1CCCl)CCCC2.Cl,44
149672,CN(C)C(=O)c1ccc(Br)cc1,82
149757,NNC(=O)OCC1c2ccccc2-c2ccccc21,69
149883,Brc1ccccc1N1CCCCC1.Cl,91
149898,Brc1ccccc1N1CCCCC1,96
149905,Cl.ClC1CCNCC1,62
149908,Oc1ccc(Oc2ccc(O)cc2)cc1,35
149910,O=C(OC[C@H]1OC(=O)C(F)(F)[C@@H]1OC(=O)c1ccccc1)c1ccccc1,45
149925,CC(C)=CC[P+](c1ccccc1)(c1ccccc1)c1ccccc1.[Br-],85
149971,O=C(F)c1ccccc1,36
149976,CC(O)CC(=O)[O-].[Na+],33
149979,O.O=[W]1(=O)O[W](=O)(=O)O[W](=O)(=O)O1.O=[W]1(=O)O[W](=O)(=O)O[W](=O)(=O)O1.O=[W]1(=O)O[W](=O)(=O)O[W](=O)(=O)O1.O=[W]1(=O)O[W](=O)(=O)O[W](=O)(=O)O1.O[Si](O)(O)O,85
150002,COc1cccc(-c2nc(CCl)no2)c1,65
150015,CCC(C)C(N)C(=O)O.Cl,53
150026,Cl.NC(Cc1cnc[nH]1)C(=O)O,33
150027,CCCCCCCCCCCCCCCCCC(=O)Cl,42
150028,NCC(F)(F)F,31
150055,CC1=C(C(=O)O)N2C(=O)[C@@H](N)[C@H]2SC1,41
150124,CC(=O)OC[C@H]1OC(OC(C)=O)[C@H](OC(C)=O)[C@@H](OC(C)=O)[C@H]1OC(C)=O,34
150135,CC(C)(CO)[C@@H](O)C(=O)NCCC(=O)[O-].[Na+],26
150216,Cl.NC(Cc1cc(=O)[nH]c2ccccc12)C(=O)O.O,50
150240,Cl.NCCC[C@H](N)C(=O)O,30
150241,N#Cc1ccc(O)c(Cl)c1,69
150243,c1ccc(-n2cccn2)cc1,49
150256,CN(C)CCC(=O)c1ccccc1.Cl,30
150259,Cc1cc(C)[nH]c(=O)n1,26
150280,CC(C)(C)c1ccc(CCl)cc1,34
150282,Cl.ClCc1ccc2ccccc2n1,48
150292,COCC(C)(C)O,25
150359,CNCCS(=O)(=O)O.Cl,97
150398,COc1ccc(C)cc1B(O)O,89
150403,Clc1ccc(Br)cc1Cl,30
150512,O=C(CO)OCc1ccccc1,68
150524,C=CC[Sn](CCCC)(CCCC)CCCC,36
150525,O=S(=O)(Cl)c1ccc(Br)s1,39
150539,Cl.NN1CC(=O)NC1=O,49
150563,Cc1cccc(O)c1O,66
150565,CCCCCCCCI,30
150568,CNC=O,30
150569,O=C(NNc1ccccc1)NNc1ccccc1,30
150575,Fc1cccc(F)c1,30
150578,NC(N)=O,30
150580,CCCCCCCCCC,30
150585,Cc1ccccc1F,30
150586,OCCOCCOCCOCCO,30
150593,CS(=O)(=O)N1CCC(N)CC1,54
150597,CCOC(=O)C1CCN(Cc2ccccc2)CC1=O.Cl,21
150620,CC(=O)OC[C@H]1O[C@H](Br)[C@H](OC(C)=O)[C@@H](OC(C)=O)[C@@H]1OC(C)=O,48
150631,CSCC[C@H](NC(=O)OCC1c2ccccc2-c2ccccc21)C(=O)O,30
150635,O=C(N[C@H](Cc1c[nH]cn1)C(=O)O)OCC1c2ccccc2-c2ccccc21,95
150637,O=C(N[C@@H](CSC(c1ccccc1)(c1ccccc1)c1ccccc1)C(=O)O)OCC1c2ccccc2-c2ccccc21,30
150642,COC(=O)C=P(c1ccccc1)(c1ccccc1)c1ccccc1,30
150645,Cc1ccc(Cl)cc1F,30
150652,CCOC(=O)C(=O)C(=O)OCC,39
150658,OB(O)c1ccc2cc(O)ccc2c1,65
150702,O=[N+]([O-])c1cc(Cl)cc(Cl)c1,46
150703,COC[P+](c1ccccc1)(c1ccccc1)c1ccccc1.[Cl-],30
150704,c1ccc(-c2ccccn2)cc1,26
150705,N#Cc1ccc(C(F)(F)F)cn1,60
150708,COc1ccc(OC)c(F)c1,63
150709,COC(=O)c1cccnc1OC,31
150710,C=CCCCCCCCCCO,58
150711,CCOC(=O)C(C)=P(c1ccccc1)(c1ccccc1)c1ccccc1,30
150751,Brc1ccc(Br)s1,30
150756,CC1(C)CC(N)CC(C)(C)N1,30
150757,N#CCCCCCCCCC#N,30
150759,CC1(C)CC(=O)CC(=O)C1,30
150760,C1=CCCCC1,30
150762,IC(I)(I)I,59
150764,O=[N+]([O-])c1cccc(-c2noc(CCl)n2)c1,42
150767,O=C(c1ccc(F)cc1)C1CC1,84
150779,COc1cc(CN)ccc1O.Cl,31
150794,COC(C=O)OC,30
150801,OCC(CBr)(CBr)CBr,30
150802,O=C(OCc1ccccc1)N1CCC(O)CC1,60
150811,CC(C)(C)OC(=O)CC[C@H](NC(=O)OCC1c2ccccc2-c2ccccc21)C(=O)O,30
150817,Cc1ccc(P(c2ccc(C)cc2)c2ccc(C)cc2)cc1,46
150818,Cl.N[C@H](CS)C(=O)O,34
150833,CC[C@H](C)[C@H](N)C(N)=O,73
150837,CC(C)(C)OC(=O)N1CCC[C@H](CO)C1,39
150882,O=C(O)CCc1ccc(F)cc1F,86
150902,O=Cc1cnn(-c2cccc(F)c2)c1,90
150907,Cc1cc(C)c(C#N)c(=O)[nH]1,21
150918,O=C(O)c1cccs1,30
150920,C=CC(=O)OCC(C)O,24
150922,COC(OC)N(C)C,30
150923,NC=O,30
150924,O=C(Cl)C(Cl)Cl,30
150925,CNC(=S)NN,29
150927,CCC(=O)CC,30
150929,CCOC(=O)C1C(C=C(C)C)C1(C)C,30
150930,CCC(C=O)CC,30
150932,COc1cccc(O)c1,44
150934,NNC=O,33
150935,CCOC(=O)OCC,30
150936,Cc1cc(Br)cc(Cl)c1O,94
150938,CCCCCC(=O)CCCCC,55
150939,c1ccc2c(c1)OCO2,30
150940,CCO/C=C/C(=O)OCC,49
150941,c1ccc2c(c1)CCCC2,30
150944,O=C(c1ccccc1)c1ccc(O)c(O)c1O,30
150945,COC(OC)OC,30
150981,CCCCCCCCCCCC[N+](C)(C)CC(=O)[O-],21
150988,CCOC(=O)C(C(C)=O)C(=O)OCC,53
151004,O=C(O)[C@H](O)[C@@H](O)C(=O)O,30
151012,Cc1cc(C(=O)O)cc(Cl)n1,58
151016,O=C1CCCN1Cc1ccccc1,35
151106,O=C(O)[C@H]1CCCO1,34
151143,Fc1ccc(C(c2ccc(F)cc2)N2CCNCC2)cc1,30
151167,NCc1ccc(C(F)(F)F)cc1,33
151169,O=c1[nH]cnc2cc(Cl)ccc12,57
151183,CC(=O)NO,50
151185,CS(=O)(=O)c1ccc(C#N)cc1,26
151218,CCCCCCCCCCCCCCCCBr,30
151223,Fc1nc(F)c(F)c(F)c1F,31
151246,O=C(O)c1ccc(Br)cc1OC(F)(F)F,69
151265,CCN1CCN(c2ccc(N)cc2F)CC1,91
151307,O=C(c1ccccc1)c1ccccc1Br,89
151342,CC1OCCC1S,66
151357,O=C(O)C(O)O,30
151358,CCCCCCCC[N+](C)(CCCCCCCC)CCCCCCCC.[Cl-],30
151359,O=S(=O)([O-])C(F)(F)F.[Ag+],21
151363,O=P(Cl)(Oc1ccccc1)Oc1ccccc1,26
151367,C[Si](C)(C)CCl,30
151373,CC(=O)c1ccc(C)cc1O,69
151375,O=C(NC(C(=O)O)c1ccccc1)c1ccccc1,30
151379,COc1ccc(C)c(Cl)c1,44
151423,COc1cccc(F)c1C(=O)O,58
151434,CC(C)(NC(=O)OCc1ccccc1)C(=O)O,30
151510,O=c1c(Cl)c(Cl)cnn1-c1ccccc1,63
151513,Nc1cccc(S(N)(=O)=O)c1,30
151520,Nc1ccccc1OC(F)F,25
151528,N#Cc1ccc(Cl)c(Br)c1,69
151543,COc1ncnc(NS(=O)(=O)c2ccc(N)cc2)c1OC,31
151544,CCC[C@@H]1C[C@@H](C(=O)N[C@@H]([C@H]2O[C@H](SC)[C@H](O)[C@@H](O)[C@H]2O)[C@@H](C)O)N(C)C1,84
151552,O=C1COc2cc(O)ccc21,90
151555,O=C(O)c1cc(SSc2ccc([N+](=O)[O-])c(C(=O)O)c2)ccc1[N+](=O)[O-],50
151558,CC(=O)NCCO,30
151561,O=Cc1ccnc(Cl)c1F,86
151562,O=C(O)COc1ccc(OCc2ccccc2)cc1,48
151578,O=C(O)CCCl,30
151579,Nc1ccc(S(=O)(=O)Nc2cnc3ccccc3n2)cc1,31
151580,Cc1nnc(S)[nH]c1=O,40
151581,O=C1OC(=O)C(F)(F)C(F)(F)C1(F)F,55
151590,COc1cc([N+](=O)[O-])ccc1S(=O)(=O)Cl,95
151595,COC(Cl)Cl,26
151613,CB(O)O,30
151614,CN(C)C(=S)N(C)C,30
151617,O=C(CBr)OCc1ccccc1,30
151618,N#CCC1=CCCCC1,30
151644,O=C1OC(=O)c2ccc3c4c(ccc1c24)C(=O)OC3=O,46
151649,Nc1nc(Cl)ncc1F,48
151660,CC(=O)Nc1ccc(F)c(Cl)c1,65
151679,CS(C)=O,30
151680,O=C(O)[C@@H](O)[C@H](O)C(=O)O,30
151725,O=[N+]([O-])c1cccc2cc[nH]c12,50
151736,CSCC[C@H](NC(C)=O)C(=O)O,30
151741,C=COCCO,30
151745,CCC(=O)C(F)(F)F,38
151759,CC(=O)Cc1cccc(C(F)(F)F)c1,21
151761,Brc1cnn(C2CCCCO2)c1,57
151763,COc1ccc(C)cc1,30
151772,Cn1ccnc1CO,31
151781,NC(=NO)c1cccc(C(F)(F)F)c1,24
151784,C[Si](C)(C)C(F)(F)F,26
151795,C#C[Si](C)(C)C,63
151813,NCCCCl,40
151817,N#CCN,21
151823,O=C(O)c1cncc(O)c1,39
151832,O=C1Nc2c(F)cccc2C1=O,36
151849,COc1cccc(F)c1C#N,30
151856,Nc1ccc(F)c(Br)c1,30
151857,Cc1c(F)cccc1Cl,30
151863,N#Cc1ccc(Br)c(F)c1,26
151866,N#Cc1c[nH]c2ccccc12,41
151945,Cl.NNc1cccc(C(=O)O)c1,44
151965,OCc1cccc(Br)n1,94
151990,COc1cccc2ccccc12,30
151991,COc1cccc(C=O)c1,30
151998,COc1c(C)cnc(CO)c1C,29
152004,CCCOc1ccc(C(=O)O)cc1,21
152021,CCOC(=O)C(Br)C(=O)OCC,30
152023,Cc1oncc1C(=O)O,30
152025,CC(=O)Nc1ccc(C#N)cc1,65
152028,O=C(O)CC(F)(F)F,89
152032,Nc1nc(Cl)cc(Cl)n1,30
152064,COC(=O)c1ccc2ncccc2c1,37
152129,C[N+](C)(C)[O-],33
152158,O=C(O)C1CCCN(C(=O)OCc2ccccc2)C1,25
152167,NCCc1cccs1,30
152181,O=[N+]([O-])c1ccc(Sc2ccc([N+](=O)[O-])cc2)cc1,58
152185,O=C(O)/C=C/c1ccccc1[N+](=O)[O-],21
152193,Cl.N=C(N)NCCCC(N)C(=O)O,31
152196,Oc1cc(C(F)(F)F)cc(C(F)(F)F)c1,30
152197,O=C(O)c1cc(Cl)nc(Cl)c1,61
152203,O=C1CCc2cc(O)ccc2N1,30
152226,Nc1cc[nH]n1,26
152228,Nc1ccc(S(=O)(=O)O)c(N)c1,33
152233,CC(C)(C)C(=O)NN,71
152243,FC(F)(F)c1cc[nH]n1,49
152249,COC(=O)c1ccc(C)nc1,26
152251,FC(F)(F)C(F)(I)C(F)(F)F,29
152261,CCC(C)(O)CC,26
152266,Nc1ncccc1Br,38
152268,O=[N+]([O-])c1cccc2c([N+](=O)[O-])cccc12,30
152346,BrCC(CBr)(CBr)CBr,74
152358,CNc1ccccn1,69
152360,NCc1ccc(Cl)cc1Cl,60
152361,c1ccc(-c2nc3ccccc3[nH]2)cc1,30
152362,CC1=NN(c2ccc(C(=O)O)cc2)C(=O)C1,92
152363,OCC(F)(F)C(F)(F)C(F)(F)C(F)(F)C(F)(F)C(F)F,30
152366,COc1cc(Br)c(C=O)cc1O,48
152373,Cc1cc(Cl)ccc1OCC(=O)NN,83
152377,Fc1ccc(CBr)cc1Cl,30
152382,O=[N+]([O-])c1cccs1,65
152384,O=C(O)c1ccc(CO)cc1,45
152388,CC(=O)C1CCCC1=O,47
152390,C=CC(C)(O)CCC=C(C)C,30
152392,Cc1cc(Cl)ccc1[N+](=O)[O-],30
152397,Nc1cc(F)c(F)cc1N,65
152404,O=Cc1ccc2[nH]ccc2c1,61
152408,O=C(O)c1cc2cc(F)ccc2[nH]1,73
152411,COC(=O)c1ccc(O)c(Br)c1,25
152419,CC(=O)OC1=CCCCC1,78
152421,O=C(O)CCc1ccccc1Br,46
152430,CS(=O)O,30
152438,CSC#N,30
152447,COC(=O)c1occc1C,59
152476,CO[C@H]1O[C@H](CO)[C@@H](O)[C@H](O)[C@H]1O,30
152477,CCCCc1nc(C=O)c(Cl)[nH]1,30
152492,Nc1n[nH]c2ccc(Br)cc12,93
152525,CC(=O)SCC[N+](C)(C)C.[I-],90
152526,CCCC(=O)SCC[N+](C)(C)C.[I-],69
152527,CCCC1CCC(=O)O1,31
152598,O=C1C(=O)c2ccccc2-c2ccccc21,30
152603,O=C1OS(=O)(=O)c2ccccc21,94
152604,Clc1ccccc1,30
152606,O=Cc1ccc(OCc2ccccc2)c(OCc2ccccc2)c1,30
152608,c1ccc(CCc2ccccc2)cc1,30
152611,CCCC[N+](CCCC)(CCCC)CCCC.[Cl-],21
152621,CS(=O)(=O)O,30
152626,Cc1cc([N+](=O)[O-])c(C)cc1O,86
152636,O=[N+]([O-])c1ccc(CCBr)cc1,30
152647,CON.Cl,30
152660,Cl.NNc1ccc([N+](=O)[O-])cc1,30
152661,COc1ccccn1,30
152667,O=C([O-])C(F)(F)Cl.[Na+],30
152679,O=Cc1cc(C(F)(F)F)ccc1F,35
152716,COC(=O)CCCC(=O)OC,26
152787,Sc1cc(Cl)ccc1Cl,26
152803,CC(C)C(Br)C(=O)NC(N)=O,30
152862,CN1CCN(C)C1=O,30
152864,O=S(=O)(F)C(F)(F)C(F)(F)C(F)(F)C(F)(F)F,26
152866,CC(C)OC(=O)[C@H](O)[C@@H](O)C(=O)OC(C)C,30
152869,CCCCCCCCCCCC#N,26
152877,CCOC(=O)CC(=O)C(F)F,39
152889,CC1(C)COC(=O)[C@@H]1O,36
152891,CC(C)(C)OC(=O)N1CC[C@H](O)C1,26
152894,CC(C)(C)C(=O)Nc1ccccn1,30
152911,Cc1cc(CCl)c(CCl)cc1C,93
152912,Brc1n[nH]c(Br)n1,39
152915,O[C@@H]1CCOC1,89
152916,CC[C@@H](NC(=O)OC(C)(C)C)C(=O)O,44
152925,CC(C)(O)CCO,30
152931,COc1cccc(C(=O)NN)c1,26
152969,N#CCc1ccc(OCc2ccccc2)cc1,73
152974,Cc1cccc2nccn12,32
153004,CC(=O)N[C@@H](Cc1ccccc1)C(=O)O,30
153010,CC(C)C(C)(N)C#N,26
153035,O=S([O-])C(F)(F)F.[Na+],36
153036,CC(C)(C)OC(=O)N1CC(=CC#N)C1,41
153045,Cc1ccc(Br)cc1C#N,60
153046,COC(=O)c1c(F)cccc1F,26
153069,C1CN2CCN1CC2,30
153073,O=C1C[C@H]2CC(=O)C[C@H]2C1,56
153083,CS(=O)(=O)Nc1cccc(N)c1,74
153104,CCOC(=O)C(C#N)c1ccccc1,27
153113,Nc1cc(Br)ccc1Cl,33
153120,COC(=O)C#N,99
153130,O=C([O-])c1ccccc1C(=O)O.[K+],30
153131,O=Cc1cc([N+](=O)[O-])ccc1F,44
153132,Cl.NCCC[C@@H](N)C(=O)O,64
153140,c1cncnc1,89
153219,CC1=C(C)C(C)C(C)C1=O,41
153259,CNCc1ccc(Cl)cc1Cl,33
153268,O=C(O)[C@@H](O)[C@H](O)[C@H](O)[C@@H](O)C(=O)O,30
153287,OCCOCCOCCCl,50
153288,Cc1cc2nc[nH]c2cc1C,30
153293,ON(Cc1ccccc1)Cc1ccccc1,46
153295,Nc1ccc(Br)cc1,30
153299,COC(=O)CN=C(c1ccccc1)c1ccccc1,30
153300,Nc1nccs1,30
153303,c1ccc2cnccc2c1,30
153311,O=CC=O,30
153313,O=C(O)c1ccncc1,30
153314,O=C1c2ccccc2Cc2ccccc21,30
153315,Nc1nnc(N)[nH]1.O=[N+]([O-])O,88
153317,O=C(O)c1cc(F)c(F)c(O)c1F,39
153321,CC(Oc1ccccc1Cl)C(=O)O,67
153334,Cl.NNc1ccccc1[N+](=O)[O-],40
153356,COC(=O)[C@H](C)N.Cl,30
153373,CN(C)CC(N)=S.CN(C)CC(N)=S.Cl,70
153379,O=C(O)c1cc(=O)cc(C(=O)O)[nH]1,69
153397,Cc1cc(Br)ncc1N,63
153411,Cc1ccc(F)cc1B(O)O,45
153465,Nc1ccc([N+](=O)[O-])cc1Br,41
153503,Cc1ccc(N2CCNCC2)cc1,64
153508,O=C(Cl)C1CCCC1,65
153516,N#Cc1ccccc1C(F)(F)F,30
153520,Nc1c(Br)cc(Cl)cc1Br,26
153523,Brc1cnc2cc[nH]c2c1,89
153524,Clc1cnc2ccc(Br)cc2n1,58
153525,OC1c2ccccc2Oc2ccccc21,89
153527,O=C(O)CS,30
153532,O=C(O)Cc1ccc(F)c(Cl)c1,58
153537,CCBr,28
153538,CCCCCl,30
153539,CCCCBr,30
153553,Nc1ccc(C(=O)O)nc1,76
153554,O=c1ccc2ccccc2[nH]1,40
153558,Clc1ncc(Br)cn1,30
153559,C1CCC(P(C2CCCCC2)C2CCCCC2)CC1,69
153561,Fc1c(F)c(F)c(Br)c(F)c1F,30
153562,CSC(=NC#N)SC,30
153570,COc1ccnc(Cl)c1,63
153582,Cl.Nc1nccs1,30
153587,CSc1ccc(CC(=O)O)cc1,64
153609,CC(C)(C)Oc1ccc(C[C@H](NC(=O)OCC2c3ccccc3-c3ccccc32)C(=O)O)cc1,30
153616,COc1ccc2cc(C(C)O)ccc2c1,44
153626,O=C(O)C[C@@H](O)C(=O)O,39
153633,c1ccc(Cc2nnn[nH]2)cc1,52
153693,N#Cc1ncccc1Br,83
153694,O=C(O)C1(Br)CCC1,60
153708,O=C1CCCCCO1,30
153731,Cc1cc(Br)cc(C)c1O,30
153751,OCC(F)(F)C(F)(F)C(F)(F)C(F)F,30
153753,CC(=O)CC(C)(C)O,30
153756,OCCc1ccccc1,30
153759,O=[N+]([O-])c1ccc(F)cc1,30
153770,O=Cc1cccc(Br)c1O,89
153773,O=C(O)c1c[nH]c2ccccc2c1=O,75
153779,NC(=NO)c1ccc(F)cc1,32
153780,NNC(N)=S,30
153782,NC(N)=NS(=O)(=O)c1ccc(N)cc1,26
153787,Brc1cscn1,90
153794,Nc1cncc(C(=O)O)c1,36
153853,Fc1cccc(C(F)(F)F)c1,30
153857,O=Cc1c[nH]c2ccc([N+](=O)[O-])cc12,76
153866,CCn1cc[n+](C)c1.O=S(=O)(F)[N-]S(=O)(=O)F,30
153898,COC(=O)c1cccc(C)c1S(=O)(=O)Cl,95
153947,C1CCC(N2CCNCC2)CC1,30
153976,Cl.NCc1ccc(F)cc1Br,61
153992,CC(=NO)c1ccccc1,38
153998,Fc1c(Cl)cc(Br)cc1Cl,46
154015,CCOC(=O)C(N)=O,30
154021,OC[C@H]1CCCN1,58
154031,C=C(C(=O)O)C(F)(F)F,61
154037,CCOC(=O)CNCc1ccccc1,30
154082,C[C@H]1COc2c(F)c(F)cc3c(=O)c(C(=O)O)cn1c23,69
154092,N#Cc1cccc2ccccc12,36
154102,NC(=S)Nc1ccc(Br)cc1,51
154202,Cc1ccc([N+](=O)[O-])c(O)n1,68
154245,Cc1ccc(N)c([N+](=O)[O-])c1,30
154256,Sc1ccc(Sc2ccc(S)cc2)cc1,75
154281,O=Cc1cc(Br)ccc1Cl,49
154343,CC(=O)N1CCC[C@H]1C(=O)O,30
154407,CC(C)(C)OC(=O)NC1(C(=O)O)CCC1,60
154412,Nc1cnc(Cl)c(Br)c1,38
154413,N#Cc1ccc(OC(F)(F)F)cc1,30
154425,CC(=O)Nc1ccccc1N,40
154434,COc1ccc(Br)cc1CO,30
154441,COC(=O)c1ccc(F)c([N+](=O)[O-])c1,33
154449,CC1=CC(=O)C(C)=C(C)C1=O,51
154454,C1=Cc2ccccc2C1,60
154456,CC(C)(CO)CBr,79
154458,CCCCCCCCCCCC(=O)O,30
154462,Cc1c(C(N)=O)cc([N+](=O)[O-])cc1[N+](=O)[O-],34
154466,OC1CCCC(O)C1,99
154467,COc1ccc(CCN)cc1,81
154468,OCC1CCCCN1,30
154469,CCc1cccnc1,53
154471,O=C(O)Cc1ccc(-c2ccccc2)cc1,21
154472,O=C(O)c1ccc2c(c1)OCO2,30
154473,CN(C)c1cccc(C(=O)O)c1,30
154474,CN(C)c1ccc(C(=O)O)cc1,30
154475,Cl.Clc1ccccc1N1CCNCC1,26
154476,Nc1ccccc1Sc1ccccc1,78
154477,CC(=O)C1C(=O)C=C(C)OC1=O,29
154478,O=C(O)Cc1ccc(Cl)cc1Cl,30
154488,NC1(C(=O)O)CC1,45
154534,COc1cc(N)cc(C(F)(F)F)c1,71
154559,O=C([O-])[C@H](O)[C@H](O)CO.[K+],78
154604,OB(O)c1ccc(Cl)c(F)c1,54
154616,OB(O)c1cc(Cl)ccc1F,48
154644,Oc1cc(F)ccc1Br,30
154647,Cl.O=C(C1CC1)N1CCNCC1,67
154677,Ic1ccc2c(c1)Cc1ccccc1-2,21
154689,Cc1ccc(CC(=O)O)cc1[N+](=O)[O-],69
154695,NNC(=O)c1ccc(Cl)cc1,26
154697,COc1ccc(CO)cc1OC,26
154698,Cc1ccc(O)cc1C,26
154699,O=[N+]([O-])c1ccc(Cl)cc1C(F)(F)F,30
154700,CSCCC=O,26
154701,CCCC(=O)c1ccccc1,30
154702,CCOc1ccccc1C(=O)O,26
154703,COc1cc(N)c(C(=O)O)cc1OC,30
154704,O=C(O)Cc1c(Cl)cccc1Cl,30
154706,Cc1ccc(F)c(N)c1,30
154707,Cc1cc(S(=O)(=O)c2ccc(O)c(C)c2)ccc1O,62
154708,Cc1c(N)cccc1[N+](=O)[O-],26
154709,COC(=O)C(N)CO.Cl,30
154710,SC1CCCC1,65
154711,O=C(O)C1CCCCN1,30
154712,CC(O)c1ccc(Cl)cc1,21
154713,OCC1CCCCO1,58
154714,c1ccc(SSc2ccccc2)cc1,39
154715,Oc1cc(Cl)ccc1Cl,30
154716,NC(=O)CC(N)C(=O)O,26
154717,C=CC(N)=O,30
154718,Oc1c(I)cc(Cl)c2cccnc12,30
154719,CC(=O)c1c(C)cc(C)cc1C,38
154720,O=Cc1ccc2ccccc2c1,36
154721,COc1ccccc1CC(=O)O,30
154722,Nc1c(Cl)cc(Br)cc1Cl,30
154723,CCC(=O)c1ccc(Br)cc1,30
154724,CC(=O)c1ccccc1C,30
154726,Cc1cc(Cl)c(C)cc1Cl,21
154727,CC(C)CC(C)O,26
154752,Cl.NC[C@H](O)CO,42
154754,Oc1ncccc1Cl,85
154756,O=C(O)c1ccc([N+](=O)[O-])cc1C(F)(F)F,86
154757,NOc1ccc([N+](=O)[O-])cc1[N+](=O)[O-],75
154762,F[B-](F)(F)c1ccco1.[K+],95
154768,Nc1ccccc1C(=O)c1ccc(F)cc1,26
154829,CC(C)(C)OC(=O)N1CCC[C@]1(C)C(=O)O,69
154868,O=C(O)Cc1cc(Br)ccc1F,40
154887,CN(C)CCN(C)CCN(C)C,30
154891,Cc1ccc(C#N)cc1,30
154905,NCCCCCCCCCCCC(=O)O,41
154906,C=C1N(C)c2ccc(Cl)cc2C1(C)C,49
154907,O=C1NC(=O)C(=O)C(=O)N1,21
154908,CCC(N)C(=O)O,30
154909,C=Cc1ccccn1,30
154910,NCCC1=CCCCC1,44
154911,C#CCN,41
154912,O=C(O)CCCOc1ccccc1,96
154913,O=C(O)c1cc(Br)ccc1O,30
154914,O=[N+]([O-])c1cc(Cl)ccc1O,30
154915,O=Cc1cc(Cl)cc(Cl)c1O,31
154916,Oc1cc(O)c(Cl)cc1Cl,36
154928,O=C(O)c1cn[nH]c1,40
155002,CCOC(=O)C(=O)C(Cl)C(=O)OCC,63
155027,COC(=O)[C@@H](N)[C@@H](C)O.Cl,33
155082,O=C([O-])CCC(=O)[O-].[Na+].[Na+],21
155100,CC(C)(C)OC(=O)Nc1ccc(C(=O)O)cc1,50
155109,O=C1OC(=O)c2nccnc21,26
155111,Cc1cc2c(F)c(O)ccc2[nH]1,81
155114,COC(=O)c1cccc(F)c1,30
155124,O=c1[nH]sc2ccccc12,30
155132,Sc1nnnn1-c1ccccc1,26
155133,C=C(C)c1ccc(F)cc1,51
155136,O=S(=O)([O-])c1ccc2c(S(=O)(=O)[O-])cccc2c1.[Na+].[Na+],29
155140,Nc1nc(Cl)ccc1[N+](=O)[O-],30
155142,COc1ccc(C(N)=O)cc1N,94
155155,COc1ncccc1N,54
155167,CC(C)(O)C(=O)O,30
155172,O=C(O)c1ccc(N2CCOCC2)cc1,72
155224,NCCCCCO,54
155231,CC1=CC[C@H]2C[C@@H]1C2(C)C,35
155237,Oc1ccnc(Cl)c1,33
155245,N#Cc1ccc([N+](=O)[O-])o1,82
155346,CCCc1cccs1,90
155351,Cc1ccccc1C(N)=S,48
155357,Cc1nc(O)ccc1Br,89
155360,Nc1ncnc2c1ncn2[C@@H]1O[C@H](COP(=O)(O)OP(=O)([O-])OP(=O)([O-])O)[C@@H](O)[C@H]1O.O.[Na+].[Na+],64
155391,O=c1ccc(=O)[nH][nH]1,26
155393,NC(=O)c1ccccc1N,30
155394,Cc1ccccc1CC#N,36
155398,CC(=O)Nc1ccc(C(=O)O)cc1,30
155466,C#CCCOS(=O)(=O)c1ccc(C)cc1,76
155516,CN1CCCCC1CO,30
155555,Nc1ccc(C(O)(c2ccc(N)cc2)c2ccc(N)cc2)cc1,51
155561,[Bi+3].[O-]c1c(Br)cc(Br)cc1Br.[O-]c1c(Br)cc(Br)cc1Br.[O-]c1c(Br)cc(Br)cc1Br,46
155562,COC(=O)CCC(=O)CN.Cl,96
155568,COC(=O)[C@@H]1CC(=O)CN1C(=O)OC(C)(C)C,60
155574,Cc1cccc(C(=O)Cl)c1,26
155586,CCOC(=O)C(CCCCl)C(=O)OCC,54
155604,O=S(=O)(c1ccc(Cl)cc1)c1ccc(Cl)cc1,26
155608,COC(=O)c1cnccn1,33
155610,N[C@H](CS)C(=O)O,39
155629,Clc1ncnc2[nH]cc(Br)c12,43
155659,CN1CCN(c2ccc(CO)cc2)CC1,95
155720,N#CC1(c2ccccc2)CCCC1,88
155721,Cl.N[C@@H](Cc1c[nH]cn1)C(=O)O,26
155761,BrCc1ccc(I)cc1,60
155765,Cc1ccc(C#N)cc1[N+](=O)[O-],30
155772,CC(C)(C)OC(=O)N1CCC[C@@H](O)C1,45
155824,Cc1ccc(S(=O)(=O)O)cc1C,34
155843,CCOc1ccc2ccccc2c1C(=O)O,91
155850,COc1ncc(F)c(O)n1,26
155886,O=C(O)C(O)c1cccc(Cl)c1,21
155892,N#Cc1nnc[nH]1,53
155894,CC(C)C(N)C(=O)O,30
155895,Cc1ccc(C(=O)O)cc1[N+](=O)[O-],30
155899,O=C1C=CC(=O)O1,30
155902,CC(C)CC=O,26
155905,C=C(CC(=O)O)C(=O)O,30
155908,O=[N+]([O-])c1cc(Br)ccc1Br,30
155919,CCOC(=O)C(F)(F)C(F)(F)F,29
155921,COC(=O)CCNCc1ccccc1,44
155932,CC(=O)NCC(=O)NCC(=O)O,52
156002,N#Cc1ncc(Br)cn1,66
156004,O=Cc1ccc(Cl)nc1,44
156005,Clc1ncc(Cl)c(Cl)n1,33
156007,Cc1c(N)cccc1C(F)(F)F,30
156026,COc1ccc2ccccc2c1Br,59
156032,Cc1ccc(S(=O)(=O)[O-])cc1C.[Na+],29
156041,O=C1NC(=O)[C@@H]2CC=CC[C@H]12,26
156067,Cc1ccc(Br)c(Cl)c1,30
156085,Fc1cccc(I)c1,30
156108,O=S1(=O)CC=CC1,30
156110,COc1ccc(C(=O)NN)cc1,29
156112,CCn1c2ccccc2c2cc(C=O)ccc21,50
156113,Nc1ccc(S(=O)(=O)Nc2nccs2)cc1,30
156116,O=C(O)c1ccc(Br)o1,30
156122,CCOc1cccc(N)c1,71
156133,Cc1cc(F)cc(Br)c1,35
156151,OCCCI,89
156184,CC(C)(C)OC(=O)[C@H](CC(=O)O)NC(=O)OCC1c2ccccc2-c2ccccc21,66
156192,Fc1ccc(CCBr)cc1,41
156197,Clc1cccc(CCBr)c1,91
156215,O=C(O)/C=C/c1cccc(O)c1,21
156244,O=Cc1cc2ccccc2s1,91
156257,C1CCSC1,30
156291,NC(=S)Nc1ccc(F)cc1,44
156297,O=C(O)c1ccc(F)cc1,30
156308,Cc1cc(C)c(C#N)c(Cl)n1,49
156310,CN(C)c1ccc(C#N)cc1,41
156318,CN1CCCC(C(=O)O)C1.Cl,39
156321,Nc1ccccc1S(N)(=O)=O,44
156325,O=Cc1cc(F)cc(F)c1,30
156332,O=C(O)c1ccc([N+](=O)[O-])cc1F,39
156338,Oc1ncc(Br)c(O)n1,26
156341,N#CCCN1CCCC1,24
156468,O=[N+]([O-])c1ccccc1CBr,30
156512,COC(=O)c1ccc(F)c(C)c1,46
156519,Cc1ccc(S)cc1,26
156529,COc1ccc(N)cc1C,96
156602,COC(=O)c1ccc(=O)oc1,79
156613,Cc1n[nH]c(C)c1Br,39
156628,O=C1CCCCCCCCCCCCCCO1,21
156687,Cc1cc(Br)ccc1C=O,83
156756,CC(=O)NCCCC(=O)O,56
156758,CCOC(=O)N1c2ccccc2C=CC1OCC,30
156759,CC(=O)CCc1ccc(O)cc1,35
156778,CCOC(=O)C(CC)C(=O)OCC,30
156783,O=C(O)c1ccc(Br)c(F)c1,30
156841,Fc1ccccc1C(F)(F)F,30
156966,FC(F)(F)CNCc1ccccc1,76
157001,CC(C)(C)OC(=O)N[C@@H](Cc1ccc(O)cc1)C(=O)O,26
157005,Nc1ccc(CCO)cc1,33
157006,COC(=O)c1nc[nH]n1,33
157030,COC1=C(OC)C(=O)C(CCCCCCCCCCO)=C(C)C1=O,81
157078,OCc1cccnc1Cl,26
157138,CC[C@H](N)C(=O)OC(C)(C)C.Cl,61
157180,CCc1ncnc(O)c1F,53
157189,C#CCN(CC)CC,93
157199,COC(=O)Cc1ccccc1C,61
157202,O=Cc1cc(F)ccc1C(F)(F)F,88
157235,Fc1ccc(Br)cc1I,26
157240,COC(=O)c1sc2ccccc2c1Cl,66
157242,COC(=O)c1cc(C)oc1C,60
157245,COC(C)=O,26
157247,O=C(O)Cc1ccc(Br)cc1,30
157258,O=Cc1ccc(S(=O)(=O)[O-])o1.[Na+],63
157270,CSc1ncc(Br)cn1,69
157274,OC1OC[C@@H](O)[C@@H](O)[C@@H]1O,30
157276,Fc1ccc(Br)nc1,26
157350,CCC(=O)C1CCCCC1,59
157409,CC(C)(C)OC(=O)[C@H](N)c1ccccc1,56
157476,CC(C)(C)OC(=O)Nc1nccs1,75
157479,O=[N+]([O-])c1ccc(Br)cc1,30
157480,O=[N+]([O-])c1ccc(Cl)cc1,26
157482,COc1cc(C=O)c(OC)cc1Br,51
157484,O=[N+]([O-])c1cccc(B(O)O)c1,26
157545,O=Cc1cccnc1Cl,46
157560,CC(C)(C)OC(=O)NC(Cc1ccc(Cl)cc1)C(=O)O,65
157573,CCOC(=O)C[C@@H](C)O,35
157590,Nc1nc(=S)[nH][nH]1,38
157591,C[n+]1ccccc1C=NO.[Cl-],45
157613,CCCC[C@H](NC(=O)OCC1c2ccccc2-c2ccccc21)C(=O)O,54
157618,OCCCc1ccc(Br)cc1,70
157630,O=C1OCC(CO)O1,88
157796,CC(C)(C)OC(=O)N[C@@H](CSC(c1ccccc1)(c1ccccc1)c1ccccc1)C(=O)O,21
157800,O=C1CCCCC1Cc1ccccc1,78
157873,C=CC(=O)Oc1ccccc1,38
157874,CNC(CC(=O)O)C(=O)O,21
157904,CCCCCCC(=O)Cl,36
157910,CC(C)(S)[C@@H](N)C(=O)O,41
157929,O=C/C(Br)=C/c1ccccc1,22
158029,COC(=O)[C@@H]1COC(C)(C)N1C(=O)OC(C)(C)C,71
158031,COC(=O)c1cccc(Cl)c1Cl,40
158032,Cl.NC(Cc1cc(=O)[nH]c2ccccc12)C(=O)O,50
158064,BrCc1ccccc1I,44
158114,Cc1c(Br)c(=O)n(C2CCCC2)c2nc(Cl)ncc12,61
158175,CCOC(=O)P(=O)(OCC)OCC,21
158213,O=C(O)C(F)(F)C(F)(F)C(F)(F)C(F)(F)C(F)(F)F,98
158218,Cc1nc(C)c(C(=O)O)s1,86
158222,COC(=O)C1CCCNC1.Cl,30
158223,Cl.ClCCN1CCCCC1,26
158232,Fc1cc(CBr)ccc1C(F)(F)F,76
158301,CC(=O)c1cc(Br)ccc1Cl,65
158373,CC(Br)C(=O)Cl,55
158438,Cc1cc(N)ccc1I,74
158451,CCC1OC(=O)C(O)=C1C,58
158576,CCCc1nc2c(C)cc(-c3nc4ccccc4n3C)cc2[nH]1,21
158577,Ic1ccccc1-c1ccccc1,75
158582,BrCc1ccc(-c2ccccc2)cc1,54
158586,CCOc1cccc(OCC)c1,27
158587,Nc1cc(Cl)c(Cl)cc1S(=O)(=O)O,37
158606,O=C(O)COc1ccc(I)cc1,73
158717,CO[C@@H]1O[C@H](CO)[C@H]2OC(C)(C)O[C@@H]12,85
158721,COC(=O)c1ccc(F)cc1C,44
158859,CN(CCC(c1ccccc1)c1ccccc1)CC(C)(C)O,21
158874,CCSCCCO,65
158884,ClC(Cl)=C(Cl)C(Cl)(Cl)Cl,79
158885,O=C(O)c1ccc(C(=O)O)c2ccccc12,26
158889,C=CC(=O)OC(=O)C=C,38
158997,O=c1[nH]c2ncccc2o1,33
158998,COc1cc2c(Cl)ncnc2cc1OCc1ccccc1,74
159000,CC(=O)CC/C=C(\C)CC/C=C(\C)CCC=C(C)C,42
159060,c1ccc2sc(SN3CCOCC3)nc2c1,35
159092,O=C1CCc2ccc(F)cc21,46
159133,O=C(O)[C@H]1Cc2ccccc2CN1C(=O)OCC1c2ccccc2-c2ccccc21,52
159161,Br[Mg]Br,21
159259,Clc1cc(I)ccc1Br,44
159424,Cl.Cl.NC1CCNCC1,59
159615,O=C(CBr)c1ccc(O)cc1,26
159791,CC1(C)OB(c2cc(Cl)ccc2F)OC1(C)C,67
159872,CC(C)Oc1cccc(B(O)O)c1,44
159878,NNC(=O)c1ccc(F)cc1F,44
160068,CC(C)SC(C)C,76
160104,CCCCc1ccc(S(=O)(=O)Cl)cc1,41
160126,Cl.N[C@H](C(=O)O)C1CCCCC1,31
160133,Cl.NCCCC(=O)O,51
160135,COCCOCCOCC(=O)O,31
160156,CC1SCCCS1,82
160189,Cn1cc(C(=O)O)cn1,41
160496,Cc1cc(NC(=O)c2ccccc2C)ccc1C(=O)O,70
160529,Cc1cn([C@@H]2O[C@H](CO)[C@@H](O)[C@H]2O)c(=O)[nH]c1=O,33
160556,Cc1c(Cl)cccc1C#N,84
160599,COc1c(N2C[C@@H]3CCCN[C@@H]3C2)c(F)cc2c(=O)c(C(=O)O)cn(C3CC3)c12.Cl,66
160642,CC(C)c1ccc2c(c1)CC[C@H]1[C@](C)(CN)CCC[C@]21C,30
160643,Cl.NCc1ccc(Oc2ccccc2)cc1,63
160653,CCCNc1ccc(Cl)nn1,30
160698,COC(=O)[C@H](N)CC(C)C.Cl,33
160774,O=S(=O)([O-])C(F)(F)F.O=S(=O)([O-])C(F)(F)F.O=S(=O)([O-])C(F)(F)F.[Fe+3],21
160779,Cc1ccc(OC(=O)Cl)cc1,72
160834,OCCC(F)(F)C(F)(F)C(F)(F)C(F)(F)F,41
160859,CN(C)S(=O)(=O)c1ccc(Br)cc1,62
160890,Cc1cccc(F)c1,26
160898,C#Cc1cccc(Cl)c1,58
160899,O=[N+]([O-])c1ccc(Br)cc1Br,50
160900,CC#C[Si](C)(C)C,54
160903,CCOC(=O)C(=NO)c1csc(N)n1,74
160910,COc1ccc(C(C)=O)c(O)c1OC,36
160913,Cc1c(F)cccc1F,63
160916,O=C(O)c1ccnc(-c2cc(C(=O)O)ccn2)c1,81
160917,COc1ccc(C)cc1I,49
160921,O=C(O)c1cc(C(=O)O)ncn1,57
160945,CCOc1nccs1,44
160953,CCCCC(C=O)CC,22
160956,Nc1c(Cl)cc(OC(F)(F)F)cc1Cl,43
160959,NNC(=O)NN,26
160968,F[B-](F)(F)F.F[B-](F)(F)F.F[N+]12CC[N+](CCl)(CC1)CC2,28
160985,COc1nc(N)nc(OC)n1,54
160986,O=Cc1cc2c(cc1[N+](=O)[O-])OCO2,60
160987,O=C(Cl)CCCBr,43
160997,NC(=O)NCCO,26
161008,ClC1CCCC1,26
161010,S=C=Nc1ccccc1Br,81
161014,CCCCN1CCNCC1,95
161017,CN(C)CN(C)C,31
161018,O=C(Cl)c1cccs1,26
161026,OB(O)c1ccccc1CBr,96
161031,CC(=O)N[C@H](C)C(=O)O,73
161036,Clc1cc(Br)ccc1I,26
161039,COC(=O)/C=C\C(=O)O,46
161048,CCOC(=O)C1=C(C)NC(C)=C(C(=O)OCC)C1,26
161051,NCCOS(=O)(=O)O,31
161055,C#C[C@@H](C)O,45
161056,Brc1sc(Br)c(Br)c1Br,26
161075,Cc1cccs1,26
161076,CCc1ccc(C)nc1,26
161077,C=C(C)CCl,26
161078,CCCCOC(C)=O,26
161082,c1cc2c3c(c1)CCCN3CCC2,68
161085,O=C(OC(Cl)(Cl)Cl)OC(Cl)(Cl)Cl,56
161088,O=C(c1ccccc1)c1ccccc1O,75
161089,C[Si](C)(C)OS(=O)(=O)C(F)(F)F,26
161113,Oc1cc(F)c(Br)cc1F,36
161132,BrCCCCCCCCCCBr,26
161133,O=S(=O)(OS(=O)(=O)C(F)(F)F)C(F)(F)F,31
161136,C#Cc1cccc([N+](=O)[O-])c1,89
161142,C=C(CC)CC,65
161147,O=C(Cl)CCBr,61
161149,O=C(NCO)NCO,26
161150,C=C(C)[B-](F)(F)F.[K+],41
161159,Nc1nccc(Cl)c1[N+](=O)[O-],63
161167,C[Si](C)(C)Cc1ccccc1,38
161181,COCC(C)C(=O)OC,21
161194,CC1(C)O[C@@H]2[C@H](O1)[C@@H](CO)O[C@H]2n1cnc2c(N)ncnc21,35
161202,COc1ccc(Br)c(C)n1,60
161217,CCO[SiH](C)C,44
161226,O=c1cc[nH]c(=O)[nH]1,30
161227,NC(=O)NC1CCCCC1,44
161228,CN(C)P(N(C)C)N(C)C,60
161229,CCSCCO,26
161230,Cc1ccc(C(=O)O)c(O)c1,30
161241,Cc1ccc(Br)cc1C,26
161242,C#CC1CC1,35
161248,Clc1ccc2c(c1)OCO2,36
161267,O=S(=O)(Cl)CCl,61
161271,O.O=C(O)c1ccccc1S(=O)(=O)O,21
161282,CC#Cc1ccccc1,89
161297,Cc1cc(C)c(I)c(C)c1,31
161313,O=S(=O)(O[In](OS(=O)(=O)C(F)(F)F)OS(=O)(=O)C(F)(F)F)C(F)(F)F,63
161316,COC(=O)OC(=O)OC,85
161317,O=[N+]([O-])c1ccc2[nH]nc(I)c2c1,66
161319,Brc1ccc2c(c1)[nH]c1ccccc12,66
161320,Cc1c(CO)cccc1[N+](=O)[O-],92
161324,Brc1c2ccccc2cc2ccccc12,31
161326,CC(=O)C(c1ccccc1)c1ccccc1,88
161329,CCOC(=O)C(Cl)(Cl)Cl,29
161351,O=C([O-])CN(CCN(CC(=O)[O-])CC(=O)[O-])CC(=O)[O-].[Mg+2].[Na+].[Na+],21
161389,Cc1cc(C)c(Nc2cc(S(=O)(=O)[O-])c(N)c3c2C(=O)c2ccccc2C3=O)c(C)c1.[Na+],33
161402,CCOC(=O)CS(=O)(=O)c1ccccc1,95
161454,CN(C)Cc1cc(C(C)(C)C)c(O)c(C(C)(C)C)c1,55
161800,C#CCCCCCCC,77
161830,S=C=NCCCl,71
161831,COC(=O)[C@H](N)CC(=O)O,93
161858,O=N[O-].[Ag+],53
161905,Oc1ccccc1-c1ccno1,46
162039,O=S(=O)([O-])C(F)(F)F.O=S(=O)([O-])C(F)(F)F.[Ca+2],41
162144,OC1C[C@H]2C[C@@H]1C1C=CCC12,95
162182,O=C(O)CCC[P+](c1ccccc1)(c1ccccc1)c1ccccc1.[Br-],26
162237,CCSC(C)=O,34
162283,COc1ccc(C(Cl)(c2ccccc2)c2ccccc2)cc1,26
162288,Cc1cnccc1Br.Cl,99
162297,N#C[NH-].[Na+],70
162468,C[C@]1(C(=O)O)CCCN1.Cl,86
162578,OCCCCCCCCCBr,38
162884,C1C[C@@H]2C[C@H]1[C@H]1O[C@@H]21,85
163093,COc1ccc(C(=O)C(O)c2ccc(OC)cc2)cc1,21
163195,CCCSc1nc(Cl)c(N)c(Cl)n1,28
163210,Cc1ncc(COP(=O)(O)O)c(C=O)c1O,31
163333,CC(=O)[C@@H]1C[C@H](CC(=O)O)C1(C)C,61
163356,Cl.Nc1ccc(CCC(=O)O)cc1,90
163403,NC(=O)c1cncc(Br)c1,29
163634,CN(CCO)c1ccc(C=O)cc1,73
163839,Cc1cc(Br)cc(Br)c1,26
163841,CCNC(=O)NCC,29
163846,Fc1cc(Br)ccc1Br,26
163847,C=CCN(C)C,71
163858,Cc1ccc(O)c(F)c1F,76
163923,CC(C)(C)OC(=O)N1C(=O)CC[C@H]1C(=O)O,48
163931,COC(=O)[C@H](N)[C@H](C)O.Cl,53
163937,COC(=O)[C@@H](N)CC1CCCCC1.Cl,41
163971,CC1(C)COP(=O)(Cl)OC1,52
163981,Cc1cc(C)cc(N(C)C)c1.Cl,43
164066,O=C(Cl)/C=C/C(=O)Cl,34
164208,C=C(C)CCC,49
164220,Cc1cc(C)cc(I)c1,26
164272,COC(=O)c1cc(O)ccc1O,30
164298,C#Cc1ccc(C(C)(C)C)cc1,67
164321,CC[C@@H](N)C(=O)OC.Cl,43
164324,CCN1CCCC1=O,26
164368,CCCCCC(=O)CC,26
164379,Cc1ncc(CO)c(CO)c1O.Cl,26
164404,O=S(=O)([O-])c1ccc2c(S(=O)(=O)[O-])cc(S(=O)(=O)[O-])cc2c1.[Na+].[Na+].[Na+],34
164495,CP(=O)(c1ccccc1)c1ccccc1,49
164546,Nc1ccc(Br)c(Br)c1,38
164689,Nc1cccc2c(Br)cccc12,98
164697,O=[N+]([O-])c1ncccc1F,86
164706,O=C(NCC(O)CO)OCc1ccccc1,62
164760,CCC(C)(C)C(=O)Cl,26
164761,Clc1cc(Br)cc(Br)c1,31
164762,Cc1cc(Cl)ccc1I,26
164763,COc1cc(Cl)ccc1Br,43
164774,COc1cc(Cl)cc(Br)c1,83
164775,COc1ncc(Br)c(OC)n1,31
164776,CC(=O)Nc1cccc(B(O)O)c1,68
164777,Fc1cc(Cl)cc(Br)c1,26
164781,C/C=C/C=C/C(=O)OC,44
164782,C=CCOC(=O)CCl,39
164819,CCOC(=O)[C@@H](C)N.Cl,29
164868,CN(C)c1ncc(Br)cn1,84
164943,CCOC(=O)[C@@H](O)[C@H](O)C(=O)OCC,26
164944,O=C1C2CC3CC1CC(Cl)(C3)C2,71
164947,C#Cc1ccc(CCC)cc1,31
164960,Cc1ccc(Cl)c(B(O)O)c1,53
165030,Nc1ncnc2[nH]ccc12,64
165094,COc1ccc2[nH]c(S)nc2n1,55
165104,Cc1cccc(Cl)c1F,44
165263,O=C(O)C(F)(OC(F)(F)C(F)(F)C(F)(F)F)C(F)(F)F,71
165311,CC(=O)Nc1ccnc(O)n1,26
165359,Cl.Cl.FC(F)(F)c1ccc(N2CCNCC2)nc1,21
165380,CCCC(=O)C(C)=O,31
165387,COc1c(F)cccc1Cl,40
165390,CNCc1cccc(Br)c1.Cl,35
165391,FC(F)(Br)C(F)(F)CCBr,80
165394,Clc1ccc2scc(CBr)c2c1,50
165396,CCC1=C(C)CNC1=O,26
165398,Cc1cccc[n+]1[O-],26
165399,CN(C)[Si](C)(C)N(C)C,71
165400,CN1CCOC1=O,38
165419,COc1cccc(Cl)c1Cl,26
165427,Cc1cc(Br)c(C)cc1N,48
165435,Oc1ncnc(O)c1Br,26
165438,O=C(O)[C@H](O)Cc1ccccc1,44
165439,c1csc(-c2cccs2)c1,26
165441,Cc1cccc2nccnc12,36
165442,Cc1cccc(F)c1C,26
165443,Clc1cc2cc[nH]c2cc1Cl,85
165446,Cc1cccc(F)c1[N+](=O)[O-],69
165449,Cc1cc(C)c(C(=O)Cl)c(C)c1,26
165450,O=C(O)C(Br)c1ccccc1Cl,26
165459,CCOC(=O)C(C)S,43
165460,ClCc1cc(Cl)cc(Cl)c1,76
165461,N#Cc1c(N)cccc1Br,88
165462,Cc1ccc(Cl)c(F)c1,38
165464,Nc1ncc(Cl)cc1F,48
165491,C=C(C)[C@@H]1CC=C(C=O)CC1,56
165516,CNc1cccc(Cl)c1,79
165518,OCc1cc(F)ccc1Br,26
165520,Oc1ccc(N=Nc2ccccc2)cc1,34
165521,Cc1cccc(Br)c1Cl,64
165523,N#CCc1cc(Cl)cc(Cl)c1,90
165524,Cc1ccc(I)c(F)c1,51
165525,CCO[Si](C)(C)C,26
165526,CCOC(=O)[C@@H]1CCC(=O)N1,26
165529,C=CCCCCCCCCO,60
165531,O=[N+]([O-])c1ccc(C(F)(F)F)c(Cl)c1,38
165532,Oc1ccc(O)c2ccccc12,73
165533,N#CCCBr,36
165534,O=C(O)CCCCCCl,50
165536,C=CCCCCCCCC(=O)O,88
165537,OB(O)CCc1ccccc1,60
165538,Clc1ncccc1I,48
165561,CC(=O)c1c(F)cc(F)cc1F,38
165563,Cc1cc(Br)ccc1[N+](=O)[O-],89
165565,Cc1cc(Cl)cc(Cl)c1N,63
165566,NC(=O)[C@H](N)c1ccccc1,41
165568,ClC1(Cl)CC1c1ccccc1,26
165571,Cc1cc(Br)c(C)cc1Br,26
165573,COc1cc(O)ccc1O,44
165574,OCc1cc(Cl)ccc1Br,49
165575,COc1cc(C)c(Br)cn1,85
165578,Cc1cc(Cl)ccc1Cl,26
165579,Nc1ccc(Cl)c(O)c1,53
165580,c1ccc2ncncc2c1,89
165581,CS(=O)(=O)c1cccc(Br)c1,38
165584,COc1ccc(F)c(C)c1,44
165625,ON=Cc1cccnc1,45
165632,O=C1OC(Br)c2ccccc21,31
165633,Cl.NNc1cc(F)ccc1F,54
165634,Nc1cccc(OC(F)(F)C(F)F)c1,40
165635,C[C@H](N)C(=O)OCc1ccccc1.Cl,26
165636,Nc1cc(C(F)(F)F)c(Cl)cc1[N+](=O)[O-],91
165640,CCB(CC)c1cccnc1,48
165641,O=C(O)c1ccc(OC(F)(F)C(F)F)cc1,32
165642,Cc1cc([N+](=O)[O-])c(F)cc1Cl,29
165643,O=[N+]([O-])c1cc(F)ccc1Cl,26
165645,O=C(CBr)Oc1ccccc1,36
165648,Cc1ccc(C(F)(F)F)cc1,79
165650,COc1ccc(F)cc1C#N,88
165652,O=C(O)c1cc(Cl)cnc1O,38
165653,COc1cc([N+](=O)[O-])ccc1F,48
165655,N#CC1(c2ccc(Cl)cc2)CC1,54
165656,OCc1cc(F)cc(F)c1,26
165658,COC(=O)c1ccncc1Br,60
165663,Cc1ccc(S(C)(=O)=O)cc1,26
165665,C=CCCCCCCBr,53
165691,N#CN=C(Oc1ccccc1)Oc1ccccc1,95
165692,COc1ncc(B(O)O)cn1,46
165695,Cc1cc(Cl)ccc1B(O)O,35
165701,Cc1cc(Br)ccc1Cl,26
165705,CCOC(=O)[C@@H](N)CC(C)C.Cl,34
165707,FC(F)(F)c1ccccc1I,26
165734,N#C/C=C/C#N,56
165736,C=C[Si](C)(C)c1ccccc1,74
165737,C=C[Si](OC)(OC)OC,26
165743,Ic1ccc2[nH]c3ccc(I)cc3c2c1,38
165759,CSc1ccc(F)cc1,28
165762,CCOc1cc(F)cc(Br)c1,76
165764,Nc1nc2c(s1)C[C@H](N)CC2,63
165765,Cc1ccc(I)cc1Cl,26
165768,Cc1nc(C)c(C)s1,38
165794,CCCCC(=O)CC(=O)OC,43
165802,COc1ccc(Cl)cc1C#N,77
165803,Clc1cc(Cl)c(Br)cc1Cl,71
165849,COC1=CC(=O)OC1,56
165855,COc1cc(Br)cc(Br)c1,31
165859,C#CC(C)(O)CC(C)C,26
165860,C=COC1CCCCC1,26
165910,Cc1oc(=O)oc1C,26
165917,CC(=O)Cc1ccccc1Br,56
165919,Cc1cnc(Br)c([N+](=O)[O-])c1,31
165923,Cc1cc(N)ncc1Cl,50
165925,BrCc1ccc(CBr)cc1,26
165926,Cc1ccc(Cl)cc1Br,26
165927,COC(=O)C[C@H](O)C(=O)OC,29
165929,Fc1ccc(Br)cc1Br,26
165931,FC(F)(F)c1cnc(Cl)cc1I,78
165934,CCOC(=O)OC(=O)OCC,28
165936,CC(=O)Nc1ccc(S(=O)(=O)N=[N+]=[N-])cc1,44
165939,COC(=O)c1csc(Br)n1,79
165944,CCCCCCCCCCCCCCCC[n+]1ccccc1.O.[Cl-],34
165966,CC(=O)CCCCn1c(=O)c2c(ncn2C)n(C)c1=O,51
165967,O=C(Cl)N1c2ccccc2Sc2ccccc21,35
165991,CC(CCC(=O)O)(c1ccc(O)cc1)c1ccc(O)cc1,26
166004,CC(C)(O)Cc1ccccc1,26
166006,Cc1ccc(F)c(Br)n1,90
166043,COC(=O)c1cccc(O)c1O,76
166057,CNCc1cccc(Cl)c1.Cl,95
166164,CCOP(c1ccccc1)c1ccccc1,35
166189,COC(=O)/C=C(\CCl)OC,68
166197,CN(C)CC(C)(C)CO,90
166234,CCNc1ccc(Cl)nn1,86
166235,Oc1c(Cl)cc(F)cc1Br,73
166259,Cl.N[C@@H](C(=O)O)C1CCCCC1,50
166267,CCOC(=O)C[Si](C)(C)C,31
166272,CC(=O)/C=C/c1ccc(C(F)(F)F)cc1,55
166308,CC(C)C[C@H](O)C(=O)O,31
166318,CO[Si](C)(OC)OC,26
166319,N#Cc1cc(Br)ccc1Cl,49
166337,CCCCCCCCNCCCCCCCC,21
166350,ON=Cc1ccccn1,91
166452,CC(C)(C)[Si](C)(C)OCCCBr,32
166471,Cc1ccncc1Br,35
166479,Fc1ccc(OC(F)(F)F)cc1Br,82
166493,Oc1c(F)cc(Cl)cc1Br,68
166519,CCC/C=C(/C=O)CC,48
166693,CCCCCCCCNC,40
166762,CC(C)(C)OC(=O)NCCCC[C@H](N)C(=O)O,33
166821,Nc1ccc(Cl)c(Cl)c1F,41
166824,N#Cc1cc(Cl)ccc1Br,50
166834,Cc1c(C)c(S(=O)(=O)NC(=N)NCCC[C@@H](NC(=O)OCC2c3ccccc3-c3ccccc32)C(=O)O)c(C)c2c1OC(C)(C)C2,90
166917,Cc1cnc(Br)c(Br)c1,34
166920,Br[P+](N1CCCC1)(N1CCCC1)N1CCCC1.F[P-](F)(F)(F)(F)F,36
167136,Cc1cc2nc3c(=O)[nH]c(=O)nc-3n(C[C@H](O)[C@H](O)[C@H](O)CO)c2cc1C,26
167293,CC(C)c1cc(C(C)C)c(-c2ccccc2P(C(C)(C)C)C(C)(C)C)c(C(C)C)c1.CNc1ccccc1-c1ccccc1[Pd]OS(C)(=O)=O,62
167522,BrCC(Br)c1ccccc1,26
167623,O=C1O[B-](F)(F)OC1=O.[Li+],56
167656,Fc1cc(I)c(F)cc1Br,71
167709,Cl.O=c1ncc(Br)c[nH]1,35
167831,Oc1ccc(Br)c2ccccc12,84
167887,CC(C)c1ccccc1I,44
167907,CC1(C)NCCS1,29
167933,Cc1cncc(Br)n1,54
167936,Nc1cc(Cl)nc(Cl)c1[N+](=O)[O-],80
167938,Cc1nccn1CCC#N,26
167940,N#Cc1ccc(O)c(Br)c1,38
167941,Nc1ccc(C(F)(F)F)nc1Cl,79
167942,O=C1NC(=O)C2CCCC12,26
167944,Fc1ccc(Cl)c(Cl)c1,26
167950,CC(C)c1ccc(N)c(Br)c1,26
167952,O=[PH](c1ccccc1)c1ccccc1,28
167957,CC(C)(CC(=O)O)C(=O)O,26
167959,Fc1ccc(I)c(Br)c1,31
167965,C#CCOc1ccccc1,95
167970,CC(=O)C1CCCCC1=O,41
167976,CCOC(=O)C(Cl)Cl,31
167980,COC(=O)C(C)(C)O,36
168083,Fc1cc(F)c(F)c(Br)c1F,56
168085,OCc1cc(Cl)cc(Cl)c1,31
168087,O=C(OCc1ccccc1)N1CC=CCC1,57
168104,OCCCCC(O)CO,29
168106,O=C(O)CN(CCN(CC(=O)O)CC(=O)O)CCN(CC(=O)O)CC(=O)O,33
168107,FC(F)(F)c1cccc(Cl)c1,30
168108,Cc1ccc[n+]([O-])c1,26
168112,Ic1ccc2[nH]ccc2c1,96
168114,CCCCCc1cccs1,40
168117,Fc1ccc(Cl)cc1,26
168120,NC(=O)c1cccc(F)c1F,71
168125,COc1cccc(O)c1OC,86
168251,COC(=O)[C@H](CC(=O)O)NC(=O)OC(C)(C)C,50
168252,COc1cc(C)cc(Br)c1,56
168270,Cl.Nc1ccc(B(O)O)cc1,63
168271,Fc1ccc(Br)c(I)c1,38
168372,COC(OC)c1ccccc1,26
168379,OCCCCCCCCO,26
168382,CCCCc1ccc(Br)cc1,26
168670,O=[N+]([O-])c1cn[nH]c1,30
168671,COc1c(C)cnc(CCl)c1C.Cl,30
168685,OB(O)c1ccccc1Oc1ccccc1,81
168817,Nc1nc(N)c2nc(CO)cnc2n1,90
168883,O=Cc1ccc(F)c(Cl)c1,30
168905,O=S([O-])CO.[Na+],26
168907,O=Cc1ccc(F)c(C(F)(F)F)c1,40
168908,COc1ccc(C=O)c(Br)c1,68
168935,O=Cc1ccc(C(F)(F)F)cc1Br,80
169012,CCN(CC)c1ccc(C=O)c(O)c1,30
169044,CC[C@H](C)[C@H](N)CO,31
169101,OCc1ccc(Br)nc1,84
169117,CCC(=O)c1cccc(O)c1,70
169137,O=Cc1ccc(I)cc1,73
169138,O=Cc1cccc(F)c1Br,75
169142,Cc1ccc(C=O)cc1[N+](=O)[O-],66
169146,O=Cc1cn(C(c2ccccc2)(c2ccccc2)c2ccccc2)cn1,63
169167,O=Cc1ccc(F)cc1[N+](=O)[O-],74
169199,CC(C)(C)NCCO,21
169237,CCCCCCCCC=O,26
169281,O=Cc1ccc(F)c(F)c1F,54
169282,O=Cc1ccc(Br)cc1O,90
169318,Cc1cccc2cc(C=O)c(Cl)nc12,93
169361,Oc1ccncc1I,65
169372,O=Cc1ccccc1N1CCCCC1,67
169374,O=Cc1ccc(SC(F)(F)F)cc1,65
169378,CC(C)Oc1ccc(C=O)cc1,41
169381,O=Cc1cc(O)ccc1[N+](=O)[O-],44
169382,O=Cc1coc2ccc(Br)cc2c1=O,69
169394,O=C/C=C/c1ccc(F)cc1,46
169397,O=Cc1cccnc1Br,69
169410,C#CCOc1ccc(C=O)cc1,90
169416,CC(C)COc1ccc(C=O)cc1,82
169418,O=Cc1ccc(Br)cc1Cl,51
169452,O=Cc1cccc(Cl)c1F,30
169456,O=C[C@H](O)[C@@H](O)[C@H](O)CO,30
169461,O=Cc1cc(O)ccc1Br,46
169467,CS(=O)(=O)c1ccc(C=O)cc1,30
169470,O=Cc1c(Cl)cncc1Cl,95
169475,O=Cc1cc(Cl)cc(Br)c1O,49
169501,COc1cc(C=O)ccc1OCc1ccccc1,85
169509,Cc1ccc(C=O)c(Br)c1,64
169519,O=Cc1ccc(Cl)c(Br)c1,38
169531,CC1(C)[C@H]2CC=C(C=O)[C@@H]1C2,60
169552,O=Cc1cc(Br)ccc1[N+](=O)[O-],60
169561,O=Cc1ccc(Cl)c([N+](=O)[O-])c1,41
169563,O=Cc1coc2ccc(F)cc2c1=O,78
169564,O=Cc1cc(Br)cs1,30
169565,COc1cc(C=O)cc(Cl)c1O,98
169567,O=Cc1ccc(O)c(O)c1,30
169569,COc1ccc(C=O)c(Br)c1O,88
169570,COc1cc(C=O)ccc1O,30
169573,O=Cc1ccccn1,26
169574,CC(C)C=O,76
169578,O=Cc1cc(I)cc(I)c1O,53
169579,COc1ccc(C=O)cc1C,80
169580,O=Cc1ccc(C(F)(F)F)cc1,30
169582,O=Cc1cc(Br)ccc1F,30
169584,CC(C)c1ccc(C=O)cc1,26
169585,O=Cc1c(Cl)ccc(Cl)c1Cl,50
169586,O=Cc1cccc2ccccc12,30
169587,O=Cc1cccc(Br)c1,30
169588,Cc1ccc(C=O)cc1,30
169641,O=Cc1ccc(Br)o1,45
169649,O=Cc1ccncc1,33
169651,Cc1ncc(CO)c(C=O)c1O.Cl,48
169674,O=Cc1ccc(Br)cc1OC(F)(F)F,86
169708,CC(C)C1CCC(O)CC1,54
169759,COc1cc(F)c(C=O)c(F)c1,78
169866,OCCCCCCCCCl,45
169871,CNCC(O)c1ccccc1,99
169878,OCc1ccc2ccccc2c1,38
169941,CC=C(C)C,33
169942,C=C(C)C(=O)OC,26
169943,C=C(C)Br,54
169947,C=CC(=O)OCCCC,26
169949,C=Cc1ccncc1,30
169950,COC(=O)/C=C/c1ccc(Cl)cc1,41
169954,C=C1N(C)c2ccccc2C1(C)C,30
169957,O=C1C=CC(=O)N1c1ccccc1,21
169985,O=Cc1cc(I)c(O)c(I)c1,91
169991,C=Cn1ccnc1,26
169992,C=Cn1c2ccccc2c2ccccc21,29
169995,CC1=CC(=O)OC1=O,30
170008,C=CC(=O)OCC,26
170040,C=C(C)B1OC(C)(C)C(C)(C)O1,83
170042,C=Cc1c(F)c(F)c(F)c(F)c1F,46
170083,C=CCCCCC,53
170087,C=C[Sn](CCCC)(CCCC)CCCC,99
170089,N#CC=Cc1ccccc1,30
170095,N#CC1=C([NH-])CCC1.[Na+],45
170213,CC1=C(C)C(=O)OC1=O,30
170222,C=COCc1ccccc1,58
170262,C=CCN1C(=O)CSC1=S,60
170265,C=C(C)C(=O)OC(C)C,30
170270,C=COCC(C)C,26
170279,O=C1C=CC(=O)N1Cc1ccccc1,39
170285,COC(=O)C=CC(=O)OC,30
170293,C=CC(=O)OCCOC,26
170333,C=C(C)C(=O)OC(C)(C)C,33
170345,C=CCSC,33
170361,c1ccc(-c2ccncc2)nc1,98
170437,CN(C)/C=C/C(=O)c1ccc(F)cc1,25
170553,C=CCNC(C)(C)C,87
170586,O=Cc1cccc(F)c1Cl,73
170606,CCOC(=O)C=C1CCOCC1,84
170633,COC(=O)/C=C/c1ccccc1,21
170674,COc1cc2ncnc(O)c2cc1OC,48
170676,CC(=O)c1ccc(O)c(F)c1,96
170687,COC(=O)c1cc(Cl)c(O)c(Cl)c1.O,41
170693,Cl.OC1CNC1,29
170926,O=S(=O)([O-])CC(O)CCl.[Na+],26
170929,C[SiH](C)O[Si](C)(C)C,93
170930,FC(N1CCCC1)=[N+]1CCCC1.F[P-](F)(F)(F)(F)F,94
170941,OC[C@@H]1CCCN1,30
170946,Cl.Oc1ccccc1N1CCNCC1,41
170950,CC(C)(CO)NC(=O)OC(C)(C)C,63
171008,COc1ccc(Br)c(F)c1F,61
171045,CCCCCC[C@@H](O)C/C=C\CCCCCCCC(=O)O,26
171047,C=COC(=O)C(=C)C,33
171049,O=C(N[C@@H](C(=O)O)C1CCCCC1)OCC1c2ccccc2-c2ccccc21,69
171077,COC(=O)c1cc(O)ccc1N,63
171085,COc1ccc(N)cc1O,31
171087,O=C(Nc1ccccc1)c1ccccc1O,21
171096,NCCOCCO,30
171123,O=C(O)CCCCCCCCCCCC(=O)O,33
171124,C=CC(O)CCCCC,33
171130,Fc1c(Cl)cccc1I,40
171135,CC1(C)OC[C@H](CCl)O1,81
171140,O=[N+]([O-])c1ccc(Br)c(Cl)c1,89
171193,Oc1ccccc1Cc1ccccc1,30
171196,O=C1c2ccccc2C(=O)C1(O)O,33
171197,Oc1cccc(I)c1,44
171203,COC(=O)c1ccc(O)c(OC)c1,30
171204,Oc1ccncc1,30
171207,COC(=O)c1cc2ccccc2cc1O,33
171209,CC(C)(C)c1cccc(C(C)(C)C)c1O,30
171229,C=COCCOCCO,26
171248,CC1=CC(=O)NS(=O)(=O)O1,29
171260,C1CC[C@@H]2NCCC[C@H]2C1,53
171263,CN[C@@H]1CCCC[C@H]1NC,63
171264,COC(=O)[C@H]1COC(C)(C)O1,89
171266,Cc1cc(C)c(N)c(C)c1N,26
171267,c1ccc2c(c1)OB(B1Oc3ccccc3O1)O2,83
171357,CCCCCCCC(=O)OC,26
171365,CC(C)(C)c1ccc(Cl)cc1,46
171369,N#CC[C@H](O)CCl,26
171373,OB(O)c1ccc(Cl)nc1Cl,94
171374,CC(C)(C)N[Si](C)(C)C,71
171379,CCOC(=O)[C@@H](N)C(C)C.Cl,26
171383,CCn1cc(C(=O)O)c(=O)c2cc(F)c(N3CCNCC3)nc21.CCn1cc(C(=O)O)c(=O)c2cc(F)c(N3CCNCC3)nc21.O.O.O,34
171384,COc1ccc([C@@H]2Sc3ccccc3NC(=O)[C@@H]2O)cc1,59
171385,CCN(CCO)CCCC(C)N,50
171395,CCC(C)SSC(C)CC,30
171437,CC[C@H](N)CO,30
171448,Oc1cc(Br)ccn1,83
171455,CC(C)c1cc(C(C)C)c(-c2ccccc2P(C2CCCCC2)C2CCCCC2)c(C(C)C)c1.CNc1ccccc1-c1ccccc1[Pd]OS(C)(=O)=O,21
171456,CCOC(=O)[C@H](N)CO.Cl,26
171458,COC(=O)c1cc(Cl)cc(Cl)c1,64
171459,CC(=O)OCCCCCBr,45
171460,CCCCC/C=C/C=C/C=O,50
171463,CN(C)/C=C/C(=O)c1cccnc1,26
171533,Oc1c(I)cncc1I,74
171784,NNC(=O)c1ccc(F)cc1,43
171785,NNC(=O)c1cccc(Cl)c1,21
171800,COc1ccc(C(=O)c2cccs2)cc1,56
171934,CC(C)COC(=O)Cl,26
172025,CNCCO,30
172026,Oc1cccc(Br)c1,30
172027,OCc1cccc(F)c1,26
172028,OCc1ccc(Cl)cc1,30
172030,OC1CCC2CCCCC2C1,42
172032,CCC(C)c1ccccc1O,21
172033,OCCBr,26
172105,Cc1ccc(O)c(F)c1,90
172110,N#Cc1ccc2cc(O)ccc2c1,31
172129,NCC(O)c1ccccc1,92
172130,N#CCCO,30
172131,OCCN1CCNCC1,30
172132,CCOC(=O)c1cc(Cl)c(O)c(Cl)c1,26
172158,CN1CCN(c2ccc(C(=O)O)cc2)CC1.Cl.Cl,85
172206,CC(C)[C@@H]1COC(=O)N1,75
172207,ClP1(Cl)=NP(Cl)(Cl)=NP(Cl)(Cl)=N1,26
172210,CCC[C@H](N)C(=O)OC.Cl,39
172211,Cl.N=C(N)n1cncn1,26
172216,O=[PH](O)c1ccccc1,26
172241,CO/C=C/C(C)=O,48
172385,CC(C)(C)OC(=O)c1ccc(CBr)cc1,66
172414,O=C1CCCN1,30
172441,Cl.NC1(C(=O)O)CCC1,75
172446,NC(=O)CC[C@H](NC(=O)OCC1c2ccccc2-c2ccccc21)C(=O)O,21
172451,CC(C)(C)OC(=O)C[C@@H](N)C(=O)O,69
172479,CC(C)C[C@@H](NC(=O)OC(C)(C)C)C(=O)O,89
172529,NC[C@H](O)C(=O)O,53
172537,Nc1ccc(Br)cc1C(=O)O,30
172538,Nc1c(C(=O)O)cccc1C(F)(F)F,59
172544,CC(C)[C@H](NC(=O)OCc1ccccc1)C(=O)O,30
172581,ClCC1CO1,30
172618,NCCC(O)C(=O)O,79
172623,NC(CCO)C(=O)O,59
172624,O=C(O)[C@@H]1Cc2ccccc2CN1,35
172627,CC(C)[C@H](NC(=O)OC(C)(C)C)C(=O)O,30
172635,N[C@H](CC1CCCCC1)C(=O)O,96
172646,CCCC[C@@H](N)C(=O)O,38
172709,Nc1ccc(C(=O)O)c(Cl)c1,30
172726,CC(C)(C)OC(=O)N[C@@H](CC(=O)OCc1ccccc1)C(=O)O,30
172729,Cl.O=C(O)CC1CCNCC1,75
172733,O=C(O)[C@@H]1C[C@H](O)CN1,81
172736,O=C(O)Cc1cc(F)ccc1[N+](=O)[O-],95
172787,Cl.NCCCC[C@@H](N)C(=O)O,36
172789,CC(C)(N)CC(=O)O.Cl,28
172803,CN[C@@H](C)C(=O)O,41
172809,N[C@H](Cc1ccc(Br)cc1)C(=O)O,96
172855,COc1ccc(N)c(C(=O)O)c1,33
172866,CC(C)[C@@H](NC(=O)OC(C)(C)C)C(=O)O,35
172869,Cl.O=C(O)[C@@H]1C[C@H](O)CN1,76
172874,CN(CC(=O)O)C(=O)OCC1c2ccccc2-c2ccccc21,21
172875,CC(C)[C@H](NC(=O)OCC1c2ccccc2-c2ccccc21)C(=O)O,30
172916,CC(=O)OCCCCBr,46
172923,CC(C)(C)OC(=O)N1CCCC1C(=O)O,30
172931,COC(=O)CC[C@H](N)C(=O)O,30
172932,CC(C)(C)OC(=O)C[C@H](N)C(=O)O,54
172979,CSCCC(NC(=O)OC(C)(C)C)C(=O)O,48
172981,Cl.O=C(O)C1CCCNC1,30
172982,CCCC(N)C(=O)O,30
172983,CC(C)(C)OC(=O)NC(CO)C(=O)O,60
172997,ClCCCCCCBr,26
172998,O=S(=O)(O)c1ccc(O)c2ncccc12,21
173022,Nc1cccc(C(=O)O)n1,45
173024,Nc1cc(C(F)(F)F)ccc1C(=O)O,40
173029,NCC(CC(=O)O)c1ccc(Cl)cc1,49
173032,CC(C)C[C@H](NC(=O)OC(C)(C)C)C(=O)O,30
173039,N[C@@H](CC(=O)OCc1ccccc1)C(=O)O,39
173043,O=C(O)Cc1ccccc1Nc1c(Cl)cccc1Cl,30
173081,O=C(NC(CO)C(=O)O)OCc1ccccc1,44
173083,CC(C)C(NC(=O)OC(C)(C)C)C(=O)O,30
173110,N#CCC(=O)Nc1ccc(F)cc1,83
173111,O=C1Nc2ccc(Cl)cc2C1=O,31
173132,CCCCC(N)C(=O)O,26
173136,Nc1cc(F)c(F)cc1C(=O)O,40
173142,Nc1c(Cl)c(Cl)nc(C(=O)O)c1Cl,36
173147,NCC[C@H](O)C(=O)O,30
173155,Nc1ccc(F)c(C(=O)O)c1,49
173158,NC(CCc1ccccc1)C(=O)O,54
173159,CCCC[C@H](N)C(=O)O,41
173161,NCCC(=O)O,30
173164,NC(=O)CC[C@@H](N)C(=O)O,64
173165,Cc1ccc(C(N)CC(=O)O)cc1,46
173166,Nc1ccc([N+](=O)[O-])cc1C(=O)O,30
173174,O=C(O)CNc1ccc(O)cc1,54
173177,Nc1ccc(Cl)c(C(=O)O)c1,55
173187,C[C@H](O)[C@@H](N)C(=O)O,30
173201,NCCC(=O)N[C@@H](Cc1c[nH]cn1)C(=O)O,30
173205,O=C(N[C@@H](Cc1c[nH]cn1)C(=O)O)OCc1ccccc1,66
173207,NC(C(=O)O)c1ccc(F)cc1,53
173214,O=C(O)C1CCCNC1,30
173215,NC(Cc1ccccc1)C(=O)O,26
173229,O=C1Nc2c(cccc2C(F)(F)F)C1=O,58
173230,Cc1ccc2c(c1)C(=O)C(=O)N2,44
173231,CNC(=O)CC#N,90
173235,NC(=O)c1ccc(Cl)nc1,35
173255,CC(C)(N)C(=O)O,30
173260,Nc1cc(C(=O)O)ccc1F,55
173265,Nc1cnccc1C(=O)O,90
173272,Br.CC(C)(C)C(N)C(=O)O,69
173280,O=C(NC(Cc1ccccc1)C(=O)O)OCc1ccccc1,24
173286,N[C@@H](Cc1ccc(O)cc1)C(=O)O,30
173287,NC(Cc1ccc([N+](=O)[O-])cc1)C(=O)O.O,34
173288,N=C(N)NCCC[C@@H](N)C(=O)O,49
173290,Nc1ccc(O)c(C(=O)O)c1,30
173303,COC(=O)CC[C@@H](N)C(=O)O,90
173328,N[C@H](C(=O)O)c1ccccc1Cl,30
173347,O=C(N[C@H](CO)C(=O)O)OCC1c2ccccc2-c2ccccc21,50
173396,COc1ccc(C(=O)O)c(N)c1,43
173397,Cl.NC(C(=O)O)C1CCCCC1,70
173398,NCC1(CC(=O)O)CCCCC1,30
173413,Cl.O=C(O)c1cccnc1Nc1cccc(C(F)(F)F)c1,21
173418,NC(Cc1c[nH]cn1)C(=O)O,36
173421,NCC(=O)NCC(=O)O,30
173425,CC(C)CC(N)C(=O)O,30
173430,CCC(C)C(N)C(=O)O,56
173437,N[C@H](Cc1ccc(O)cc1)C(=O)O,39
173439,NC(CO)C(=O)O,26
173453,N[C@@H](CC(=O)O)C(=O)O,30
173454,CC(C)(C)C(N)C(=O)O,78
173460,NC(=O)C[C@@H](NC(=O)OCC1c2ccccc2-c2ccccc21)C(=O)O,23
173473,Cl.N[C@@H](CC(=O)O)c1ccccc1,24
173489,CC(=O)Nc1ccc(Cl)cc1,58
173511,O=C(NCCO[N+](=O)[O-])c1cccnc1,89
173518,NC(=O)CNC(=O)OCc1ccccc1,30
173530,NC(=O)C[C@@H](N)C(=O)O,39
173533,CCC[C@@H](N)C(=O)O,30
173537,CCC[C@H](N)C(=O)O,35
173553,N=C(N)NCCCC(N)C(=O)O,29
173554,NC(Cc1ccc(F)cc1)C(=O)O,51
173562,NC(=O)CC(NC(=O)OCc1ccccc1)C(=O)O,48
173573,O=C(O)CNC(=O)OCc1ccccc1,30
173578,Cl.NC(CC(=O)O)c1ccccc1,30
173596,Cl.Cl.N[C@@H](Cc1c[nH]cn1)C(=O)O,26
173604,Nc1ccc(C(=O)O)c(O)c1,26
173630,O=C1CC(c2ccccc2)CN1,84
173638,CC(=O)CC(=O)Nc1ccccc1C,30
173640,COC(=O)[C@H](C)NC(C)=O,43
173667,O=C(O)[C@@H]1CCCN1C(=O)OCC1c2ccccc2-c2ccccc21,30
173669,N[C@@H](CSC(c1ccccc1)(c1ccccc1)c1ccccc1)C(=O)O,93
173692,CC(C)(C)OC(=O)N1CCC[C@@H]1C(=O)O,30
173708,CC[C@H](C)[C@H](N)C(=O)O,29
173709,NC(=O)C[C@H](N)C(=O)O,30
173710,COC(=O)C[C@H](N)C(=O)O.Cl,30
173733,O=C(NCO)c1cccnc1,83
173737,CC(=O)Nc1ccccc1[N+](=O)[O-],73
173741,COc1ccc(NC(=O)CC(C)=O)cc1,26
173742,COc1ccc(NC(=O)CC(C)=O)c(OC)c1,30
173789,O=C(N[C@@H](Cc1ccccc1)C(=O)O)OCC1c2ccccc2-c2ccccc21,30
173804,CC(C)(C)OC(=O)N[C@H](Cc1ccccc1)C(=O)O,30
173806,Nc1cc(Cl)ccc1C(=O)O,30
173809,N[C@@H](Cc1ccccc1)C(=O)O,30
173810,CC(C)(C)OC(=O)N1CCC[C@H]1C(=O)O,30
173811,C[C@@H](O)[C@H](N)C(=O)O,26
173812,Nc1ncccc1C(=O)O,30
173816,N=C(N)NCCC[C@H](N)C(=O)O.N[C@@H](CCC(=O)O)C(=O)O,39
173822,CC(C)(C)OC(=O)N[C@H](Cc1c[nH]c2ccccc12)C(=O)O,30
173838,Fc1cc(CBr)cc(F)c1F,88
173841,CON(C)C(C)=O,30
173844,CNC(=O)c1cc(Oc2ccc(NC(=O)Nc3ccc(Cl)c(C(F)(F)F)c3)cc2)ccn1,45
173871,O=C(Nc1ccccc1-c1ccc(Cl)cc1)c1cccnc1Cl,52
173887,CC(=O)O.CC(C)(N)CC(=O)O,26
173908,NCCCC(=O)O,30
173914,O=C(O)[C@H]1CCCN1C(=O)OCC1c2ccccc2-c2ccccc21,21
173931,C[N+](C)(C)CCCl.[Cl-],31
173942,CCC(C)(C)Cl,36
173980,O=C(O)[C@@H]1CCCN1C(=O)OCc1ccccc1,30
173983,NC(=O)C[C@H](NC(=O)OCc1ccccc1)C(=O)O,30
173993,Cl.NC(Cc1cccc(Br)c1)C(=O)O,30
174008,Cc1cccc(CC(N)C(=O)O)c1.Cl,71
174019,Cl.O=C(O)C1CCCN1,30
174024,N[C@@H](Cc1ccc(F)cc1)C(=O)O,89
174026,N[C@@H](Cc1cccc(Br)c1)C(=O)O,83
174032,NCCCC[C@H](NC(=O)OCC1c2ccccc2-c2ccccc21)C(=O)O,71
174054,Brc1cnc2ccccc2c1,30
174066,COC(=O)c1ccc(Br)cc1C,45
174072,Cn1cc(I)cn1,41
174093,CCC(=O)c1cccc(Br)c1,75
174097,O=C(O)c1ccccc1F,30
174105,Cl.NCc1cccc(Br)c1,53
174110,Cc1cc(Br)c(F)cc1N,68
174111,COC(=O)c1cc(F)ccc1F,38
174140,CC(C)(C)OC(=O)[C@H](CCC(=O)O)NC(=O)OCC1c2ccccc2-c2ccccc21,53
174165,CS(=O)(=O)c1ccc(Cl)c([N+](=O)[O-])c1,90
174166,COC(=O)c1cccnc1Cl,30
174226,Cc1cc(C#N)ccc1F,30
174230,Nc1ccnc(Cl)c1,30
174234,Fc1cncc(Br)c1,48
174239,NS(=O)(=O)c1ccc(Br)cc1,26
174240,Nc1cnc(Cl)cn1,81
174245,Nc1ccc(I)cc1,30
174246,Nc1ccc(Br)cc1F,30
174249,CCOC(=O)c1ccc(I)cc1,30
174257,Cc1cc(F)c(Br)cc1N,68
174274,Brc1cccc(N2CCNCC2)c1.Cl,57
174281,Fc1ccc(Br)c(C(F)(F)F)c1,30
174318,O=C(O)c1cc(Br)ccc1I,36
174323,O=C(O)c1cc(Cl)nc2ccccc12,60
174331,Brc1ccc(-n2cccn2)cc1,79
174342,N#Cc1cccc(Cl)n1,69
174360,O=C(O)c1ccnc(Cl)c1F,63
174362,Nc1c(Cl)ncnc1Cl,41
174368,COc1ccc(N)c(Br)c1,79
174425,Cl.Nc1ccc(C(=O)O)nc1,72
174460,O=C(O)c1nc(Cl)ccc1Cl,30
174467,N#Cc1ccc(F)cc1Cl,30
174468,O=C(O)c1c(F)cccc1Br,54
174470,Nc1ccc(I)cn1,30
174482,FC(F)(F)c1cc(Cl)nc(Cl)n1,84
174485,O=c1[nH]cnc2ccc(I)cc12,28
174488,O=[N+]([O-])c1cnc(Cl)c(Br)c1,46
174497,O=C(O)c1cc([N+](=O)[O-])c(F)cc1Cl,55
174508,Cc1nc(N)cc(Cl)n1,66
174515,Nc1ccc(Br)nc1,46
174526,NCc1ccc(Br)cc1F,69
174528,Cc1cnc(Cl)c(N)c1,44
174534,N#Cc1ncccc1Cl,51
174536,Clc1cc(Br)cnc1Cl,41
174539,N#Cc1ncccc1F,66
174546,Fc1cc(I)ccn1,49
174549,Cc1csc2c(Cl)ncnc12,90
174551,C[n+]1ccccc1Cl.[I-],30
174569,Cc1cc(Cl)cnc1Br,90
174600,N#Cc1ccc(Cl)cc1F,44
174603,N#Cc1cc(Cl)ccc1F,33
174608,Fc1ccc(Br)c(F)c1,30
174614,N#Cc1ccc(Br)cc1,30
174646,N#Cc1cccnc1F,55
174647,CCc1ncnc(Cl)c1F,45
174651,O=C(O)c1ccc(F)cc1[N+](=O)[O-],48
174652,O=C(O)c1ccc(Br)c(C(F)(F)F)c1,83
174665,Cc1ccc(N)c(Cl)n1,75
174673,C[C@@H](N)c1ccc(Br)cc1.Cl,99
174726,Clc1cc(Cl)ncn1,30
174730,CSc1ncc(Cl)c(C(=O)O)n1,46
174732,Clc1cccnc1Cl,30
174737,Nc1ccc(Cl)nc1,30
174739,COC(=O)c1cc(Cl)ccn1,26
174740,O=C(O)c1ccnc(Cl)c1,30
174741,CS(=O)(=O)c1ccccc1F,76
174768,N#Cc1cc(F)c(Cl)nc1Cl,30
174775,CC(C)(C)OC(=O)c1ccc(F)cc1,33
174780,C[C@H](N)c1ccc(Br)cc1,73
174835,Cl.NCc1ccc(Br)cc1,45
174836,Cc1ccc(Br)s1,30
174838,Cc1ccc(N)cc1Br,30
174843,Cc1cc2ccccc2nc1Cl,82
174844,Cc1ccsc1Br,30
174846,COC(=O)c1ccccc1F,26
174847,NS(=O)(=O)c1ccc(F)c(F)c1,62
174848,Cc1ccnc(Cl)c1,30
174851,FC(F)(F)c1ccccc1Br,30
174853,Cc1cc([N+](=O)[O-])ccc1F,30
174856,Clc1ccc(Br)cn1,30
174871,Nc1cc(F)c(F)cc1I,43
174878,Cc1ccc(Br)c(N)c1,26
174881,Nc1c(Cl)cc(F)cc1Br,59
174883,OB(O)c1cccnc1Cl,61
174884,N#Cc1ccc(F)c(Br)c1,26
174896,FC(F)(F)c1cc(I)ccc1Cl,36
174941,NC(CC(=O)O)c1ccc(Cl)cc1,53
174955,Cc1ccc(C#N)c(Cl)n1,68
174959,CNCc1cccc(Br)c1,37
174960,N#Cc1ccc(Cl)nc1,41
174965,Cc1ccc(Br)cn1,30
174966,N#Cc1cccc(Br)c1,30
174972,CC(=O)c1ccccc1I,48
174979,Nc1nc(Cl)c2[nH]cnc2n1,26
174982,COc1cc(Cl)nc(N)n1,30
174985,O=C(c1ccc(Br)cc1)C1CC1,90
174987,Cc1nc(Cl)c2cc[nH]c2n1,83
174996,O=C(O)c1cc([N+](=O)[O-])cnc1Cl,51
175012,COC(=O)c1cccc(Cl)n1,49
175016,CNc1ncc(Br)cn1,66
175020,O=[N+]([O-])c1ccc(F)cc1C(F)(F)F,30
175033,COC(=O)c1cnc(Br)s1,64
175056,Nc1ccc(C(=O)[O-])cc1.[K+],30
175057,C=CCOC(=O)NCCCC[C@H](NC(=O)OCC1c2ccccc2-c2ccccc21)C(=O)O,78
175086,NCc1ccccc1Br,33
175088,Cc1cc(C)c(Br)cc1C,29
175091,N#Cc1ncc(Cl)cc1Cl,38
175093,Nc1ccc(Br)cc1N,35
175095,Brc1cnc(N2CCNCC2)nc1,95
175107,Cc1ccc(C(=O)O)c(F)c1,58
175109,N#Cc1ccc(Cl)cn1,41
175115,COC(=O)c1ccc(F)c(F)c1F,56
175123,COC(=O)c1ccc(Cl)nc1Cl,57
175138,COC(=O)c1cc(Br)ccn1,90
175143,Nc1ccc(OC(F)(F)F)cc1Br,30
175151,Nc1ncnc(Cl)c1Cl,90
175162,Cl.NCCc1ccccc1Br,60
175166,Clc1ccc(I)cc1,30
175215,Clc1ncnc2nc[nH]c12,26
175232,CCOC(=O)c1cccnc1Cl,30
175233,COc1ccc(Cl)nn1,36
175236,O=C(O)c1cccc(C(F)(F)F)c1F,39
175238,N#Cc1cc(C(F)(F)F)ccc1F,29
175249,O=C(O)c1cccnc1Br,38
175267,COc1cccnc1Br,61
175272,Nc1cc(F)c(Br)cc1F,46
175274,Cc1cc(C(=O)O)ccc1Br,30
175277,CCOC(=O)c1cncc(Br)c1,26
175279,Cc1ccccc1S,41
175313,C=CCOC(=O)CC[C@H](NC(=O)OCC1c2ccccc2-c2ccccc21)C(=O)O,96
175314,N#CCCNCC(=O)O,44
175344,O=C(O)c1ccc(Br)c([N+](=O)[O-])c1,46
175349,COC(=O)c1cc(Br)c[nH]1,73
175352,CNc1cccc(Br)c1,93
175355,Nc1cccnc1Br,48
175356,N#Cc1cc(Br)ccc1N,30
175361,COc1cnc(Cl)nc1Cl,26
175365,CS(=O)(=O)c1ccc(Br)cc1,29
175366,Nc1c(F)cccc1Br,45
175376,Nc1ccc(Br)c(Cl)c1,30
175383,N#Cc1ccc(C(F)(F)F)cc1Br,83
175386,Clc1nc(-c2ccccc2)nc2ccccc12,71
175393,O=C(O)c1ccc(Cl)nc1,30
175396,CC(N)c1ccc(Br)cc1,46
175397,O=C(O)CNS(=O)(=O)c1ccc(Br)cc1,21
175411,Cc1ccnc(Cl)c1Br,63
175473,O=[N+]([O-])c1ccc(Cl)cc1I,91
175475,N#Cc1ccc(I)cc1,36
175477,Fc1ncccc1I,68
175478,Nc1cc(Cl)ncn1,26
175481,Nc1ccncc1I,76
175491,Nc1cc(Cl)ccc1Br,46
175493,Cc1nnc(Br)s1,68
175502,COC(=O)c1cnc(Cl)cc1Cl,54
175506,CCc1cc(Br)ccc1N.Cl,26
175512,Cc1n[nH]cc1Br,30
175515,COC(=O)c1ccc([N+](=O)[O-])cc1Cl,30
175516,O=C(O)c1ccc(F)cc1Cl,30
175528,O=C(O)c1ccc(Cl)c([N+](=O)[O-])c1,30
175532,CCOC(=O)CCC(=O)c1ccc(Br)cc1,50
175535,N#Cc1cc(Br)ccn1,78
175546,O=C(O)c1ncccc1Br,61
175548,O=C([O-])c1ccc(Cl)nn1.[Na+],60
175549,OB(O)c1cccc(Br)c1,39
175561,Cl.NC(CC(=O)O)c1cccc(F)c1,85
175596,N[C@H](Cc1ccc([N+](=O)[O-])cc1)C(=O)O.O,31
175604,Nc1nnc(Br)s1,33
175622,O=C(O)c1cccc(Cl)c1F,38
175641,Cc1ccc(N)c(Cl)n1.Cl,71
175657,Cc1ccc2ccccc2c1Br,26
175658,CC(=O)c1ccc(F)c([N+](=O)[O-])c1,45
175661,O=S(=O)([O-])c1ccc(Cl)cc1.[Na+],30
175665,O=[N+]([O-])c1ccc(Cl)nc1,30
175666,O=C(O)c1cccnc1Cl,30
175684,O=C(O)c1cccc([N+](=O)[O-])c1F,55
175702,N[C@H](C(=O)O)C1CCCCC1,31
175707,N[C@@H](Cc1ccc(I)cc1)C(=O)O,71
175758,NCc1ccc(Br)cc1,49
175767,Nc1cncc(Cl)n1,33
175775,Nc1cc(F)c(F)cc1Br,60
175781,Fc1ccc(C(F)(F)F)cc1Br,30
175795,Nc1cccnc1Cl,30
175797,O=C(O)c1ccccc1I,30
175798,Cc1cc(Br)c2c(c1N)C(=O)c1ccccc1C2=O,93
175800,COC(=O)Cc1ccc(Br)cc1,21
175801,N#Cc1cc([N+](=O)[O-])ccc1Cl,30
175803,COc1cc(Br)ccc1C#N,44
175816,O=C(O)c1cccc([N+](=O)[O-])c1Br,61
175827,Ic1ccc2c(c1)CCO2,91
175838,O=C1CCc2ccc(Br)cc21,44
175844,Cl.NC(CCc1ccccc1)C(=O)O,50
175847,Cl.NC(Cc1ccc(Cl)cc1)C(=O)O,34
175879,Nc1cc(Br)ccc1I,54
175896,N#Cc1ccccc1I,33
175899,COc1ccc(Br)c(OC)c1,30
175902,O=[N+]([O-])c1cc(Br)ccc1F,30
175903,Nc1ccc(F)cc1Br,30
175904,Cc1ccc(F)c(C#N)c1,73
175913,Clc1ccc(Cl)nc1,30
175922,Clc1cccc(I)c1,30
175925,COC(=O)c1ccc(Cl)cn1,77
175926,Cc1cc(Cl)ccn1,58
175934,Clc1ccncc1Br,40
175939,Nc1ccccc1I,30
175950,Brc1ccc2occc2c1,91
175951,COC(=O)c1cc(C)nc(Cl)c1,69
176002,Clc1nc(Cl)c2ccccc2n1,50
176014,Cc1cncc(Br)c1,59
176018,O=C(O)c1ccc(Cl)cn1,38
176020,O=C(O)c1ccc(Br)cc1I,84
176036,Cc1ccc(I)c(C(=O)O)c1,30
176046,O=C(O)c1ccc(Br)cc1,30
176048,Nc1cc(Cl)nc(Cl)c1,58
176056,Nc1cc(Cl)nc(N)n1,26
176059,Fc1cc(Br)cnc1Cl,35
176061,O=C(O)c1cc(F)c(F)cc1Cl,50
176062,Clc1cc(Cl)c(Cl)nc1Cl,36
176065,Clc1nc(Cl)c(Cl)c(Cl)c1Cl,26
176077,OB(O)c1ccccc1Br,60
176081,COC(=O)c1cc(Br)ccc1C,30
176084,CCN(CC)C(=O)c1ccc(Br)cc1,40
176109,Fc1ccc(C(F)(F)F)cc1CCl,36
176112,Fc1ccc(CBr)cc1C(F)(F)F,63
176113,CC(O)C(N)C(=O)O,30
176125,CC(C)(C)OC(=O)N[C@@H](CO)C(=O)O,26
176127,Nc1ncc(C(=O)O)s1,31
176136,Brc1ccc(I)cn1,48
176165,Nc1ncc(F)cc1Br,91
176167,COC(=O)c1ccc(Br)o1,48
176169,O=C(O)c1ncccc1F,90
176183,FC(F)(F)c1ccc(Cl)nc1,30
176190,O=[N+]([O-])c1cccc(Cl)c1Cl,30
176192,COc1cccc(Br)c1,30
176193,FC(F)(F)c1ccc(Br)cc1,30
176206,OB(O)c1ccc(CBr)cc1,83
176241,Nc1ncc(Cl)cc1I,81
176244,FC(F)(F)c1ccnc(Cl)c1,50
176245,Cc1c(N)cccc1Br,45
176254,N#Cc1cc(F)ccc1F,30
176255,FC(F)(F)c1ccc(Br)nc1,30
176256,NCCc1ccc(Br)cc1,58
176259,Fc1ccnc(Cl)c1,58
176284,CC(=O)c1ccc(-c2ccc(Br)cc2)cc1,40
176337,Clc1ncc(I)cn1,76
176338,Nc1cc(C(F)(F)F)ccc1Br,30
176340,O=c1cccc(Cl)[nH]1,29
176343,Nc1ccnc(Cl)n1,48
176346,Nc1nccc(Cl)n1,48
176348,COc1ncc(Br)cc1N,83
176353,Cc1cccc(F)c1C(=O)O,94
176355,O=C(O)c1cc([N+](=O)[O-])ccc1Br,65
176356,O=C(O)c1cc(Br)cnc1Cl,30
176367,Fc1ncccc1Br,46
176368,Fc1cccc(Br)c1C(F)(F)F,74
176379,CC(=O)c1ccc(Br)c(N)c1,85
176389,O=C(O)c1cc(Cl)cnc1Cl,53
176400,Brc1cccc2ccccc12,30
176413,CN(C)C(=O)CCl,54
176456,CCOC(=O)c1nc(N)sc1Br,33
176461,O=C(O)c1ccc(Cl)c(I)c1,38
176472,Clc1ncccc1Br,30
176473,Nc1nc(Cl)c(C=O)c(Cl)n1,83
176476,Clc1ccnc(Cl)c1,30
176479,N#Cc1ccc(F)c(F)c1,30
176504,FC(F)(F)c1cccc(Br)c1,30
176507,Brc1nccs1,30
176511,FC(F)(F)c1cnc(Cl)c(Cl)c1,30
176515,O=[N+]([O-])c1ccccc1Cl,26
176516,Cc1ccc(N)c(Br)c1,30
176545,CCCCCCCCCCCCCCCCCCCCCCBr,33
176572,Nc1nc(-c2ccc(Br)cc2)cs1,41
176573,Nc1ccnc(Br)c1,58
176593,C[C@@H](N)c1ccc(Br)cc1,66
176594,N#Cc1ccccc1Br,30
176598,Clc1cnccn1,30
176599,O=C(O)c1ccc(Br)cc1F,30
176614,Fc1ccc(Br)c2ccccc12,26
176627,Clc1ccc(Br)cc1I,79
176640,CCOC(=O)CCCBr,30
176642,CC(C)Cl,21
176727,O=C([O-])c1cc(Cl)cnc1Cl.[Na+],50
176732,Cc1cc(C)nc(Cl)c1,66
176736,O=[N+]([O-])c1cc(C(F)(F)F)ccc1Cl,26
176737,CC(=O)c1ccccc1Br,34
176741,N#Cc1ccc(N)c(I)c1,54
176752,O=C(O)c1ccc2ccccc2c1Br,78
176755,CCCCCCCCCCl,23
176757,CCOC(=O)C(F)(F)Cl,26
176759,C=C(Cl)CCl,31
176760,ClCCBr,30
176762,CCOC(=O)C(F)(F)Br,36
176771,CC(=O)NCCCl,95
176772,N#Cc1ccc(CBr)cc1,26
176773,ClC(c1ccccc1)(c1ccccc1)c1ccccc1,30
176774,CCCCCCBr,30
176776,BrCC1CCCCC1,33
176778,ClCc1cccc2ccccc12,26
176781,CC(C)(C)Cl,30
176782,CCC(C)Cl,26
176783,CCCCCCCBr,30
176784,O=S(=O)([O-])CCBr.[Na+],26
176849,Nc1ccc(Br)cc1C(=O)c1ccccc1,90
176852,Nc1c(F)cc(I)cc1F,59
176860,Fc1ccc(Cl)c(Br)c1,30
176879,Nc1ncnc2[nH]nc(I)c12,46
176881,Brc1cncs1,76
176895,Cl.ClCCN1CCCC1,30
176903,COc1ccc(C(C)=O)cc1CCl,86
176912,CCC(Br)C(=O)OC,26
176948,Cc1c(Cl)cccc1Br,30
176950,Nc1cc(Cl)cnc1Br,51
176960,Cc1ccc(Cl)nn1,89
176963,COc1ccc(Br)cc1OC,30
177005,Brc1ccc2c(c1)OCCO2,54
177016,C=CCCCCBr,30
177031,C=CCCBr,30
177037,FC(F)Oc1ccccc1CBr,88
177103,COC(=O)c1nc(Br)cnc1N,69
177107,COC(=O)c1cnc(Cl)nc1,74
177143,NCc1cc(F)ccc1Br,75
177168,N#CCS(=O)(=O)c1ccc(Cl)cc1,26
177194,ClCc1ccc(Cl)cc1,30
177208,BrCCCOCc1ccccc1,68
177245,Cl.N[C@H](CC(=O)O)Cc1ccccc1,21
177268,O=C(O)c1cnc(Cl)nc1,98
177270,Brc1ccc2oc3ccccc3c2c1,49
177280,Fc1cccnc1Cl,30
177305,O=C(c1ccccc1)c1cccc(Br)c1,74
177316,Brc1ccc2cn[nH]c2c1,33
177319,O=[N+]([O-])c1cnc(Cl)c(C(F)(F)F)c1,96
177438,COc1cc(N)ccc1Br,38
177447,COc1ccc(N)c(Br)c1.Cl,69
177476,FC(F)(F)c1ccc(Br)cn1,64
177483,Cc1cc(Cl)ccc1C#N,58
177487,O=C(O)c1cc(C(F)(F)F)ccc1Cl,41
177488,O=C(O)c1cc(Cl)c(F)c(Cl)c1,79
177517,BrCCOCc1ccccc1,45
177561,CC(=O)c1ccc(Br)nc1,80
177571,O=[N+]([O-])c1c(F)cccc1Br,83
177572,Fc1cccc(F)c1I,26
177622,O=C(O)c1ccnc(Cl)c1Cl,89
177631,CCCNc1cc(Cl)ncn1,38
177701,COC(=O)c1ccc(Br)nc1,45
177706,COC(=O)c1cnc(Cl)c([N+](=O)[O-])c1,71
177715,Cc1cc(N)ncc1I,68
177716,N#Cc1cc(Br)cnc1Cl,73
177720,O=C(O)c1cc(I)cc(I)c1I,45
177729,FC(F)(F)c1cc(Br)cnc1Cl,56
177740,FC(F)(F)c1cc(I)cc(Cl)n1,93
177742,FC(F)(F)c1ccc(Cl)c(Br)c1,30
177748,COC(=O)c1cc(F)c(F)c(F)c1,30
177814,Fc1cc(F)c(Br)cc1F,30
177815,O=C(O)c1cc(Cl)ncc1Br,76
177818,CCOC(=O)c1ccc(F)cc1Br,21
177832,O=C(O)c1ccc(Cl)cc1[N+](=O)[O-],30
177834,Clc1cccc(Cl)n1,30
177835,COC(=O)c1ccc([N+](=O)[O-])cc1F,75
177859,COC(=O)c1ccccc1I,26
177889,CS(=O)(=O)c1ccc(F)cc1,43
177891,CCOC(=O)c1cnc(Br)s1,41
177894,Nc1ccccc1Br,30
177896,Brc1ccccc1,30
177942,CCOC(=O)c1csc(Br)n1,49
177947,COc1ncc(Cl)cc1Br,49
177957,NS(=O)(=O)c1ccc(F)cc1,21
177961,O=C(O)c1cc(F)ccc1F,30
177968,Cc1cc(Cl)ncc1N,58
178001,COc1cc(Br)ccc1N,44
178002,Brc1ccc2c3c(cccc13)CC2,69
178006,O=C(O)c1c(F)cccc1[N+](=O)[O-],46
178012,CSc1ccccc1I,91
178018,Brc1cccs1,26
178021,Cc1cccc(Br)c1,30
178042,Fc1ccc(C(F)(F)F)c(CBr)c1,48
178059,Ic1c[nH]c2ncccc12,22
178080,Cc1cccc(C(=O)O)c1Cl,34
178084,Br.Nc1ncc(Br)s1,30
178088,NS(=O)(=O)c1cccc(Br)c1,33
178099,Ic1ccc(OCc2ccccc2)cc1,30
178102,Cc1cc(Br)c(Cl)cc1N,45
178127,Nc1ccc(I)cc1Cl,35
178133,CNCc1ccccc1Br,91
178201,O=C(O)c1ccc(Br)c2ccccc12,30
178297,COC(=O)c1cccc(Br)n1,35
178305,C=CC1COC(=O)O1,30
178326,Fc1ccc(CCl)cc1F,36
178425,Fc1cccc(Cl)c1Br,60
178444,N#Cc1ccc(CCl)cc1,39
178464,O=C1c2ccccc2C(=O)N1CCBr,30
178466,Clc1ccc(C(Cl)c2ccccc2)cc1,29
178468,ClCc1c(Cl)cccc1Cl,30
178470,CCOC(=O)c1cnc(SC)nc1Cl,30
178472,Cc1ccc(I)c(Br)c1,30
178527,O=[N+]([O-])c1ccc(CCl)cc1,30
178536,BrCc1cccc(Br)c1,30
178542,O=C(CCl)Nc1ccc(C(F)(F)F)cc1,25
178548,BrC1c2ccccc2-c2ccccc21,48
178629,Fc1cccc(Cl)c1CBr,58
178647,COC(=O)c1cccc(Br)c1C,41
178662,NS(=O)(=O)c1cnccc1Cl,66
178689,Clc1ccccc1I,30
178696,Clc1cc(I)cc(Cl)n1,90
178712,CCOC=CC#N,45
178782,Clc1cncc(Cl)c1Cl,30
178800,N#Cc1cccnc1Cl,30
178807,COc1ccc(OC)c(Br)c1,30
178908,Nc1cccc(I)c1,30
178912,O=C(O)c1cccc([N+](=O)[O-])c1Cl,80
178927,CC(C)(C)OC(=O)CCl,26
178930,FC(F)(F)c1ccc(CBr)cc1,34
178981,N#Cc1ccc(C(F)(F)F)cc1F,61
178989,O=C(O)c1cc(Cl)ncc1C(F)(F)F,74
178995,Cc1cc(N)ncc1Br,26
179039,Cc1cccc(C)c1Br,30
179047,BrCc1ccc2ccccc2c1,36
179063,BrCC1OCCO1,30
179090,IC1COC1,90
179104,Nc1ccc(Cl)cc1Br,30
179105,Ic1cn[nH]c1,26
179127,Clc1ccnc(Br)c1,54
179138,Clc1ccncc1,28
179229,N#Cc1cc(Cl)ccc1Cl,50
179279,FC(F)(F)c1cccc(I)c1,30
179282,Nc1cc(F)ccc1Br,30
179284,Clc1cnc(Br)c(Cl)c1,26
179286,O=C(O)c1ccc(F)cn1,89
179295,N#Cc1ccc(Br)cc1Cl,45
179313,COc1ccc(Br)cc1C(F)(F)F,58
179338,ClCCN1CCCC1,30
179356,COC(=O)c1cc(N)cc(Br)c1,95
179371,O=C(O)c1cc(Cl)ccn1,30
179372,COC(=O)c1cc(Cl)ccc1[N+](=O)[O-],21
179386,Cc1[nH]nc(C(F)(F)F)c1Br,87
179444,FC(F)(F)c1ccc(Br)cc1Cl,30
179480,CCOc1ccc(Br)cn1,33
179490,CC(=O)OCC=C(C)C,26
179525,Nc1cc(OC(F)(F)F)ccc1Br,39
179620,COC(=O)c1ccc(Br)c(C)c1,26
179624,CCCCc1ccsc1Br,25
179637,Cc1n[nH]c2ccc(Br)cc12,91
179750,Nc1ccc(I)c(F)c1,46
179786,Cc1cnc(Cl)cc1N.Cl,67
179835,CCCCC1=NC2(CCCC2)C(=O)N1.Cl,33
179861,N#Cc1ccc(Br)c(Cl)c1,61
179950,CN(C)c1ccc(Br)cn1,93
179974,O=S(=O)(c1ccccc1)n1cccc1,78
179982,COc1ccncc1[N+](=O)[O-],68
179985,CC(C)(C)OC(=O)n1ccc2cc(Br)ccc21,42
179991,CCOC(=O)Cc1ccc([N+](=O)[O-])cc1,26
180023,Nc1nc2c(ncn2[C@H]2C[C@H](O)[C@@H](CO)O2)c(=O)[nH]1.O,34
180037,Nc1cccc(C(F)(F)F)c1Br,78
180043,Nc1ncc(Br)nc1Cl,60
180062,COc1cc(Br)cc(OC)c1OC,48
180144,Brc1cccc(OCc2ccccc2)c1,26
180199,O=C(O)c1ccc(Cl)cc1C(F)(F)F,89
180221,CC(C)C(C)(C)O,97
180246,O=C(O)c1ccc(F)c(C(F)(F)F)c1,60
180265,O=C(O)Cc1cc([N+](=O)[O-])ccc1F,45
180340,Cc1ccc([C@@H](C)N)cc1.Cl,86
180478,COC(=O)c1cccc(N)n1.Cl,23
180502,Cc1cc(C)c(N)c(Br)c1.Cl,39
180548,CCOC(=O)C1CCNCC1,26
180554,NC1CCN(Cc2ccccc2)CC1,30
180606,COc1ccc(Cl)c(Br)c1,36
180674,CC(C)C(NC(=O)c1ccccc1)C(=O)O,57
180727,Nc1ncnc(Cl)c1F,70
180835,Cc1ccccc1N=[N+]=[N-],90
180840,[N-]=[N+]=Nc1ccc(C(=O)O)cc1,89
180871,O=C1OC(O)c2ccccc21.O=Cc1ccccc1C(=O)O,89
180873,CCOC(=O)C1CCCCN1.Cl,41
180874,CC(C)(C)OC(=O)N[C@H]1CCCNC1,58
180880,CC[C@H](N)C(=O)OC.Cl,48
180982,C[C@@H](OC(C)(C)C)[C@H](NC(=O)OCC1c2ccccc2-c2ccccc21)C(=O)O,30
181012,CC(=O)NCCN,45
181015,O=CC(Br)=C(Br)C(=O)O,30
181017,CCOC(=O)N1CCC(N)CC1,50
181020,CCOC(=O)/C=C/C(=O)O,30
181053,CC(C)(C)OC(=O)N[C@@H](CCc1ccccc1)C(=O)O,45
181058,Fc1cc(Cl)cc(Br)c1Cl,44
181061,Cc1ccc(I)cc1C,26
181062,Cc1c(N)ccc(Br)c1Cl,59
181080,COC(=O)c1c(N)cccc1F,66
181089,O=C(O)c1cccc(B(O)O)c1,30
181102,O=C(O)Cc1ccc(Br)cc1F,60
181149,O=C(O)C1CN(C(=O)OCc2ccccc2)C1,81
181157,O=C(O)c1cc(O)c(Br)c(O)c1,30
181159,COC(=O)c1ccc(C)cc1Br,74
181161,Nc1nc(Cl)ncc1Br,98
181162,Fc1cc(Br)cc(F)c1Cl,49
181163,Cc1c(Cl)cc[n+]([O-])c1C,95
181191,CC(C)(C)OC(=O)NCC1CCNCC1,84
181259,O=C(O)c1ccc(B(O)O)cc1F,63
181275,COC(=O)C1CCCCN1.Cl,21
181290,O=C(O)c1sccc1Br,46
181298,CSCCC(NC(C)=O)C(=O)O,30
181310,CC(NC(=O)c1ccccc1)C(=O)O,30
181334,COc1ccc(Br)c(Cl)c1,46
181351,COC(=O)CC1CCNCC1,95
181363,O=C(O)Cc1ccc([N+](=O)[O-])cc1,30
181397,CCOC(=O)c1ccsc1N,21
181428,Cc1cc(Cl)nc(N)n1,30
181432,Cc1ccc(I)c(Cl)c1,44
181456,COC(=O)c1cccc(N)c1,41
181545,Cc1ccc(Br)c(I)c1,79
181547,Cc1c(F)cccc1I,35
181571,CC(C)(C)OC(=O)N1CSC[C@H]1C(=O)O,21
181679,C=C(CC(=O)OC)C(=O)O,49
181748,CCOC(=O)c1cnc(N)nc1C(F)(F)F,98
181813,COC(=O)c1c(N)cccc1Cl,38
181896,COC(=O)c1ccc(F)c(N)c1.Cl,50
181899,O=C(Nc1ccc(C(=O)O)cc1)OCC1c2ccccc2-c2ccccc21,49
182015,CC(C)(NC(=O)OCC1c2ccccc2-c2ccccc21)C(=O)O,33
182038,COC(=O)c1ccc(N)cc1Cl.Cl,53
182061,FC(F)C(F)(F)Oc1cccc(Br)c1,65
182063,Nc1ccc(Cl)nc1Cl,35
182084,CC(C)(C)OC(=O)n1cc(C[C@H](NC(=O)OCC2c3ccccc3-c3ccccc32)C(=O)O)c2ccccc21,40
182105,C[C@H](OCc1ccccc1)[C@@H](NC(=O)OC(C)(C)C)C(=O)O,53
182226,COC(=O)c1cccc(N)c1C,31
182228,COC(=O)c1ccc(C(=O)O)nc1,64
182229,CCOC(=O)CC(=O)O,31
182230,COC(=O)C(N)Cc1ccccc1.Cl,30
182233,COC(=O)c1ccc(F)c(N)c1,53
182236,O=Cc1ccc(B(O)O)cc1,26
182240,COC(=O)c1cc(N)c(F)cc1F,81
182343,Cl.NCc1cccc(I)c1,86
182375,COC(=O)c1cc(Cl)ccc1N,21
182381,O=C(O)C(O)c1ccc(Br)cc1,36
182384,COC(=O)c1ccsc1N,31
182387,O=C(O)C1CCN(C(=O)OCc2ccccc2)CC1,44
182421,CNCCN(C)C(=O)OC(C)(C)C,74
182428,C[C@@H]1CN(C(=O)OC(C)(C)C)CCN1,49
182430,CC(C)(C)OC(=O)c1ccc(N)cc1,30
182443,COC(=O)c1cnccc1N,53
182514,CCOC(=O)c1cccc(N)c1,29
182520,CCOC(=O)CNC.Cl,30
182601,COC(=O)c1ccc(N)cc1F.Cl,48
182655,COC(=O)c1ccccc1S(=O)(=O)Cl,40
182668,O=C(O)c1c(F)cc(Br)cc1F,35
182670,O=C(O)c1cccc([N+](=O)[O-])c1O,76
182672,O=C(O)CCc1ccc(Br)cc1,46
182676,CCOC(=O)c1cccnc1N,46
182696,CC(C)(C)OC(=O)CCN.Cl,51
182706,COC(=O)[C@H](N)Cc1c[nH]c2ccccc12.Cl,30
182722,COC(=O)c1ccc(N)cc1OC,33
182737,CC(C)(C)OC(=O)NCCC(=O)O,30
182748,O=C(O)c1ccnc(Br)c1,30
182775,CC(C)(C)OC(=O)N1CCCC(N)C1,50
182792,COC(=O)C1CCC(C(=O)O)CC1,56
182806,CC(C)(C)OC(=O)N1CCN(c2ccc(N)nc2)CC1,35
182817,CCOC(=O)c1c(N)sc2c1CCN(C(=O)OCC)C2,47
182829,CC(=O)NC(C)C(=O)O,30
182831,CCCCC(N)C(=O)OC.Cl,50
182833,O=C(O)c1cc2cc(Br)ccc2oc1=O,50
182839,CNCC(=O)OC(C)(C)C.Cl,53
182870,O=C(O)COc1ccc(Br)cc1,33
182912,COC(=O)c1cccc(C(=O)O)n1,70
182922,COC(=O)c1csc(N)n1,29
182931,C[C@@H](N)C(=O)OC(C)(C)C.Cl,65
182932,CC(C)(C)OC(=O)[C@@H](N)c1ccccc1,69
182943,O=C(O)c1ccc([N+](=O)[O-])cc1,41
182950,O=C(O)c1cccc([N+](=O)[O-])c1,30
182958,COC(=O)CCCC(=O)O,46
182989,COC(=O)[C@@H](N)CCCNC(=N)N[N+](=O)[O-].Cl,26
182991,COC(=O)c1cc(OC)c(OC)cc1N,30
183034,COC(=O)c1cc(OC)ccc1N,79
183043,O=C(O)c1cnc2ccc(Br)cc2c1O,86
183053,COC(=O)[C@@H](C)N.Cl,29
183054,Cl.NCC(=O)OCc1ccccc1,21
183055,CC(C)[C@H](N)C(=O)OC(C)(C)C.Cl,45
183059,CC(C)C[C@@H](N)C(=O)OC(C)(C)C.Cl,74
183077,O=C(O)CNC(=O)c1ccccc1I,81
183078,O=C(O)Cc1ccccc1[N+](=O)[O-],30
183080,O=C(O)c1cc(I)ccc1O,26
183111,O=Cc1ccc(B(O)O)o1,49
183127,CC(C)(C)OC(=O)N[C@H]1CC[C@H](N)CC1,94
183136,CC(=O)N1CCC(C(=O)O)CC1,30
183173,CC(C)(C)OC(=O)NCC1CCCNC1,91
183178,CCN(CC(=O)O)C(=O)OC(C)(C)C,88
183194,O=C(O)Cc1cc(F)ccc1Br,83
183195,O=C(O)c1cc([N+](=O)[O-])cc(C(F)(F)F)c1,45
183223,CCOC(=O)c1c(N)sc(C)c1C,58
183255,CO[C@H](C)[C@H](NC(=O)OC(C)(C)C)C(=O)O,76
183307,CCOC(=O)[C@H]1CCCNC1,40
183328,CC(=O)Nc1ccc(CC(=O)O)cc1,73
183355,Cc1cc(C(=O)O)ccc1[N+](=O)[O-],30
183360,CC(=O)Nc1ccc(N)cc1,30
183363,COC(=O)c1ccc(N)cc1,39
183369,CC(=O)NCC(=O)O,30
183444,CC(C)(C)OC(=O)N1CC[C@H](N)C1,59
183450,Cc1c(C)c(S(=O)(=O)NC(=N)NCCC[C@H](NC(=O)OCC2c3ccccc3-c3ccccc32)C(=O)O)c(C)c2c1OC(C)(C)C2,35
183467,COC(=O)C[C@H](N)c1ccccc1.Cl,89
183486,COC(=O)CCCCC(=O)O,26
183541,CCOC(=O)c1cnc(Cl)nc1C(F)(F)F,90
183572,O=C(O)c1cccc(Br)c1O,86
183581,COC(=O)c1ccc(N)c(F)c1,40
183586,O=C(O)c1ccc([N+](=O)[O-])cn1,60
183594,CC(C)(C)OC(=O)N1CCCNCC1.Cl,63
183601,CC(C)(C)OC(=O)Nc1ccccc1C(=O)O,91
183603,CC(C)(C)OC(=O)N[C@@H](C(=O)O)c1ccccc1,30
183627,CC(C)[C@H](N)C(=O)OC(C)(C)C,36
183637,O=C(O)[C@@H]1C[C@@H](O)CN1C(=O)OCC1c2ccccc2-c2ccccc21,21
183687,O=C(O)Cc1ccc(Cl)cc1Br,90
183710,O=C(O)c1cc(Br)cs1,45
183711,COC(=O)c1cccnc1N,63
183726,COC(=O)C(C)(C)N.Cl,49
183750,CC(=O)N1CSC[C@H]1C(=O)O,21
183788,COC(=O)c1cc(F)ccc1N,34
183789,CCOC(=O)CC1CCNCC1,91
183795,COC(=O)c1c(N)sc(C)c1C,32
183813,O=Cc1ccc(O)c(C(=O)O)c1,49
183877,O=C(O)c1ccc(O)c([N+](=O)[O-])c1,21
183882,CCOC(=O)c1c(N)sc2c1CCCC2,39
183884,CCOC(=O)c1c(-c2ccc(Cl)cc2)csc1N,95
183885,CCOC(=O)CCNCc1ccccc1,25
183929,O=C(O)c1ccc(O)c(Br)c1,35
183934,COC(=O)c1cc(C)ccc1N.Cl,24
183949,CC(=O)NC(C(=O)O)c1ccccc1,21
183959,Cc1c(Br)cccc1C(F)(F)F,79
183986,CCOC(=O)c1cc(CC)sc1N,74
183988,COC(=O)c1c(N)sc2c1CCC2,90
183996,O=C(O)c1ccc(C(F)(F)F)cc1[N+](=O)[O-],33
184002,CC(C)(C)OC(=O)Nc1ccc(N)cc1,81
184005,O=C(O)c1n[nH]cc1[N+](=O)[O-],44
184006,O=C(O)COc1cccc([N+](=O)[O-])c1,80
184028,O=C(N[C@@H](Cc1cn(C(c2ccccc2)(c2ccccc2)c2ccccc2)cn1)C(=O)O)OCC1c2ccccc2-c2ccccc21,30
184079,CCOC(=O)c1ccc(Br)s1,58
184088,N#Cc1c(F)cc(Br)cc1F,80
184116,CCOC(=O)C1CCCCN1,43
184118,CC(C)(C)OC(=O)N1CCNCC1,30
184122,COc1ccc([N+](=O)[O-])c(C(=O)O)c1,33
184125,O=Cc1ccccc1B(O)O,29
184151,O=C(O)CCc1cccc([N+](=O)[O-])c1,48
184152,Cl.NCCC(=O)OCc1ccccc1,26
184175,O=C(O)c1c(F)ccc(Br)c1F,97
184180,O=C(O)Cc1ccc(I)cc1,46
184200,COc1ccc(B(O)O)cc1C=O,78
184369,CCOC(=O)CNc1ccccc1,46
184543,COc1ccc(C=O)c(C)c1C,89
184545,CCOC(=O)c1ccc(F)c(N)c1,81
184648,O=C(O)CCCCCNC(=O)OCC1c2ccccc2-c2ccccc21,29
184720,CC[C@H](NC(=O)OC(C)(C)C)C(=O)O,39
184728,O=C(O)[C@@H]1Cc2ccccc2CN1C(=O)OCC1c2ccccc2-c2ccccc21,41
184746,CC(C)(C)OC(=O)NC[C@H]1CC[C@H](C(=O)O)CC1,53
184757,CC1(C)OB(c2cccc(C=O)c2)OC1(C)C,94
184761,COC(=O)C1CCCN1.Cl,40
184763,O=C(O)c1cc([N+](=O)[O-])c(F)c(F)c1F,81
184795,O=C(N[C@@H](CC1CCCCC1)C(=O)O)OCC1c2ccccc2-c2ccccc21,67
184799,C[C@@H](OC(C)(C)C)[C@H](NC(=O)OC(C)(C)C)C(=O)O,22
184824,CC(C)(C)OC[C@H](NC(=O)OCC1c2ccccc2-c2ccccc21)C(=O)O,30
184839,COC(=O)N1CCNCC1.Cl,79
184843,O=C(O)CCCCCCNC(=O)OCC1c2ccccc2-c2ccccc21,91
184899,COC(=O)c1nccnc1N,30
184908,COC(=O)C1NCCS1.Cl,35
184936,CC[C@H](C)CBr,76
184945,CCOC(=O)Cc1csc(N)n1,30
184953,CCOC(=O)CCCN.Cl,36
184955,CC1CNCCN1C(=O)OC(C)(C)C,81
184978,CC(=O)N1C[C@H](O)C[C@H]1C(=O)O,21
185004,CCOC(=O)CCN,30
185011,CC(C)(C)OC(=O)N[C@@H](CCCNC(=N)N[N+](=O)[O-])C(=O)O,30
185082,CC(C)(C)OC(=O)N[C@H]1CC[C@H](C(=O)O)CC1,71
185093,COC(=O)c1ccc(N)cc1F,51
185135,O=C(N[C@H](CCc1ccccc1)C(=O)O)OCC1c2ccccc2-c2ccccc21,70
185175,O=C(N[C@H](COCc1ccccc1)C(=O)O)OCC1c2ccccc2-c2ccccc21,31
185206,COC(=O)C(N)Cc1c[nH]c2ccccc12,34
185228,CC(=O)NCSC[C@H](NC(=O)OCC1c2ccccc2-c2ccccc21)C(=O)O,40
185232,CC(C)(C)OC(=O)N[C@@H](Cc1cn(C(c2ccccc2)(c2ccccc2)c2ccccc2)cn1)C(=O)O,30
185242,NCCC(=O)OCc1ccccc1,26
185315,CC(=O)NCCCC[C@H](NC(=O)OCC1c2ccccc2-c2ccccc21)C(=O)O,85
185335,CC1(C)OB(c2ccc(C(=O)O)cc2)OC1(C)C,21
185356,O=C(N[C@@H](Cc1ccc(Cl)cc1)C(=O)O)OCC1c2ccccc2-c2ccccc21,57
185362,O=C(N[C@@H](Cc1ccccc1F)C(=O)O)OCC1c2ccccc2-c2ccccc21,81
185403,CC(C)[C@@H](N)C(=O)OC(C)(C)C.Cl,41
185433,O=C(Nc1ccccc1C(=O)O)OCC1c2ccccc2-c2ccccc21,41
185543,C1=C\CCCC\C=C/1,50
185555,CCOC(=O)C(C)N.Cl,30
185740,CC(C)c1nc(N(C)S(C)(=O)=O)nc(-c2ccc(F)cc2)c1CO,21
185765,CC(C)(C)OC[C@H](NC(=O)OC(C)(C)C)C(=O)O,46
185901,CCOC(=O)c1cc(C)ccc1N,21
185946,CCOC(=O)c1cnn(-c2ccc(F)cc2)c1N,88
185963,COC(=O)[C@@H](N)Cc1ccccc1.Cl,26
185990,N#Cc1cccc(B(O)O)c1,49
185993,OB(O)c1cccnc1,36
185994,OB(O)c1ccccc1F,33
185999,CCc1ccc(B(O)O)cc1,30
186003,Cc1ccc(B(O)O)cc1C,26
186016,COc1ccc(B(O)O)cc1C,81
186056,Cc1ccsc1C(=O)O,45
186057,O=C(O)C(F)F,34
186096,O=C(O)c1ccn[nH]1,31
186272,O=C(O)Cc1cccc(F)c1,30
186280,O=C(O)C1(c2ccc(Cl)cc2)CCC1,86
186300,O=C(O)c1ccnc(F)c1,40
186369,CCOC(=O)C1CNC1.Cl,73
186410,CC1(C)OB(c2cccs2)OC1(C)C,48
186429,OB(O)C1CC1,78
186430,Cc1ccc(Cl)cc1B1OC(C)(C)C(C)(C)O1,93
186444,CC(C)(C)OC(=O)N1CCC(n2cc(B3OC(C)(C)C(C)(C)O3)cn2)CC1,84
186514,O=C(O)c1ccncn1,43
186636,OB(O)c1ccncc1,40
186646,COc1cc(/C=C/C(=O)O)cc(OC)c1,48
186653,O=C(O)C1CCN(c2ccc(C(F)(F)F)cn2)CC1,75
186657,O=C(O)CCSc1ccccc1,26
186659,Cc1cc(F)cc(C(=O)O)c1,71
186661,O=C(O)c1cc(OCC(F)(F)F)ccc1OCC(F)(F)F,36
186662,O=C(O)c1ccc2cc[nH]c2c1,49
186663,O=C(O)c1cccc2[nH]ccc12,88
186666,O=C(O)Cc1ccc2c(c1)OCO2,30
186667,O=C(O)c1cccnc1C(F)(F)F,61
186707,O=C(O)Cc1ccc(F)c(F)c1,48
186786,OB(O)c1cccc2cccnc12,89
186797,CC(C)Oc1ccc(B(O)O)cc1,39
186798,CC1(C)OB(c2ccoc2)OC1(C)C,76
186812,OB(O)c1ccc(F)c(C(F)(F)F)c1,74
186953,COc1cc(B(O)O)ccc1F,84
186964,OB(O)c1c(Cl)cccc1Cl,33
186971,COCc1ccc(B(O)O)cc1,48
187096,OB(O)c1ccc(OCc2ccccc2)cc1,40
187106,OB(O)c1ccccc1,30
187107,Cc1ccc(F)c(B(O)O)c1,78
187151,O=C(O)Cc1ccc(C(F)(F)F)cc1,36
187155,O=C(O)CCc1cccc(Cl)c1,66
187173,Cn1ccnc1C(=O)[O-].[Na+],80
187177,O=C(O)c1c(Cl)ncnc1Cl,76
187191,O=C(O)Cc1ccc(F)cc1F,45
187249,OB(O)c1cc(F)ccc1F,38
187259,COc1ncccc1B(O)O,64
187262,CC1(C)OB(Cc2ccccc2)OC1(C)C,96
187264,CC1(C)OB(c2ccccc2[N+](=O)[O-])OC1(C)C,80
187282,COc1ncccc1C(=O)O,30
187336,CC(C)(C)OC(=O)N[C@@H](Cc1ccc(Cl)cc1)C(=O)O,81
187387,OB(O)c1c(F)cccc1Cl,76
187411,Cc1ccc(C(=O)O)cn1,39
187420,COc1ccc(F)cc1C(=O)O,49
187531,CCCc1ccc(B(O)O)cc1,45
187534,COc1cccc(F)c1B(O)O,41
187537,OB(O)c1ccccc1-c1ccccc1,75
187553,CC1(C)OB(c2ccc(F)nc2)OC1(C)C,83
187566,CCc1noc(C)c1C(=O)O,95
187571,O=C(O)CC1C=CCC1,93
187586,O=C(O)c1ccc(OCC(F)(F)F)cc1,86
187703,COc1ccc(B(O)O)c(F)c1,52
187705,Cc1ccc(B(O)O)c(F)c1,25
187707,CCOc1ccc(B(O)O)cc1,36
187729,OB(O)C1CCCC1,95
187851,OB(O)c1ccccc1OCc1ccccc1,99
187852,CC1(C)OB(c2ccnn2C2CCCCO2)OC1(C)C,39
187854,COc1ccc(F)cc1B(O)O,35
187856,COc1cccc(B(O)O)c1F,60
187903,COc1ccc(OC(C)C(=O)O)cc1,89
188010,CC(=O)c1cccc(B(O)O)c1,55
188011,OB(O)c1ccc(Cl)cc1Cl,34
188012,COc1ccc(B(O)O)cn1,40
188023,OB(O)c1ccc(F)nc1,46
188024,OB(O)c1ccccc1Cl,35
188090,O=C(O)Cc1cccc(O)c1,30
188170,OB(O)c1cccc(O)c1,45
188176,Cc1noc(C)c1B(O)O,60
188181,Cc1noc(C)c1B1OC(C)(C)C(C)(C)O1,50
188217,Nc1ccc(B(O)O)cc1,69
188246,COc1cc(C(=O)O)ccn1,41
188248,COc1cccc(CCC(=O)O)c1,28
188252,Cl.O=C(O)C1CCCCN1Cc1ccccc1,89
188277,CCOC(=O)CCCCCCBr,41
188296,COC(=O)[C@@H]1CCCCN1.Cl,71
188327,O=C(N[C@@H](COC(c1ccccc1)(c1ccccc1)c1ccccc1)C(=O)O)OCC1c2ccccc2-c2ccccc21,25
188349,CC1(C)OB(c2cccnc2)OC1(C)C,48
188361,OB(O)c1cc2ccccc2s1,76
188363,CC1(C)OB(c2ccc(N)cc2)OC1(C)C,40
188372,Cc1cc(C)cc(B(O)O)c1,36
188405,O=C(O)CCc1ccc(F)cc1,99
188439,CC(C)(C)c1cc(CCC(=O)O)cc(C(C)(C)C)c1O,38
188523,OB(O)c1ccc2ccccc2c1,30
188526,COc1ccc(B(O)O)cc1OC,41
188539,OB(O)c1ccc(F)c(F)c1,30
188540,OB(O)c1ccccc1C(F)(F)F,29
188589,CC(=O)Oc1ccc(C(=O)O)cc1,36
188605,COCCC(=O)O,73
188606,O=C(O)c1cc2ccccc2s1,58
188721,O=C(O)[C@@H](O)Cc1ccccc1,33
188753,O=C(O)COc1ccc2ccccc2c1,30
188776,CC/C=C/C(=O)O,41
188777,O=C(O)CSc1ccc(F)cc1,60
188823,Cc1cccc(/C=C/C(=O)O)c1,50
188825,Cc1cc(C)cc(C(=O)O)c1,30
188843,Cc1cc(F)ccc1B(O)O,90
188851,CS(=O)(=O)c1ccc(B(O)O)cc1,61
188878,Cc1c(O)cccc1C(=O)O,30
188933,O=C(O)Cc1ccc(O)cc1,30
188954,CCC/C=C/C(=O)O,29
189016,CC1(C)OB(c2cc(Cl)cc(Cl)c2)OC1(C)C,81
189092,O=C(O)c1ccc2nccnc2c1,74
189109,CN(C)c1ccccc1C(=O)O,89
189152,Cn1cc(C(=O)O)c2ccccc21,60
189302,Cc1ccc(C(=O)O)c2ccccc12,55
189362,O=C(O)/C=C/c1cccc(C(F)(F)F)c1,21
189386,Cc1ccc(CCC(=O)O)cc1,49
189395,CSc1ccccc1C(=O)O,30
189402,O=C(O)c1cnn2cccnc12,79
189417,CC(CO)(CO)C(=O)O,30
189426,O=C(O)c1cc(Br)c(O)c(Br)c1,21
189458,O=C(O)Cc1cc(F)ccc1F,39
189472,O=C(O)c1cnc(Cl)cc1Cl,73
189481,O=C(O)c1ccccn1,30
189482,Cc1c(F)cccc1C(=O)O,71
189487,CCCCC(=O)O,26
189494,COc1ccc2cc(C(=O)O)ccc2c1,63
189496,C=CC(=O)O,30
189500,COc1ccc(/C=C/C(=O)O)cc1,30
189525,O=C(O)c1ccc(C(F)(F)F)c(Cl)c1,54
189552,CN(C)CCN(C)CCO,42
189582,Cc1ncsc1C(=O)O,58
189583,O=C(O)c1sc2ccccc2c1Cl,66
189598,O=C(O)c1ccccc1OC(F)F,90
189607,O=C(O)CCc1c[nH]c2ccccc12,30
189608,CCCCOc1ccc(C(=O)O)cc1,30
189611,COc1cccc(C(=O)O)c1O,30
189659,C=CCCCCCCCCC(=O)O,26
189665,N#CCC(=O)O,30
189666,CCCCCC(=O)O,26
189667,C=C(C)C(=O)O,30
189769,COc1ccc2c(c1)c(CC(=O)O)c(C)n2C(=O)c1ccc(Cl)cc1,30
189771,O=C(O)c1cccc2ccccc12,30
189772,O=C(O)c1cccc[n+]1[O-],41
189782,Cc1ccc(C)c(C(=O)O)c1,30
189788,O=C(O)c1c2ccccc2cc2ccccc12,41
189789,CC(C)c1ccc(C(=O)O)cc1,34
189791,O=C(O)C1c2ccccc2Oc2ccccc21,38
189792,COc1ccc(CCC(=O)O)cc1,30
189793,O=C(O)CC(c1ccccc1)c1ccccc1,30
189794,COc1ccc(C(=O)O)c(OC)c1OC,30
189796,Cc1cc(C(=O)O)no1,35
189826,O=C(O)C1(c2ccccc2)CC1,48
189843,O=C(O)c1ccco1,26
189858,C=C(Cl)C(=O)O,85
189924,CC(C)(C)OC(=O)N[C@@H](Cc1ccc(I)cc1)C(=O)O,46
189955,Cc1cccc(OCC(=O)O)c1,76
189959,Cc1ccccc1C(=O)NCC(=O)O,84
189966,O=C(O)CCCc1cccs1,78
189973,O=C(O)CCc1cccc(C(F)(F)F)c1,59
189981,COc1cc(OC)cc(C(=O)O)c1,30
190005,O=C(O)c1cccc(F)c1,30
190009,O=C(O)CCOc1ccccc1,79
190019,Cc1ccc2cc(C(=O)O)ccc2n1,58
190099,COC(=O)c1sc(Cl)cc1S(=O)(=O)Cl,45
190141,COc1cccc(CC(=O)O)c1,30
190145,COc1ccc(C(=O)O)c(O)c1,40
190150,Cc1c([N+](=O)[O-])cc(C(=O)O)cc1[N+](=O)[O-],21
190155,CCCCCOc1ccc(C(=O)O)cc1,49
190156,O=C(O)c1cccc(O)c1O,26
190166,Cn1cccc1C(=O)O,70
190179,CC(F)(F)C(=O)[O-].[Na+],85
190210,CC(=O)OCC1=C(C(=O)O)N2C(=O)[C@@H](NC(=O)Cc3cccs3)[C@H]2SC1,21
190226,O=C(O)c1cnccc1C(F)(F)F,65
190241,O=C1CC[C@H](C(=O)O)N1,30
190243,CC(C)C(=O)O,26
190246,O=C(O)C1CC1,26
190289,O=C(O)Cc1cccnc1,30
190295,COc1ccc(OC)c(CC(=O)O)c1,83
190300,COc1cc(OC)c(C(=O)O)cc1OC,30
190344,Cc1ccc(OCC(=O)O)cc1C,59
190359,CCN(CC)CC(=O)O.Cl,87
190383,O=C(O)CCSC(c1ccccc1)(c1ccccc1)c1ccccc1,21
190396,CCCC(C)C(=O)O,26
190536,CC(C)(C)OC(=O)NCCC[C@H](NC(=O)OCC1c2ccccc2-c2ccccc21)C(=O)O,75
190545,C/C=C/C=C/C(=O)O,30
190556,O=C(O)c1ccc2cc(O)ccc2c1,30
190569,O=C(O)C12CC3CC(CC(C3)C1)C2,26
190700,O=C(O)CCc1ccc(C(F)(F)F)cc1,33
190703,Cc1ccc(S(=O)(=O)N2CCC[C@H]2C(=O)O)cc1,41
190738,COc1ccc(CC(=O)O)cc1OC,30
190741,O=C(O)COc1cccc(Cl)c1,23
190744,CCC=C(C)C(=O)O,33
190747,CCCCCCCCCCCCCCCC(=O)O,30
190750,CCOC(=O)N1CSCC1C(=O)O,30
190754,O=C(O)c1cc(Br)c(Br)s1,57
190766,COC(=O)CCCCCCN.I,75
190796,COc1ccc(CCCC(=O)O)cc1,55
190916,O=C(O)C1CC=CCC1,30
190920,O.O=C(O)c1cc(=O)[nH]c(=O)[nH]1,26
190921,O=C(O)C1CCCC1,41
190965,Cc1ncccc1C(=O)O,51
190967,Cc1ncc(C(=O)O)s1,63
190974,O=C(O)c1ccc(C(F)(F)F)nc1,68
191011,Cc1cc(C(=O)O)ccn1,96
191068,O=C(O)CC1NC(=O)NC1=O,33
191091,O=C(O)C(F)(F)C(F)(F)C(F)(F)F,28
191094,Cc1ccccc1C(=O)O,30
191145,O=C(O)CCCNC(=O)c1cccnc1,31
191188,O=C(O)C1CCc2ccccc2O1,66
191189,COC(=O)N1CCC(C(=O)O)CC1,68
191251,O=C(O)/C=C/c1ccccc1C(F)(F)F,39
191256,COc1ccc(/C=C/C(=O)O)cc1O,31
191258,O=C(O)Cc1ccc(F)cc1,30
191267,COc1ccc(OCC(=O)O)cc1,46
191334,COc1cc(C(=O)O)ccc1O,30
191384,C=CC(=O)OCCC(=O)O,59
191387,O=C(O)C1(c2ccc(Cl)cc2)CC1,80
191405,COc1c(F)c(F)cc2c(=O)c(C(=O)O)cn(C3CC3)c12,66
191414,CC(C)c1ccc(/C=C/C(=O)O)cc1,97
191512,Cc1ccc(C(=O)O)cc1C,39
191516,Cn1cc(CC(=O)O)c2ccccc21,46
191545,C[N+](C)(C)CCCBr.[Br-],21
191547,O=C(O)C(F)(F)C(F)(F)Cl,98
191573,O=C(O)CCc1ccccc1O,31
191580,O=C(O)c1ccc([N+](=O)[O-])cc1[N+](=O)[O-],65
191603,CCC[C@H]1CC[C@H](c2ccc(C(=O)O)cc2)CC1,29
191621,O=C(O)Cc1cc(F)c(F)c(F)c1,88
191675,O=C(O)c1c(Cl)ccnc1Cl,73
191690,O=C(O)/C=C/c1c(F)cccc1F,29
191711,CCCCOCC(=O)O,92
191714,Cn1ccnc1C(=O)[O-].[Li+],80
191792,CCCCC(CC)CCC(=O)O,95
191793,O=C(O)CCCCC[P+](c1ccccc1)(c1ccccc1)c1ccccc1.[Br-],21
191820,O=C(O)C1CCCc2ccccc21,66
191883,O=C([O-])Cc1c[nH]c2ccccc12.[K+],21
191885,O=C(O)C(Sc1ccccc1)c1ccccc1,21
191956,Cn1cncc1C(=O)O,96
191964,CCC/C=C/C=C/CO,70
191965,Fc1cccc(C(F)(F)F)c1CBr,69
192009,COc1ccccc1CCC(=O)O,38
192028,O=C(O)/C=C/c1ccccn1,53
192166,O=C(O)/C=C/c1ccncc1,39
192172,O=C(O)c1cc(F)ccc1C(F)(F)F,81
192351,O=C(O)/C=C/c1ccc(F)c(Cl)c1,84
192356,O=C(O)/C=C/c1cccc2ccccc12,47
192406,Cc1occc1C(=O)O,88
192432,CO[C@H](C(=O)O)c1ccccc1,78
192434,CN[C@@H](C)C(=O)OC(C)(C)C.Cl,98
192436,O=[N+]([O-])C1(Br)COCOC1,21
192483,O=C(O)c1ccc(-c2cccc(C(F)(F)F)c2)cc1,93
192490,CCOc1cc(C(=O)O)cc(OCC)c1OCC,30
192549,N#CCC(=O)OCc1ccccc1,68
192572,O=C(O)c1cc(O)c(C(=O)O)cc1O,44
192595,O=C(O)c1cnc2cc(C(F)(F)F)ccc2c1O,68
192627,CCOC(=O)c1coc(Cl)n1,94
192628,CCOC(=O)C(C)C#N,59
192631,CCOC(=O)C1CCCN(C(=O)OC(C)(C)C)C1,46
192668,O=C(O)COc1cccc(Cl)c1Cl,76
192727,CCOC(=O)CSC,33
192743,CCC(=O)c1nccs1,69
192754,CCCC/C=C/C(C)=O,36
192836,COC(=O)Cc1ccc(OCc2ccccc2)cc1,99
192840,CCOC(=O)c1ccc(C#N)cc1,23
192847,COC(=O)c1cc(OC)c(OC)c(OC)c1,30
192851,CCOC(=O)c1cc[nH]c1C,42
192919,CCCCOC(=O)c1ccccc1,21
192922,CCOC(=O)C(C(=O)OCC)c1ccccc1,30
192923,CC(=O)OCC(COC(C)=O)OC(C)=O,26
192928,CCOC(=O)C(F)F,26
192940,CCOC(=O)C=P(c1ccccc1)(c1ccccc1)c1ccccc1,30
192941,CCOC(=O)C1(C#N)CCOCC1,64
192976,COC(=O)c1cc2ccccc2[nH]1,45
193055,CCOC(=O)COc1cccnc1,69
193060,COC(=O)CC(OC)OC,29
193062,COC(=O)c1cncc(C)c1,70
193071,CCOC(=O)c1cccnc1,30
193072,CCOC(=O)C1CCCCN1C,21
193075,CCOC(=O)C(CC(C)C)C(=O)OCC,41
193078,CCOC(=O)c1ccccc1,26
193082,CCOC(=O)C(NC(=O)OC(C)(C)C)C(=O)OCC,62
193084,CCOC(=O)C(=O)OCC,30
193089,CC(=O)Oc1ccc(OC(C)=O)cc1,21
193109,CC(C)(C)OC(=O)C(=O)OC(C)(C)C,33
193135,C=CCN(CC=C)CC=C,37
193191,COC(=O)c1ccc(C#N)cc1,26
193279,COC(=O)c1sccc1C,60
193285,CCOC(=O)Cc1ccc(F)cc1,46
193304,COC(=O)c1ccc(OC)c(OC)c1,31
193305,CCOC(=O)Cc1cccnc1,48
193407,CCOC(=O)C(C#N)CC(OCC)OCC,58
193410,CCOC(=O)C(Cc1ccccc1)C(=O)OCC,30
193435,CCCCCOC(=O)c1ccccc1C(=O)OCCCCC,21
193442,CC1=CC(=O)C(C(C)C)CC1,53
193495,CCCCOc1ccc(CC(=O)O)cc1,73
193496,Nc1ccc(N)nc1,59
193551,COC(=O)CC(C(=O)OC)C(=O)OC,44
193555,COC(=O)Cc1ccc(F)cc1,36
193604,COC(=O)Nc1nc2ccc(C(=O)c3ccccc3)cc2[nH]1,27
193650,CCCCC(C)=O,31
193670,CC(C)=CCC/C(C)=C/C(=O)O,34
193698,O=C(O)[C@]1(O)C[C@@H](O)[C@@H](O)[C@H](O)C1,31
193752,CC1SCCC1=O,80
193761,O=C1CCN(C(=O)OCc2ccccc2)C1,65
193826,O=C1CCCC1C1CCCC1,54
193962,CC(=O)C(C)=NO,46
193976,O=C(Cn1cncn1)c1ccc(F)cc1F,26
193981,CC(C)(C)OC(=O)N1CCC(=O)C(F)C1,80
194038,O=C(O)C1CN(C(c2ccccc2)c2ccccc2)C1,39
194041,Cc1nnc(SCC2=C(C(=O)[O-])N3C(=O)[C@@H](NC(=O)Cn4cnnn4)[C@H]3SC2)s1.[Na+],26
194078,CC/C=C(\C)C(=O)O,31
194093,O=C(O)c1ccc(C(F)(F)F)cc1,30
194102,CCC[C@H]1CC[C@H](C(=O)O)CC1,26
194150,CC(C)(C)OC(=O)N1CCC(=O)C(F)C1.O,69
194172,CC(C)=C1CC[C@@H](C)CC1=O,79
194208,O=C1C=CCCC1,30
194226,CC(=O)c1ccc(C)c(C)c1,30
194228,O=C(O)CC(c1ccccc1)(c1ccccc1)c1ccccc1,73
194251,Cc1cc(C)c(C(=O)O)cc1C,91
194343,Cl.O=C1CCNC1,53
194379,CC1CCCC(C)C1=O,35
194436,O=C(O)Cc1cccc(C(F)(F)F)c1,46
194450,CC(=O)Oc1cccc(C(=O)O)c1C,69
194462,CCOC(=O)C1(C#N)CC1,54
194468,COC(=O)c1cccc(C)c1,21
194473,CCOC(=O)C1(C(=O)OCC)CC1,33
194492,COC(=O)c1cc(OC)c(Cl)c([N+](=O)[O-])c1,57
194498,COC(=O)c1ccc([N+](=O)[O-])c(C)c1,95
194555,CCCCC[C@H]1CC[C@H](C(=O)O)CC1,36
194562,O=C(O)c1cncc(F)c1,41
194572,Cc1cc(C(=O)O)ccc1O,49
194580,CC(C)(C)OC(=O)N[C@@H](CNC(=O)OCC1c2ccccc2-c2ccccc21)C(=O)O,95
194586,CCOC(=O)c1cccc([N+](=O)[O-])c1C(=O)O,86
194605,COC(=O)c1ccc[nH]1,34
194639,CC(=O)/C=C/c1ccccc1,30
194708,CC(C)(C)OC(=N)C(Cl)(Cl)Cl,41
194712,Cc1nc(Cl)nc(Cl)c1[N+](=O)[O-],88
194719,Cc1cc([N+](=O)[O-])cc[n+]1[O-],36
194729,COc1ccc(N)c(S(=O)(=O)O)c1,60
194745,Sc1cccc(Cl)c1,70
194750,Cc1ccc(=O)[nH]n1,31
194762,Nc1cccc(C(=O)O)c1N,70
194766,CC(=O)N[C@@H](CC(=O)O)C(=O)O,66
194767,O=C1COCC(=O)O1,48
194768,CC1(C)[C@@H](C(=O)O)CC[C@@]1(C)C(=O)O,30
194783,O=C1O[C@H](CO)[C@@H](O)[C@H](O)[C@H]1O,26
194791,NCCCOCCOCCOCCCN,29
194797,O=c1[nH]cnc2c1ncn2[C@@H]1O[C@H](CO)[C@@H](O)[C@H]1O,30
194807,CC1(C)[C@H]2CC[C@@]13CS(=O)(=O)N[C@H]3C2,36
194826,c1cc2ccc1CCc1ccc(cc1)CC2,30
194827,COc1ccc(F)cc1[N+](=O)[O-],21
194845,O=c1[nH]c2cc(Cl)ccc2o1,30
194847,O=S(=O)(O)c1ccccc1,26
194849,O=[N+]([O-])c1cccc2[nH]ccc12,88
194854,CCOc1ccc(F)cc1,57
194941,Nc1ncnc2c1ncn2[C@@H]1O[C@H](COP(=O)(O)OP(=O)([O-])OP(=O)([O-])O)[C@@H](O)[C@H]1O.[Na+].[Na+],73
194965,O=c1[nH]c2ccc([N+](=O)[O-])cc2o1,90
194966,Cc1ccc(S(=O)(=O)OCC2CCN(C(=O)OC(C)(C)C)CC2)cc1,71
194998,CCCC[N+](CCCC)(CCCC)CCCC.[OH-],21
195053,Nc1nc(=O)n([C@@H]2O[C@H](CO)[C@@H](O)[C@H]2O)cc1F,32
195061,C[B-](F)(F)F.[K+],78
195117,OCCN(CCO)c1ccccc1,26
195124,CC1=Nc2ccccc2C1(C)C,30
195220,O=S(=O)(O)c1cccc2c(O)cccc12,46
195236,Cc1cc(Cc2cc(C)c(O)c(C)c2)cc(C)c1O,68
195237,Cc1cc(O)cc(O)n1,41
195247,CC(C)(O)c1cccc(C(C)(C)O)c1,49
195255,O=C1CCc2ccccc2O1,30
195256,CCOP(=O)(OCC)OCC,26
195257,CCN(CC)CC.F.F.F,26
195258,Fc1c(F)c(F)c(F)c(F)c1F,48
195259,C[Si](C)(C)Oc1ccccc1,21
195260,Cc1ccc(C)c(C)c1,26
195262,O=[N+]([O-])c1cccc(F)c1,30
195263,CC(C)Cc1ccccc1,26
195264,Cc1cc(C)c(C)c(C)c1C,33
195265,Cc1ccc(C)cc1,26
195376,O=P(c1ccccc1)(c1ccccc1)c1ccccc1,30
195389,O=c1cc2oc3cc(O)c(O)cc3c(-c3ccccc3)c-2cc1O,69
195393,O=C1NC(=O)c2ccccc21,30
195395,O=C(CC(=O)c1ccccc1)c1ccccc1,26
195398,O=c1[nH]c2ccccc2[nH]c1=O,26
195399,Cc1nc(C)c(C)nc1C,30
195406,O.O.O=C([O-])CN(CCN(CC(=O)[O-])CC(=O)O)CC(=O)O.[Na+].[Na+],26
195427,Fc1cccc(F)n1,30
195429,CCOc1ccccc1OCC,30
195430,ON=Cc1ccc(Cl)c(Cl)c1,79
195437,COc1ccccc1,30
195438,FC(F)(F)c1ccccc1,30
195439,FC(F)(F)c1cc(Cl)c(Cl)c(Cl)c1,30
195447,COC1CCC(OC)O1,30
195450,OCc1ccc(CO)cc1,30
195459,COP(=O)(CC(C)=O)OC,55
195462,CCCC(=O)CCc1ccccc1,49
195467,CC(=O)c1cccc(OC(F)(F)F)c1,68
195475,Cc1ccc2c(c1)C(=O)CC2,49
195476,CC(=O)c1ccn(S(=O)(=O)c2ccc(C)cc2)c1,50
195485,O.OC[C@H]1O[C@@H](O[C@H]2[C@H](O)[C@@H](O)[C@@H](O)O[C@@H]2CO)[C@H](O)[C@@H](O)[C@H]1O,26
195546,Cc1ccc2ccccc2c1[N+](=O)[O-],94
195548,Oc1ccc(Sc2ccc(O)cc2)cc1,26
195551,c1ccc2[nH]ccc2c1,29
195554,O=C(O)c1nc[nH]c1C(=O)O,30
195555,O=[N+]([O-])c1cccc(Br)c1,30
195563,Nc1ccccc1S,26
195576,c1ccc2c3c([nH]c2c1)CCCC3,50
195578,Cc1ccc(C(C)(C)C)cc1S,25
195581,O=[N+]([O-])c1ccc(F)cc1F,30
195582,COC(CC(OC)OC)OC,26
195583,O=C(O)CN(CCN(CC(=O)O)CC(=O)O)CC(=O)O,26
195587,Brc1cccc(Br)c1,30
195591,COC(=O)C(Br)CBr,38
195594,CCCC[N+](CCCC)(CCCC)CCCC.O.O.O.[F-],21
195603,CC(N)c1ccc(Cl)cc1Cl,56
195753,CC1(C)[C@H]2CC[C@]1(CS(=O)(=O)O)C(=O)C2,30
195754,O=S(=O)(NS(=O)(=O)C(F)(F)F)C(F)(F)F,66
195759,CN1C(=O)c2ccc([N+](=O)[O-])cc2C1=O,21
195780,O=C1c2ccccc2-c2ccccc21,30
195798,CC1(C)[C@H]2CC[C@@]13CS(=O)(=O)N1O[C@@]13C2,86
195816,CN[C@H](CC(C)C)C(=O)N[C@H]1C(=O)N[C@@H](CC(N)=O)C(=O)N[C@H]2C(=O)N[C@H]3C(=O)N[C@H](C(=O)N[C@H](C(=O)O)c4cc(O)cc(O)c4-c4cc3ccc4O)[C@H](O)c3ccc(c(Cl)c3)Oc3cc2cc(c3O[C@@H]2OC(CO)[C@@H](O)[C@H](O)[C@H]2O[C@H]2C[C@](C)(N)[C@H](O)[C@H](C)O2)Oc2ccc(cc2Cl)[C@H]1O.Cl,74
195859,Cl.FC1(F)CCNCC1,55
195881,O=C(O)CN(CCCCCCN(CC(=O)O)CC(=O)O)CC(=O)O,86
195888,Brc1cc(Br)cc(Br)c1,30
195898,CSS(C)(=O)=O,89
195902,C[C@@H]1COC(=O)O1,30
195903,ICCI,76
195912,CN(C)C(=N)N.Cl,79
195913,Brc1ccc(Br)c2ccccc12,48
195920,O=P1(O)Oc2ccc3ccccc3c2-c2c(ccc3ccccc23)O1,21
195927,Cc1ccnc(=O)[nH]1.Cl,45
195930,CN(C)C(On1nnc2cccnc21)=[N+](C)C.F[P-](F)(F)(F)(F)F,26
196056,O[C@@H]1[C@@H](O)[C@@H](O)OC[C@H]1O,26
196061,OCCOCCO,30
196106,CNC(=O)CS,85
196107,CC(C)(Cl)CCC(C)(C)Cl,63
196140,O=C(O)CC(O)C(=O)O,30
196142,CC(O)CO,30
196151,Cc1cn([C@H]2C[C@H](O)[C@@H](CO)O2)c(=O)[nH]c1=O,21
196163,CC1CCC(C(C)C)C(=O)C1,21
196170,CC(C)(C)OC(=O)N1C2CCCC1CC(=O)C2,84
196311,Cc1ccc(C(C)C)cc1,26
196326,O=C(O)C1CCCC(C(=O)O)C1,48
196328,Clc1cccc(Cl)c1,26
196378,OCCOCCOCCOCCOCCO,48
196387,Cc1ccc(S(=O)(=O)OC2COC2)cc1,33
196425,Cc1ccc(-c2nnc(S)o2)cc1,39
196437,Cc1cccc(S)c1,78
196440,COc1ccc(I)c([N+](=O)[O-])c1,35
196464,CN1CC[N+](C)=C1Cl.[Cl-],41
196499,CC(NC(C)(C)C)C(=O)c1cccc(Cl)c1.Cl,38
196521,C1CC2(CCN1)OCCO2.Cl,28
196535,O=C1CCC(N2C(=O)c3ccccc3C2=O)C(=O)N1,53
196545,c1ccc2c(c1)OCCOCCOc1ccccc1OCCOCCO2,66
196601,CC(C)(C)OC(=O)NCC(O)CO,46
196623,CCCCOc1ccc(C(C)=O)cc1,55
196635,Nc1ncnc2c1ncn2[C@@H]1O[C@H](CO)[C@@H](O)[C@H]1O,30
196681,Cl.NC(=O)c1[nH]cnc1N,36
196693,Cc1cc[nH]n1,26
196694,O=[N+]([O-])c1cc(Cl)c(F)cc1F,40
196714,CCC(=O)c1ccccc1,30
196715,CC(=O)c1ccc(N2CCCCC2)cc1,30
196785,N=C(N)NCC(=O)O,26
196790,COc1cccnc1[N+](=O)[O-],26
196802,O=[N+]([O-])c1cccc(Cl)c1,26
196804,O=c1[nH]c(=O)c2[nH]c(=O)[nH]c2[nH]1,50
196805,Cc1ccc(F)cc1,30
196833,CCOc1nc2cccc(C(=O)O)c2n1Cc1ccc(-c2ccccc2-c2nnn[nH]2)cc1,71
196854,CC(=O)c1ccc(C)cc1,30
196915,O=c1[nH]cnc2[nH]ccc12,34
196933,Cc1cc(C)cc(C(C)(C)C)c1,39
196935,Fc1ccccc1OC(F)(F)F,46
196937,CC1(C)COB(B2OCC(C)(C)CO2)OC1,30
196963,CCCOC(OCCC)OCCC,44
196979,O=c1occo1,30
197010,COC(=O)[C@@H]1CCCN1C(=O)OC(C)(C)C,30
197018,COC(=O)C1CCN(C(=O)OC(C)(C)C)C1,51
197020,CCOC(=O)C(C(=O)OCC)C(C)CC,31
197036,O=C1C=CCC1,48
197041,CC(=O)Cc1ccncc1,44
197045,COc1ccc(C(C)=O)cc1F,44
197046,CC(=O)c1ccc(F)cc1Cl,81
197075,CCCCc1ccc(C(C)=O)cc1,21
197076,O=C(CCc1ccccc1)c1ccccc1,80
197078,CC(=O)c1cccc(C#N)c1,40
197088,CC(=O)c1ccc(C)c([N+](=O)[O-])c1,51
197111,Cl.FC1(F)CNC1,86
197150,C[C@H](CCC(=O)O)[C@H]1CC[C@H]2[C@@H]3[C@H](O)C[C@@H]4C[C@H](O)CC[C@]4(C)[C@H]3CC[C@]12C,41
197152,O=C(O)c1cc(N=Nc2ccc(S(=O)(=O)Nc3ccccn3)cc2)ccc1O,21
197182,CC(C)(C)OC(=O)NC1CC(=O)C1,76
197194,O=C1CCOC1,48
197200,CN1C(=C(O)Nc2ccccn2)C(=O)c2ccccc2S1(=O)=O,21
197207,O=C1CC(c2ccc(O)cc2)Oc2cc(O)cc(O)c21,49
197277,CCCCCCOC(=O)c1ccccc1C(=O)OCCCCCC,66
197300,CN[C@@H]1[C@H](O)[C@H](NC)[C@H]2O[C@@]3(O)C(=O)C[C@@H](C)O[C@H]3O[C@@H]2[C@H]1O.Cl.Cl,39
197301,CCC(=O)c1cccc(OC)c1,31
197359,CC1CNCC(C)O1,45
197370,Nc1nc2c(ncn2C2OC(CO)C(O)C2O)c(=O)[nH]1,63
197380,CCC1CCC(=O)O1,26
197391,CC(C)(C)CCCCCC(=O)O,24
197432,CCOC(=O)CCCC(C)=O,51
197449,CCC(=O)c1cccc([N+](=O)[O-])c1,78
197526,CC(=O)c1cc(C(F)(F)F)cc(C(F)(F)F)c1,30
197544,CC(=O)Cc1ccc(Cl)cc1,38
197564,Fc1ccc(C(F)(F)F)cn1,40
197622,Cc1nccn1CC1CCc2c(c3ccccc3n2C)C1=O.Cl.O.O,29
197627,COC(=O)CCC(=O)c1ccccc1,76
197638,O=C(c1ccccc1)c1cc(Cl)ccc1Cl,43
197644,CC(=O)c1ccc(Cl)c(Cl)c1Cl,33
197701,COC(=O)C1CCN(Cc2ccccc2)CC1,26
197706,COC(=O)CCN1CCOCC1,76
197713,CC1(C)CC(=O)CC(C)(C)N1,30
197718,CC(=O)c1ccccc1[N+](=O)[O-],30
197727,Cl.O=C1CC2CCC(C1)N2,80
197728,CCC(=O)c1cccc(F)c1,63
197800,O=C(O)Cc1cc(C(F)(F)F)ccc1F,95
197807,CCOCCC(=O)OCC,21
197821,COC(=O)c1cc(C)on1,33
197908,C[C@@H](Oc1ccc(O)cc1)C(=O)O,30
198033,O=C(CO)[C@@H](O)[C@H](O)[C@H](O)CO,30
198086,CC(C)[C@H](N)C(=O)OCCOCn1cnc2c(=O)[nH]c(N)nc21.Cl,43
198093,COC(=O)C1CC(=O)C(C(=O)OC)CC1=O,30
198126,O=C1CCCc2occc21,91
198183,OCC1O[C@@H](O[C@@H]2C(CO)OC(O)C(O)C2O)C(O)C(O)C1O,70
198254,CCCCCCCC(C)=O,21
198284,O=C1NS(=O)(=O)c2ccccc21,30
198299,Cl.N[C@H]1C(O)O[C@H](CO)[C@@H](O)[C@@H]1O,34
198304,O=C1[N-]S(=O)(=O)c2ccccc21.[Na+],26
198343,COC(=O)[C@H]1O[C@@H](OC(C)=O)[C@H](OC(C)=O)[C@@H](OC(C)=O)[C@@H]1OC(C)=O,87
198393,C1CC2(CCN1)OCCO2,31
198403,OCC1(O)COC(O)(CO)CO1,26
198406,NS(=O)(=O)c1cc2c(cc1Cl)NCNS2(=O)=O,39
198414,COC(=O)c1ccc(Cl)c(Cl)c1,45
198417,Nc1cc(S(=O)(=O)O)cc2cc(S(=O)(=O)[O-])cc(O)c12.[Na+],21
198422,CCN(CC)c1ccc2c(-c3ccccc3C(=O)[O-])c3ccc(=[N+](CC)CC)cc-3oc2c1,26
198448,CCC(C)C(=O)OC,29
198473,COc1cc2c(cc1OC)C(=O)C(CC1CCNCC1)C2.Cl,33
198511,Nc1ccn([C@@H]2O[C@H](CO)[C@@H](O)[C@@H]2O)c(=O)n1,44
198582,CC(C)OC(=O)[C@@H](O)[C@H](O)C(=O)OC(C)C,30
198611,CC(=O)c1cc(C)sc1C,60
198615,O=C1C2CC3CC(C2)CC1C3,45
198619,COc1ccc(C=CC(=O)c2ccccc2)cc1,33
198620,CC(=O)c1ccccn1,30
198625,CC[C@H]1OC(=O)[C@H](C)[C@@H](O[C@H]2C[C@@](C)(OC)[C@@H](O)[C@H](C)O2)[C@H](C)[C@@H](O[C@@H]2O[C@H](C)C[C@H](N(C)C)[C@H]2O)[C@](C)(O)C[C@@H](C)C(=O)[C@H](C)[C@@H](O)[C@]1(C)O,38
198637,O=C(c1ccccc1)C(F)(F)F,68
198641,CC(=O)c1ccc(C#N)cc1,45
198657,NC1COC1.O=C(O)C(=O)O,70
198700,CCCC[Sn](CCCC)(CCCC)c1ccco1,50
198732,CCOC(=O)c1ccc(OCC)cc1,21
198754,CC(=O)c1cc(C)cc(C)c1,49
198756,O=C1CCCN(C(=O)OCc2ccccc2)C1,69
198758,CCc1ccc(C(C)=O)cc1,30
198762,O=C1CCc2ccccc2C1,59
198763,CCCC(=O)CCC,26
198764,O=C1c2ccccc2CCc2ccccc21,26
198768,CC(=O)c1ccc2c(c1)CCCC2,75
198774,CCC(=O)c1ccc(Cl)c(Cl)c1,51
198778,CC(=O)c1ccc(OCc2ccc(F)cc2)cc1,83
198916,CNC(=O)CN.Cl,75
198922,NCc1ccc(F)c(Cl)c1,55
198995,CC(C)Oc1ccc(N)cc1,48
199018,CCOc1ccc(N)cc1.Cl,21
199092,CCOC(CN(CC)CC)OCC,71
199106,COc1ccc(C(C)C)cc1,26
199132,Fc1ccccc1Cl,30
199136,CCN(C(C)C)C(C)C.Cl,26
199137,NC(=O)c1[nH]cnc1N,45
199140,CC(C)(C)OC(=O)NOC(=O)OC(C)(C)C,48
199169,COc1ccc(CN)c(OC)c1,33
199198,Nc1ccc(OCc2ccccn2)c(Cl)c1,60
199224,CC(N)(CO)CO,30
199238,Nc1ccncc1[N+](=O)[O-],45
199250,Cc1cc(N)ccc1F,30
199258,Nc1ccc(-n2cncn2)cc1,71
199266,CCc1nnc(N)s1,49
199270,NCCN1CCCCC1,55
199273,Cc1cc(Br)c(N)c([N+](=O)[O-])c1,45
199277,Cc1ccc(N)c(C)c1.Cl,21
199278,COc1cc(Cl)c(OC)cc1N,30
199285,Nc1ccc(C(F)(F)F)cc1[N+](=O)[O-],30
199289,COc1nccc(N)n1,96
199381,O=C1c2ccccc2C(=O)N1CO,26
199399,O=c1[nH]c(=O)c2ccccc2o1,30
199401,O=C(O)c1ccccc1C(=O)c1ccc(Cl)cc1,30
199413,COc1cccc(OC)n1,26
199421,NCc1ccccc1OC(F)(F)F,86
199426,NCc1ccc(OC(F)(F)F)cc1,39
199429,N#Cc1cncnc1N,67
199496,N#Cc1cc(F)ccc1N,60
199500,Cc1cc(Br)cc([N+](=O)[O-])c1N,33
199521,Nc1ncc(Br)nc1Br,30
199534,CN(Cc1ccccc1N)C1CCCCC1,46
199546,Cc1cccc([N+](=O)[O-])c1N,30
199549,Nc1cccc([N+](=O)[O-])c1,26
199568,Nc1nc2c(Cl)cccc2s1,49
199586,Cc1cnc(N)c([N+](=O)[O-])c1,83
199595,Nc1cccc(F)c1Cl,88
199650,Oc1cc2ccccc2cc1O,30
199652,ClC(Cl)(Cl)c1cccc(C(Cl)(Cl)Cl)c1,55
199665,O=C1NC(=O)[C@@H]2CCCC[C@H]12,44
199671,Cc1c(Br)cccc1Br,39
199672,COc1cccc(F)c1F,31
199687,COc1ccc(OC)c(CN)c1,87
199701,CC(C)c1ccc(-c2nnc(N)s2)cc1,91
199745,Cl.NCC(F)F,63
199760,COc1ccc(N)c(C(F)(F)F)c1,74
199776,Cl.NC1CCC(=O)NC1=O,45
199799,CC(N)c1ccc(F)cc1,46
199870,O=c1ccc2cc([N+](=O)[O-])ccc2o1,42
199884,COP(=O)(OC)OC,30
199886,CC(=O)c1cccc(C(C)=O)n1,83
199888,OCC(CO)(CBr)CBr,30
199918,Brc1ccc(Br)c2nsnc12,41
199921,CC(=O)N1CCOCC1,26
199927,CCCCCc1ccco1,43
200008,Cc1cc(N)n(-c2ccccc2)n1.Cl,30
200019,Nc1cc(F)cc(Cl)c1,83
200044,CCOc1ccc(N)cc1,21
200046,CC(C)(C)c1cc(N)on1,95
200141,CC(C)(C)c1ccc(-c2ccc(C(C)(C)C)cc2)cc1,29
200142,CC1=NCCO1,21
200156,Oc1ccccc1-c1ccccc1O,26
200162,O=S(=O)([O-])C(F)(F)F.[Li+],21
200188,N.N.N.N.N.N.N.N.N.N.O=[W]12(O)O[W]3(=O)(O)O[W](=O)(O)(O3)O[W]3(=O)(O)O[W](=O)(O)(O3)O[W]3(=O)(O)O[W]4(=O)(O3)O[W]3(=O)(O[W](=O)(O)(O[W]5(=O)(O)O[W](=O)(O)(O[W](=O)(O)(O1)O2)O5)O3)O4,64
200374,CC1CC(C)C(=O)C1=O,32
200390,O=C1c2c(Cl)c(Cl)c(Cl)c(Cl)c2C(=O)N1O,84
200404,Cl[Si](c1ccccc1)(c1ccccc1)c1ccccc1,26
200426,Nc1ccc(F)c(C(F)(F)F)c1,30
200446,NCc1ccc(F)c(F)c1,41
200525,NC1Cc2ccccc2C1,80
200573,Cc1ccc2c(c1)C(=O)NC2=O,62
200663,Cc1cccc(Cl)c1Cl,26
200748,Nc1ccc([N+](=O)[O-])c(Br)c1,49
200765,Nc1cc(Br)ccc1[N+](=O)[O-],71
200777,CCN(CC)c1ccc(N)cc1,26
200778,Nc1ccccc1N1CCOCC1,80
200833,COc1cc(N)ccc1N.O=S(=O)(O)O,41
200837,Cc1cc(=O)[nH]cc1[N+](=O)[O-],36
200847,COC(CN(C)C)OC,63
200848,c1ccc2c(Cc3c[nH]c4ccccc34)c[nH]c2c1,30
200849,CCCc1nn(C)c(C(N)=O)c1N.Cl,40
200853,O=C(O)CN(CCCN(CC(=O)O)CC(=O)O)CC(=O)O,30
200857,CS(=O)(=O)c1ccc(C(=O)C2C(=O)CCCC2=O)c([N+](=O)[O-])c1,61
200904,CN(C)C(Cl)=[N+](C)C.F[P-](F)(F)(F)(F)F,30
200936,NCc1cccc(F)c1,48
201031,Cc1cc([N+](=O)[O-])cnc1N,36
201040,Nc1ccc(Oc2ccccc2Cl)cc1,95
201042,CC(CN)c1ccccc1,30
201080,O=C(O)CCCCCCCCCCC(=O)O,30
201096,COc1c[nH]c(=O)[nH]c1=O,36
201114,C[C@@H]1OC(=O)[C@H](C)OC1=O,58
201179,N#Cc1ccc(N)c(F)c1,36
201203,Cl.Cl.NCc1ncccn1,61
201220,Cc1cnc(N)s1,30
201268,Cc1csc(N)n1.Cl,21
201313,OCC(O)CN1CCN(c2ccccc2)CC1,88
201317,Brc1ccc(-c2ccc(Br)s2)s1,53
201342,Nc1nc(N)c2nc(-c3ccccc3)c(N)nc2n1,58
201346,O=c1oc2ccccc2c(O)c1Cc1c(O)c2ccccc2oc1=O,42
201406,Nc1ccc(-c2nc3ccccc3s2)cc1,21
201411,Cl.NCCc1ccc(C(F)(F)F)cc1,86
201418,Nc1nnc(C(F)(F)F)s1,76
201457,Nc1cncc(F)c1,83
201668,CC12CC3CC(C1)CC(C)(C3)C2,51
201670,Clc1ccc2cn[nH]c2c1,86
201675,c1ccc(COc2ccccc2)cc1,21
201699,CC(=O)C=C(C)O[Ni]OC(C)=CC(C)=O,85
201701,CC(C)c1ccccc1,30
201702,c1ccc2ccccc2c1,30
201705,COc1c2occc2cc2ccc(=O)oc12,66
201722,CN(C)C(=O)c1ccccc1,26
201774,Cc1cncc(N)c1,88
201839,Cc1ccc([N+](=O)[O-])c(N)c1,63
201863,NCc1cc(C(F)(F)F)cc(C(F)(F)F)c1,38
201910,CCOS(=O)(=O)c1ccc(C)cc1,26
201952,COc1ccc(P(c2ccc(OC)cc2)c2ccc(OC)cc2)cc1,69
202013,Cl.NCCc1ccc(OC(F)(F)F)cc1,98
202076,CC(CN)c1ccccc1.Cl,34
202094,N#Cc1ccc(N)cc1,30
202097,CCCCc1ccc(N)cc1,26
202139,O=c1[nH]c2ccccc2c2ccccc12,31
202147,COc1cc(C=CC(=O)CC(=O)C=Cc2ccc(O)c(OC)c2)ccc1O,21
202151,Fc1cc(F)c(F)cc1F,36
202158,CCC(=O)C(C)=O,31
202162,On1nnc2ccc(C(F)(F)F)cc21,95
202181,CCCCCCS(=O)(=O)[O-].[Na+],21
202200,O=C(/C=C/C=C/c1ccc2c(c1)OCO2)N1CCCCC1,44
202215,O=C(Cl)n1c2ccccc2c2ccccc21,74
202221,Nc1nc2[nH]cnc2c(=O)[nH]1,30
202232,CCN(CC)S(=O)(=O)c1ccc(N)cc1,96
202238,Nc1nc2ccc(Cl)cc2s1,30
202242,CC(C)COc1ccc(CN)cc1,97
202247,NCc1cc(F)cc(F)c1,54
202248,Cc1cccc(Cl)c1N,30
202279,Cc1ccc(CCN)cc1.Cl,24
202328,Nc1ccc(Br)cc1Br,30
202348,Cl.Cl.NCc1nc2ccccc2[nH]1,64
202408,CN(C)C(=N)N.CN(C)C(=N)N.O=S(=O)(O)O,35
202414,OCC(O)CS,33
202416,[Br-].c1ccc(C[P+](c2ccccc2)(c2ccccc2)c2ccccc2)cc1,26
202435,C(CCOCC1CO1)COCC1CO1,21
202458,CC(C)c1cc(C(C)C)c(-c2ccccc2P(C(C)(C)C)C(C)(C)C)c(C(C)C)c1.CS(=O)(=O)O[Pd]c1ccccc1-c1ccccc1N,62
202463,O=c1c2ccccc2sc2ccccc12,60
202467,Oc1ccc(-c2ccc(O)cc2)cc1,26
202472,C[SiH](C)O[Si](O[SiH](C)C)(O[SiH](C)C)O[SiH](C)C,61
202482,Cc1c(Cl)cnc(N)c1Cl,56
202484,Nc1ccncc1Cl,49
202493,Nc1nc(-c2ccc(Cl)cc2)cs1,61
202536,C[C@H](N)c1ccc([N+](=O)[O-])cc1,40
202574,NCc1ccc([N+](=O)[O-])cc1,96
202583,Cc1cc(Br)c(N)c(Br)c1,30
202587,Nc1ncc(Cl)cc1Cl,33
202589,Cc1ccc(N)cc1[N+](=O)[O-],30
202591,CCC(N)CC,39
202592,Nc1cc([N+](=O)[O-])ccc1Cl,26
202594,NCc1cccc(C(F)(F)F)c1,44
202595,Nc1ccc(F)c([N+](=O)[O-])c1,30
202623,COc1cc(N)ccn1,36
202634,Nc1nc2ccc(F)cc2s1,26
202638,Nc1nccnn1,68
202640,Nc1ccc(Br)nc1Br,38
202647,CCOC(=O)C(C(C)=O)C(C)=O,54
202658,CCOC(C)OCC,30
202716,CCN1CCC[C@H]1CN,35
202736,O=[N+]([O-])c1cc(Br)cc(Br)c1,95
202755,C[C@H]1CC[C@H](N)CC1.Cl,35
202771,Cc1nc(N)c(Br)cc1Br,30
202820,Nc1ccc([N+](=O)[O-])c(F)c1,71
202845,Fc1nc(F)c(Cl)c(F)n1,53
202849,Cl.NNc1ccc2ccccc2c1,21
202892,O=C(O)CCI,37
202903,O=Cc1cc(I)ccc1F,56
202932,Cl.Nc1cccc2c1CCC2,59
202972,Cl.N#Cc1ccc(CN)cc1,30
203008,Nc1nc2c(F)cccc2s1,53
203067,CCSCCN.Cl,78
203168,CCc1ccc(N)cc1,30
203176,Nc1ccc2c(c1)OCO2,30
203178,COCCN,54
203179,CCN(CC)CCN,30
203181,NCCCn1ccnc1,60
203182,NCC1CCCCC1,68
203183,CCCCCCN,31
203184,Nc1cc(F)ccc1F,45
203185,CC(C)CN,30
203186,CSc1ccccc1N,30
203189,Cc1cc(C)c(N)c(Cl)c1,33
203211,NCCc1ccc(F)cc1,30
203215,Nc1ccc([N+](=O)[O-])c2ccccc12,69
203256,Nc1ccc(F)c(F)c1F,30
203262,Nc1cc(Cl)ccc1F,30
203267,Cc1ccc(N)cc1Cl.Cl,21
203278,NCc1ccccc1,30
203280,NCCc1ccccc1F,45
203344,Nc1ccc(-c2ccccn2)cc1,86
203349,COc1nc(C)nc(N)n1,30
203350,Cc1c2ccc(N)cc2nn1C,55
203364,Cl.NCc1ncccn1,66
203371,NCCc1ccc(Cl)cc1,33
203380,Cc1ccc(N)c(Cl)c1,30
203384,C[C@H](N)c1ccc([N+](=O)[O-])cc1.Cl,35
203388,COc1ccccc1CN,48
203390,CN(C)CCCN,30
203395,Cc1cc(F)ccc1N,30
203396,COc1ccc(CN)cc1Cl.Cl,74
203456,COc1cccc(N)c1,30
203457,Nc1cccc(C(F)(F)F)c1,26
203462,Nc1ccc(F)cc1,30
203463,Cc1ccc([N+](=O)[O-])c(N)c1C,38
203468,Nc1cccc(C(F)(F)F)c1F,90
203474,O=[N+]([O-])c1cc(I)cnc1Cl,67
203521,CC(C)(C)c1cc(N)n(-c2ccccc2)n1,51
203543,Cl.Cn1nc(C2CC2)cc1N,80
203563,COc1cc(OC)c(Br)c(OC)c1,98
203609,NC1CCc2ccccc21,30
203678,Nc1cc([N+](=O)[O-])ccc1F,39
203705,CCO[Si](CCCN)(OCC)OCC,30
203723,Cl.NCCc1ccc(O)c(O)c1,30
203752,NCc1ccc(Oc2ccccc2)cc1,66
203760,Cl.Cl.Nc1ccccc1N1CCOCC1,73
203784,N[C@H]1CCCCNC1=O,75
203881,C[C@H](N)c1cccc2ccccc12,31
203928,NCCc1cccc(C(F)(F)F)c1,90
203966,Nc1ccccc1Oc1ccccc1,30
204028,Nc1ncc[nH]1,26
204060,Cc1ccccc1N.Cl,21
204082,NC(CO)CO,30
204095,Cc1ccc(N)cc1C#N,41
204120,Fc1cc(Cl)cnc1F,30
204132,COc1cc(N)ccc1N,45
204221,Cc1ccc(Cl)cc1N,26
204227,CCC1(c2ccc(N)cc2)CCC(=O)NC1=O,90
204299,O=C1CC(c2ccccc2)=NO1,48
204321,Cl.N#CC1CCNCC1,58
204323,N#CCc1ccccc1OC(F)F,78
204343,NCc1cccc([N+](=O)[O-])c1,71
204351,Cc1cc(CN)ccc1F,73
204410,Cc1ccc(CN)cc1,30
204474,N#CCCCCCC#N,46
204485,Nc1cccc(S(=O)(=O)c2cccc(N)c2)c1,30
204507,Nc1ccc(F)cn1,33
204548,Cc1cc(Cl)ccc1N,30
204549,NC12CC3CC(CC(C3)C1)C2,34
204612,CCOC(C#N)OCC,81
204650,CN(C)c1ccncc1,26
204681,Nc1ccc(OCc2ccccc2)cc1,30
204726,CC(C)(C)c1cccc(N)c1,60
204748,N#Cc1ccc(C(F)(F)F)c(F)c1,49
204789,N[C@@H]1CCCC[C@H]1N,26
204867,Nc1cccc(F)n1,63
204896,N[C@H]1CC[C@H](N)CC1,33
204906,N#CCC1CC1,94
204917,COc1ccc(CN=C=S)cc1,90
204922,Cc1cccc(C)c1N=C=S,21
204948,S=C=Nc1ccc2c(c1)OCO2,65
204950,Brc1ccnc(Br)c1,38
205010,Nc1ncnc(=O)[nH]1,30
205013,Cc1c(N)cccc1F,34
205016,Nc1ccc(Oc2ccc(F)cc2)cc1,97
205047,N#CCc1c(F)cccc1F,40
205050,CC(C)(C)OC(=O)Nc1ccncc1,35
205052,Cc1cc(C)cc(N=C=S)c1,21
205053,N#CCCOc1ccccc1,49
205060,Cn1c(=O)c2c(ncn2C)n(C)c1=O,30
205064,O=C(O)/C=C/C(=O)O,30
205065,S=C=Nc1ccc(Br)cc1,75
205070,FC(F)(F)Oc1ccc(N=C=S)cc1,46
205094,FC(F)(F)c1ccc(N=C=S)cc1,46
205095,COCCC#N,26
205098,CC(C)(C)c1ccc(CC#N)cc1,30
205109,Cc1ccccc1CN,45
205114,Nc1ncc(Cl)cc1[N+](=O)[O-],26
205133,Nc1cc(F)cc(C(F)(F)F)c1,44
205190,Nc1cc([N+](=O)[O-])ccc1Br,58
205193,NCCC(c1ccccc1)c1ccccc1,30
205226,O=C(C(=O)c1ccccn1)c1ccccn1,88
205228,Cc1cnc(C)c(C)c1,35
205231,c1ccc2nccnc2c1,30
205237,Nc1cc(Cl)c(N)c(Cl)c1,58
205238,O=C1C=CC(=O)c2ccccc21,26
205240,N#CC1CCNCC1,61
205265,COc1ccc(N)c(OC)c1,29
205316,Cl.NCc1ccc(-c2ccccc2)cc1,61
205371,CC(C)(C)N=C=S,56
205376,N#CCCNc1ccccc1,56
205378,NNC(=O)c1cccc(N)c1,38
205401,[K+].[O-]CC(F)(F)F,39
205403,CCOC(=O)c1cnc2c(OC)cccc2c1O,88
205408,COc1ccc(C(F)(F)F)cn1,30
205426,Nc1c(Br)cc(F)cc1Br,30
205488,NCCc1c[nH]c2ccc(Cl)cc12,40
205538,Brc1cncc(Br)c1,30
205539,c1ccc(Cn2ccnc2)cc1,29
205541,N#Cc1ccc(C(F)(F)F)cc1,26
205548,NS(=O)(=O)c1cccc(C(F)(F)F)c1,49
205551,N#Cc1cccnc1N1CCNCC1,75
205552,CNc1ccccc1N,73
205559,FC(F)(F)c1cccnc1,91
205575,CCOCCC#N,26
205582,Nc1cc(O)nc(O)n1,26
205676,N#CCCN1CCOCC1,45
205677,Cn1cccn1,30
205701,Cc1cnc2ccccc2c1,94
205736,Nc1cc(Cl)c(Cl)cc1Cl,21
205765,Nc1ccc(Br)c([N+](=O)[O-])c1,73
205772,CCCOc1ccc(N)cc1,72
205847,CC(C)(C)OC(=O)NCC#N,48
205874,COc1cccc(C#N)c1,30
206067,Nc1nc2c(s1)C[C@@H](N)CC2,40
206070,Brc1cnc(Br)cn1,83
206123,NCc1cc(Cl)cc(Cl)c1,71
206140,Cc1cccc(C)c1N,26
206181,N[n+]1ccccc1.[I-],56
206201,CC(C)(C)OC(=O)N1CCCC1C#N,96
206232,Cc1ccsc1C#N,74
206283,Nc1ncccc1OCc1ccccc1,38
206366,CC(C)c1ccccn1,90
206377,Cc1cc([N+](=O)[O-])ccc1C#N,73
206390,COc1cccc2ncccc12,93
206397,Cc1cc(C)cc(N=C=O)c1,49
206440,C[C@@H](N)c1ccccc1,30
206441,CC(N)c1ccccc1,30
206448,CC12CC3CC(C)(C1)CC(N)(C3)C2.Cl,33
206542,CN(C)C(C#N)c1ccccc1,50
206563,CSc1nnc(N)[nH]1,44
206593,Cc1cccnc1,30
206594,c1ccc2ocnc2c1,30
206596,COc1ccc(N=C=O)cc1,53
206598,CCCC#N,26
206601,Cc1cccc(N=C=S)c1C,35
206602,S=C=NCc1ccccc1,46
206604,CC(C)N=C=S,46
206605,NCCN1CCNCC1,30
206609,ON=C1c2ccccc2-c2ccccc21,35
206614,CCN=C=S,39
206615,CC(C)(N=C=O)c1cccc(C(C)(C)N=C=O)c1,21
206640,COc1cc(C#N)cc(OC)c1,50
206683,N#Cc1ccccn1,30
206686,O=[N+]([O-])c1ccc(N=C=S)cc1,46
206688,Cc1ccnc2ccccc12,39
206689,NCCCCCCN,30
206694,CC1(C)CO1,26
206695,CCc1ccncc1,26
206696,COc1ccc(C#N)cc1,30
206758,Cl.c1cnc2c(c1)ccc1cccnc12,30
206765,N#CCc1ccccc1Cl,30
206814,Cc1ccc(C#N)c([N+](=O)[O-])c1,53
206823,N#CCCNCc1ccccc1,41
206866,F[Sb-](F)(F)(F)(F)F.[Ag+],95
206947,Cc1cc(N)ccc1N,69
206966,C=CP(=O)(O)O,44
207026,Cc1ccccc1C#N,30
207084,Cl.Cl.NCCSSCCN,26
207103,CCC(C)n1ncn(-c2ccc(N3CCN(c4ccc(OCC5COC(Cn6cncn6)(c6ccc(Cl)cc6Cl)O5)cc4)CC3)cc2)c1=O,70
207169,CC(C)(C)OC(=O)N1CCC[C@H]1C#N,52
207176,Cl.Cl.Nc1ccc(N)cc1,21
207177,[O-][n+]1ccccc1,30
207196,O=[N+]([O-])c1cnc(O)c([N+](=O)[O-])c1,62
207229,Cc1cccc2ncccc12,79
207255,CCOC(=O)CCCCCO,41
207274,Nc1nc(-c2ccccc2)ns1,91
207285,N#CCOc1cccc(C(F)(F)F)c1,88
207323,NS(=O)(=O)c1cc(Cl)c(Cl)s1,60
207367,N#Cc1ccc(N2CCNCC2)cc1,97
207379,Cc1cc(C)c(S(N)(=O)=O)c(C)c1,96
207400,CCOC(=O)c1cnn2ccc(Cl)nc12,93
207456,CCOC(=O)c1ccc(N=C=S)cc1,99
207463,N#CCSc1ccccc1,85
207469,CNCC#N.Cl,30
207479,N#CSCc1ccccc1,29
207549,CNC(=O)Cl,63
207552,CCc1ccccc1N=C=S,21
207560,Nc1cccc(N)n1,30
207564,O=C=NC(=O)C(Cl)(Cl)Cl,78
207569,NNC(=O)c1ccc(N)cc1,63
207635,O=C=Nc1ccc(F)cc1F,35
207641,CCC(C)C#N,35
207654,N#Cc1c(F)ccc([N+](=O)[O-])c1F,44
207663,COc1ccc(CC#N)cc1,30
207680,Cc1cnc(C)s1,70
207697,COC(=O)CN=C=S,38
207721,COC(=O)c1ccc(F)cc1O,95
207722,Cc1c(F)ccc(Br)c1C,94
207737,N#Cc1ccc2[nH]ccc2c1,31
207740,Cl.c1ccc(CC2=NCCN2)cc1,21
207749,COc1ccc(Cl)cc1N=C=S,46
207754,S=C=Nc1cccc2ccccc12,93
207758,CCNCCN,33
207764,Cc1c(F)cccc1C#N,73
207810,N#Cc1cnccn1,30
207928,CNCCC(Oc1ccc(C(F)(F)F)cc1)c1ccccc1,48
207936,C1CCC2NCCCC2C1.Cl,76
207976,O=C(O)CCC(=O)c1cccs1,89
207997,O=C(O)CCCC(=O)c1cccs1,61
208011,COC(=O)CC[C@@H](N)C(=O)OC.Cl,68
208185,CNCc1ccccc1[N+](=O)[O-].Cl,92
208259,CC(C)NCC(O)c1ccc(O)c(O)c1.Cl,29
208343,COC(=O)CC(N)C(=O)OC.Cl,30
208557,c1ccc([C@@H]2NCCc3ccccc32)cc1,33
208566,O=C(O)C(Br)C(Br)C(=O)O,26
208577,Cl.NCC(=O)c1ccc(F)cc1,86
208587,CC(C)OC(=O)c1ccc(N)cc1,29
208588,Cc1ccc(S(=O)(=O)O)cc1.NCC(=O)OCc1ccccc1,21
208589,CC(C)C(Br)C(=O)O,30
208593,O=C(O)CCCBr,30
208595,O=[N+]([O-])c1ccccc1N1CCNCC1,69
208596,CC(=O)c1ccc(C(=O)O)s1,88
208642,c1cnc(N2CCNCC2)nc1,30
208643,Fc1ccccc1N1CCNCC1,38
208697,Nc1ncc[nH]1.O=S(=O)(O)O,26
208699,FCCCCCBr,36
208705,CN[C@H]1CCCC[C@@H]1NC,90
208706,N=C1NC(=N)c2ccccc21,40
208729,NC(CSSCC(N)C(=O)O)C(=O)O,30
208732,O=C(O)CNCC(=O)O,30
208741,Cl.Nc1nc(CCl)cs1,76
208742,Br.NCC(N)C(=O)O,39
208822,O=C(C1CC1)N1CCNCC1,71
208824,c1ccc2c(c1)CNC2,95
208865,Cc1cc(Cl)cnc1F,59
208866,Cc1cnc(C)c(C)n1,26
208867,COc1ccc(C#N)cc1Cl,49
208869,Clc1ccc2ocnc2c1,36
208874,O=[N+]([O-])c1ccc(N2CCNCC2)cc1,29
208875,O=C(O)CCC(=O)C(=O)O,30
208876,O=C(O[C@@H](C(=O)O)[C@@H](OC(=O)c1ccccc1)C(=O)O)c1ccccc1,30
208878,O=C(O)CCC(=O)c1ccccc1,36
208881,O=C(O)CCC(=O)c1ccc(-c2ccccc2)cc1,21
208883,Cl.O=[N+]([O-])c1cc(C(F)(F)F)ccc1N1CCNCC1,63
208885,CCN(CC)CCOC(=O)c1ccc(N)cc1.Cl,30
208931,CNCc1ccc(Cl)c(Cl)c1,66
208936,Cc1ccc(S(=O)(=O)N2CCNCC2)cc1.Cl,68
208937,CNc1cccc(F)c1,50
208938,Cl.c1ccc(C2CCNCC2)cc1,89
208991,Cn1ccc2ccccc21,26
209011,CC(Br)C(=O)O,30
209019,NC(CCSSCCC(N)C(=O)O)C(=O)O,31
209024,CN1CCNC(c2ccccc2)C1,51
209049,c1ccc(C2NCCc3ccccc32)cc1,35
209080,COc1cc2c(cc1OC)CNCC2,30
209083,FC(F)(F)[C@@H]1CCCN1,78
209166,Cc1ccc(C)c(N2CCNCC2)c1,41
209182,CC(C)NCC(O)c1ccc(O)c(O)c1,31
209286,C=CS(=O)(=O)c1ccccc1,36
209337,CCCNCC(F)(F)F.Cl,73
209363,CNC(C)Cc1ccccc1OC.Cl,95
209404,CC(C)(C)OC(=O)N[C@@H](CN)C(=O)O,83
209472,c1ccc(CCN2CCNCC2)cc1,28
209604,CCCCCCCCCC#N,40
209611,COc1ccc(C(=O)CCC(=O)O)cc1,58
209614,Nc1nc(CCl)cs1,80
209615,COC(=O)CC(N)C(=O)OC,30
209638,Nc1ccc2c(c1)C(=O)c1ccccc1C2=O,30
209641,O=C(O)C(Cl)(Cl)Cl,26
209755,CC(C)(C)OC(=O)[C@@H](N)CC(=O)OCc1ccccc1.Cl,69
209758,C[C@@H](N)C(=O)OCc1ccccc1.Cc1ccc(S(=O)(=O)O)cc1,21
209782,Nc1nc(O)c2nc(CNc3ccc(C(=O)N[C@@H](CCC(=O)O)C(=O)O)cc3)cnc2n1,30
209808,CC(C)OC(=O)[C@H](C)N.Cl,26
209928,FC(F)(F)C1CCNCC1,33
209932,COC1CCNCC1.Cl,60
209984,O=S(=O)(Cl)c1ccccc1OC(F)(F)F,29
210207,OCCNCCO,30
210261,C=CCS(=O)(=O)Cl,78
210331,CNC(c1ccccc1)c1ccccc1,75
210332,CC1CCNCC1,26
210336,c1cc2c(cc1CN1CCNCC1)OCO2,96
210479,CC1(C)CCCC(C)(C)N1,30
210482,CCNc1cccc(C)c1,26
210545,Cc1ccc(F)cc1S(=O)(=O)Cl,29
210649,CC(C)Oc1ccc(S(=O)(=O)Cl)cc1,92
210666,COc1ccc(S(=O)(=O)Cl)c(OC)c1,74
210669,O=S(=O)(Cl)c1c(F)cc(F)cc1Br,48
210698,CCNCc1ccc(OC)cc1.Cl,84
210751,Cl.FC(F)(F)C1CCNCC1,31
210762,O=[N+]([O-])c1ccccc1S(=O)(=O)F,79
210764,COc1ccc(S(=O)(=O)Cl)cc1,30
210766,O=[N+]([O-])c1cccc(S(=O)(=O)Cl)c1,33
210767,Cc1cc(C)c(C)c(S(=O)(=O)Cl)c1C,85
210773,COc1ccc(Br)cc1S(=O)(=O)Cl,69
210777,Cc1ccc(C)c(S(=O)(=O)Cl)c1,76
210881,Cc1cc(C)c(S(=O)(=O)Cl)c(C)c1,26
210889,O=S(=O)(Cl)c1ccc(F)c(F)c1F,34
210891,O=S(=O)(Cl)c1ccc(F)c(Cl)c1,31
210896,Cc1ccc(C(=O)O[C@@H](C(=O)O)[C@@H](OC(=O)c2ccc(C)cc2)C(=O)O)cc1,30
210983,O=[N+]([O-])c1ccc(Cl)c(I)c1,33
211214,Clc1ccc(N2CCNCC2)cc1Cl,39
211269,Fc1ccc(N2CCNCC2)c(F)c1,71
211297,CN(C)C1CCNCC1.Cl.Cl,70
211343,O=S(=O)(Cl)c1cc(F)c(F)cc1F,38
211344,O=S(=O)(Cl)c1ccc(Br)c(C(F)(F)F)c1,45
211347,O=S(=O)(Cl)c1cccc(Br)c1,30
211441,Cc1ccc(S(=O)(=O)Cl)cc1Cl,33
211442,Cc1cc(F)ccc1S(=O)(=O)Cl,69
211470,N#Cc1ccccc1S(=O)(=O)Cl,48
211475,O=S(=O)(Cl)c1ccc(Br)cc1Cl,46
211487,O=S(=O)(Cl)c1cc(Br)cc(C(F)(F)F)c1,60
211495,Cl.NC(=O)[C@H]1CCCN1,35
211623,c1ccc2c(c1)CCNC2,30
211648,NCCc1ccc(N)cc1,63
211664,CNCc1ccc(Cl)cc1Cl.Cl,31
211703,C[C@H](CCC(=O)O)C1CC[C@H]2[C@@H]3C(=O)C[C@@H]4CC(=O)CC[C@]4(C)[C@H]3CC(=O)[C@]12C,55
211719,c1ccc2c(CC3=NCCN3)cccc2c1,21
211773,Cl.c1ccncc1,21
211776,Nc1ccncc1N,51
211821,NS(=O)(=O)c1ccc(Cl)s1,51
211828,Cc1cccc(CC#N)c1,30
211834,c1ncncn1,90
211857,Cc1cccc(CN2CCNCC2)c1,83
211911,O=CN1CCNCC1,49
211913,CN(C)CCNCc1ccccc1,45
211914,CCCCCNCCCCC,31
211915,c1ccc2c(c1)CCN2,30
211916,CNCCc1ccc(OC)c(OC)c1.Cl,25
211917,Cl.Cl.O=C(C1CC1)N1CCNCC1,64
211977,CC(C)(C)NCc1ccccc1,26
211979,CNCc1ccccc1,30
211984,C1CCC(NC2CCCCC2)CC1,30
212067,N#Cc1cccc(OC(F)(F)F)c1,44
212073,O=C=NCCCCCCN=C=O,24
212082,Cc1cccnc1NC(=O)OC(C)(C)C,53
212087,N#Cc1cccc(Cl)c1,30
212090,CCOc1ccccc1C#N,61
212151,Cc1ccc(N=C=O)c(C)c1,89
212158,O=C=Nc1cc(F)ccc1F,94
212159,Cc1ccc(N=C=S)cc1,50
212160,Cc1ncsc1C,30
212192,COC(=O)/C=C(/C)C(=O)OC,89
212219,Cc1ccc(N)cc1N,21
212222,c1ccc(NNc2ccccc2)cc1,36
212253,CC(=O)c1sc(N)nc1C,68
212482,CN/C(=N\[N+](=O)[O-])NCc1cnc(Cl)s1,84
212493,Nc1ccccc1N,30
212526,COc1cc(-c2ccc(N)c(OC)c2)ccc1N,38
212585,Clc1nccn2c(Br)cnc12,90
212601,C=CC(=O)OCC(F)(F)F,26
212669,CC(C)C(C)(N)C(N)=O,30
212724,COC(CSC)OC,60
212728,O=C(Cl)C(F)(F)Br,78
212735,CN(C)CCc1ccc(O)cc1,40
212740,Cc1ccc(N)c(Cl)c1O,43
212742,C=CCc1ccc(O)c(-c2cc(CC=C)ccc2O)c1,48
212743,OB(O)c1cc(F)cc(Br)c1,89
212753,CCOC(=O)c1ccc(F)cc1F,30
212771,COc1ccc(Cl)c(Cl)c1,79
212786,CCc1cc(Br)ccc1I,60
212789,O=[N+]([O-])c1ccc(F)cc1Br,43
212912,CSc1cnccn1,35
212913,CCCOC(=O)CC#N,48
212918,CC(C)C(O)C(C)(C)CO,29
212921,Cc1cccc(C)c1I,35
212924,CCCP(=O)(OCC)OCC,63
212927,COC(=O)Nc1nc2cc(C(=O)c3ccc(F)cc3)ccc2[nH]1,21
212928,COC(=O)[C@@H](N)CCSC.Cl,33
212932,CCCCOc1ccc(B(O)O)cc1,90
212934,CC(=O)c1c(O)c(C)c(O)c2c1OC1=CC(=O)C(C(C)=O)C(=O)C12C,94
212936,CCCCc1cccs1,69
212942,CCCc1cnccn1,60
212976,CC[C@H](N)C(N)=O.Cl,30
213011,O=S(=O)(Cl)c1ccc(Cl)cc1Cl,22
213035,COC(=O)c1cccnc1C(=O)OC,31
213036,Brc1ccc(N2CCOCC2)cc1,56
213038,Nc1cccc(Br)c1[N+](=O)[O-],86
213044,CC1=CC(=O)c2ccccc2C1=O,26
213046,COC(=O)c1ccc(C(=O)Cl)cc1,26
213053,COc1ccc(N)cc1I,56
213054,Clc1cccc(CBr)c1,41
213055,CCCCCCCCC(C)=O,35
213063,CC(C)OC(N)=O,78
213066,Cc1ccc(N(C)C)cc1,26
213069,CCCCc1ncc[nH]1,74
213080,CCOC(=O)CCCCCCCBr,31
213083,OCc1c2ccccc2cc2ccccc12,26
213094,CN([Si](C)(C)C)[Si](C)(C)C,35
213115,O.O=C(O)C(O)c1ccc(O)cc1,31
213125,COC(=O)c1ccc(Cl)c(F)c1,68
213140,CCOC(=O)[C@@H](N)Cc1c[nH]cn1.Cl.Cl,85
213143,CC(C)(C)OC(=O)NC1CCNCC1,41
213144,CC(C)(C)OC(=O)N[C@H]1CCNC1,74
213196,O=C(O)c1cc(C(=O)O)cc(S(=O)(=O)[O-])c1.[Na+],26
213202,COc1ccc(F)c([N+](=O)[O-])c1,84
213204,COC(=O)c1ccc(F)nc1,86
213205,COC(=O)C1CC(OC)(OC)C1,48
213206,O=CNc1ccccc1,26
213207,Cc1nc(N)nc(N)n1,26
213213,Cl.O=C(Cl)c1cccnc1,26
213215,CCCCCCCCCCCl,30
213216,Fc1ccc2[nH]ccc2c1,49
213226,CN(C)CCc1ccc(O)cc1.Cl,38
213227,CCCCSSCCCC,29
213231,COS(=O)c1ccccc1,63
213235,CCOCCOCCOCCO,26
213237,CN(C)C=S,35
213291,c1n[nH]c2c1CCCC2,57
213294,c1ccc2[nH]c(C3CCNCC3)nc2c1,63
213354,COC(=O)c1cccc2[nH]ccc12,43
213369,O=C1N[C@@H](c2ccccc2)CO1,29
213391,O=S(=O)([O-])CCCS.[Na+],34
213407,C=CC(=O)NCO,26
213417,Cc1scc(Br)c1C,85
213463,N#Cc1cccc2[nH]ccc12,46
213467,Oc1cccc(S)c1,80
213470,c1ccc(-c2ncc[nH]2)cc1,30
213502,Nc1nc(N)c2[nH]cnc2n1,49
213526,NC(=O)c1c(N)cccc1F,83
213532,N#CCc1ccc2ccccc2c1,65
213535,COC(=O)c1cc(Br)cs1,86
213537,CC(C)C[C@H](N)C(N)=O,41
213543,O=COCC(F)(F)F,54
213647,O=[N+]([O-])c1c[nH]c(Cl)n1,76
213662,Cc1cc(C(F)(F)F)[nH]n1,56
213726,O=c1[nH]c2cc(Cl)ccc2s1,80
213728,CCOC(=O)[C@@H](N)CS.Cl,29
213747,OCc1cnc(O)nc1O,75
213831,Cc1cc(S(=O)(=O)Cl)c(C)cc1Cl,52
213863,CCOC(=O)CNCC(=O)OCC,28
213887,CCCCCCCCCCC=O,26
213927,CCN(CC)CC(=O)Nc1c(C)cccc1C,26
213979,O=S(=O)(Cl)c1ccc(Cl)cc1,30
214076,NNC(=O)Cc1c[nH]c2ccccc12,61
214086,CC(C)(C)CC(=O)Cl,31
214108,CCCCc1ccc(B(O)O)cc1,21
214296,COC(=O)c1ccc2[nH]cnc2c1,84
214323,O=C1CNCCN1,41
214420,Cl.Oc1cnc2[nH]ccc2c1,88
214461,COC(=O)CP(=O)(OC)OC,30
214470,CC(=O)c1c[nH]c2ccccc12,35
214608,Cc1c(CCO)sc[n+]1Cc1ccccc1.[Cl-],21
214613,O=Cc1ncc[nH]1,89
214779,OC[C@H]1OC=C[C@@H](O)[C@@H]1O,71
214780,C=CN(C)C(C)=O,66
214946,CC[C@H](C)[C@H](N)C(N)=O.Cl,69
214978,Cc1ccc(F)c(S(=O)(=O)Cl)c1,91
214979,O=S(=O)(Cl)c1ccc(F)cc1F,30
214982,Cc1ccc(S(=O)(=O)Cl)cc1F,45
214987,O=C(O)c1cccc(S(=O)(=O)Cl)c1,38
215014,CCCCNc1ccc(C(=O)OCCN(C)C)cc1.Cl,48
215017,CCN(CC)c1ccc(C(=O)c2ccc(N(CC)CC)cc2)cc1,26
215069,Brc1ccc(-c2cc[nH]n2)cc1,45
215071,Cc1[nH]c(N)c(C#N)c1C,54
215082,Nc1c(Cl)cc(S(N)(=O)=O)cc1Cl,36
215083,CC(=O)O.NCc1ccc(S(N)(=O)=O)cc1,35
215111,C=CCNC(=S)NN,90
215115,Cc1[nH]c2ccccc2c1C,61
215407,COc1cccc(N=C=S)c1,44
215430,CC(=O)c1sc(C)nc1C.Cl,21
215576,CCOC(=O)C(F)(F)C(F)(F)C(F)(F)C(F)(F)F,31
215722,CCCN(CCC)S(=O)(=O)c1ccc(C(=O)O)cc1,21
215750,Cl.O=C(OCc1ccccc1)[C@@H]1CCCN1,31
215838,Cc1ccc(B(O)O)c(Cl)c1,69
215866,Cc1cnc2ccccc2n1,46
216001,C[Si](C)(C)CI,70
216033,CCOC(=O)Cc1ccc(C)cc1,53
216083,Nc1cc(Cl)c(Cl)cc1[N+](=O)[O-],26
216121,CCCC(Br)C(=O)OCC,36
216170,CC(C)(C)OC(=O)NCCCCC(=O)O,84
216277,Brc1cnc(N2CCNCC2)nc1.Cl.Cl,86
216301,Cc1cccc(N(C)C)c1,31
216308,CCOc1ccc(Br)cc1,26
216311,COc1cc([N+](=O)[O-])ccc1Cl,31
216320,O=C(O)c1cc(Br)c(O)cc1O,46
216375,CC1CC(=O)CC(C)(C)C1,26
216415,N[C@@H](Cc1ccc(Cl)c(Cl)c1)C(=O)O,81
216485,COc1cc(CO)cc(OC)c1OC,46
216488,O=C1CCC(c2ccc(O)cc2)CC1,38
216489,N#CCC(=O)c1ccccc1Cl,66
216537,CSCCC(=O)O,66
216556,CCCCCCCCCCCCCCCCCCBr,30
216744,O=C(O)c1ccc2cc(Br)ccc2c1,45
216841,O=C(OC(=O)C(Cl)(Cl)Cl)C(Cl)(Cl)Cl,53
216842,Fc1ccc2nccc(Cl)c2c1,71
216848,COc1cc(C)c(Br)c(C)c1,41
216850,CCOC(=O)C(Cl)C(=O)OCC,71
216854,COc1ccc([N+](=O)[O-])cc1C,54
216926,CC1=CC[C@@H]2[C@H](C1)C2(C)C,26
216989,Cc1cn(CC(=O)O)c(=O)[nH]c1=O,94
217043,O=C(O)C(c1ccccc1)S(=O)(=O)O,34
217048,CC1(C)OB(c2ccc(CC#N)cc2)OC1(C)C,98
217054,COC(=O)Cc1cccc(OC)c1,60
217055,CC(=O)OCCOCOC(C)=O,36
217060,CNCC(O)c1ccc(O)cc1,26
217066,O=C1C=C(Cl)C(=O)c2ccccc21,26
217068,Fc1c(F)c(Br)c(F)c(F)c1Br,64
217069,CC(C)(C)C1=CC(=O)C=CC1=O,79
217082,CC[N+](CC)(CC)CC.Cc1ccc(S(=O)(=O)[O-])cc1,30
217085,Clc1ccc(Oc2ccccc2)cc1,33
217134,O=C(O)C(=O)O,30
217135,O=C(O)CSc1nc2ccccc2s1,33
217141,CC(C)CCl,26
217143,CCS(=O)(=O)Cl,49
217144,Nc1ccccc1CO,26
217148,CC(C)(C)[Si](C)(C)Cl,35
217153,COCCN1CCNCC1,64
217156,c1c[nH]c2nccc-2c1,36
217168,CC(C)CC(CC(N)=O)CC(=O)O,26
217267,CC(C)[Si](OS(=O)(=O)C(F)(F)F)(C(C)C)C(C)C,43
217387,Cl.O=C(c1ccc(F)cc1)C1CCNCC1,30
217391,Clc1ccccc1Br,30
217394,CNCCc1ccccc1,88
217396,CCOC(=N)CC(=O)OCC,26
217400,Nc1ccc(I)c(Cl)c1,50
217532,COC(=O)[C@H](O)Cc1ccccc1,89
217571,CC(C)(C)c1ccc(S(N)(=O)=O)cc1,21
217616,N[C@@H](C(=O)O)c1ccccc1,30
217795,CNc1cc(F)cc(F)c1,38
217799,N#Cc1ccc(C(=O)Cl)cc1,66
217896,CCOC(=O)CC(=O)[O-].[K+],29
217907,O=[N+]([O-])c1c(F)cccc1F,50
217985,Cc1c(Br)cc(F)cc1[N+](=O)[O-],89
217988,Cc1c(C(=O)O)ccc(F)c1F,89
217989,NC1CCNCC1,59
217997,CCOC(=O)C1CC1,29
217998,O=C(O)c1cc(Br)cc(OC(F)(F)F)c1,62
217999,CCOP(=O)(CC(=O)O)OCC,31
218002,COC(O)C(F)(F)F,60
218004,COc1ccc(OC)c(OC)c1,26
218006,ICCCCI,31
218008,Clc1ccc(Cl)s1,85
218009,CCCCOC(=O)CC#N,31
218010,CCCCCCC=O,26
218042,CC(C)(C)OC(=O)N1CCN(c2ncc(Br)cn2)CC1,70
218043,CC1(O)C2CC3CC(C2)CC1C3,22
218057,CC(C)CCCC(C)CCO,26
218097,O=C1c2ccccc2C(=O)N1C[C@H]1CO1,26
218132,O=S(=O)([O-])c1cccc(S(=O)(=O)[O-])c1.[Na+].[Na+],26
218134,O=C(Cl)/C=C/c1ccccc1,26
218203,OCCOCCCl,30
218232,Cl.Nc1ccc2c(c1)OCCO2,44
218267,CCOC(=O)C(C)C,26
218268,CCCCC(C(C)=O)C(=O)OCC,80
218274,CNc1ccc(Cl)cc1,46
218276,CC(CCl)CBr,31
218280,COC(=O)c1cc(Br)c[nH]c1=O,58
218291,O=c1[nH]c2ccc(Cl)cc2c(=O)o1,36
218292,COC(=O)c1cccc(OC)c1,33
218304,COC(=O)c1cc([N+](=O)[O-])ccc1O,31
218354,COC(=O)C(O)(c1ccccc1)C1CCCC1,89
218357,CN(CCOP(=O)(O)O)C(=N)N,89
218359,CNc1ccc(Cl)cc1.Cl,46
218361,COc1ccc(C(=O)O[C@@H](C(=O)O)[C@@H](OC(=O)c2ccc(OC)cc2)C(=O)O)cc1,26
218362,C[C@@H](O)[C@H](N)C(N)=O.Cl,89
218363,CCOC(=O)c1cnc2c(C(F)(F)F)cccc2c1O,49
218411,Cl.NC(Cc1ccccc1Cl)C(=O)O,89
218412,COC(=O)/C=C/C(=O)OC,26
218463,OCC1CCN(Cc2ccccc2)CC1,66
218485,Nc1nnc(-c2cccc(Cl)c2)s1,81
218558,Cc1cc(O)cc(C)c1C=O,46
218597,CSCC[C@H](NC=O)C(=O)O,68
218658,COc1ccc(C)cc1[N+](=O)[O-],30
218663,C#CC(C)(O)CCC=C(C)C,68
218696,CCOC(=O)C(=O)C(C#N)c1ccccc1,37
218748,CCN(CC)S(=O)(=O)c1ccc(OC)c(N)c1,21
218761,N#Cc1ccc(B(O)O)cc1,44
218812,CC(C)=CCCC(C)CCO,26
218875,CCOC(=O)C1(N)CC1.Cl,68
218885,C=CC[Si](C)(C)CC=C,53
218886,Clc1nc(Cl)c2c(I)c[nH]c2n1,80
218889,COC(=O)c1ccc2nc(C)ccc2c1,98
218948,Cl.O=C(OCc1ccccc1)[C@H]1CCCN1,66
218952,Cl.O=C(O)/C=C/CN1CCCCC1,44
218961,Cc1ccccc1Oc1ccccc1N,45
218971,Nc1ccc(NC(=O)c2ccccc2)cc1,69
219058,CC(C)(C)OC(=O)N1[C@@H]2CC[C@H]1CC(=O)C2,25
219455,Cc1cc(Br)c(F)cc1Cl,86
219456,CC1(C)c2ccccc2-c2ccc(Br)cc21,31
219464,Fc1ccc(I)c(F)c1F,56
219527,CC1(C)OC(=O)NC1=O,44
219531,COc1c(N2CCNC(C)C2)c(F)cc2c(=O)c(C(=O)O)cn(C3CC3)c12,40
219581,NCCCNCCN,38
219624,N#CC(=Cc1ccc(O)cc1)C(=O)O,56
219637,Cc1cccc(N2CCNCC2)c1C.Cl,55
219639,CCOC(=O)CCCCl,53
219668,CC(C)NC(=S)NC(C)C,26
219708,O=Cc1ccco1,21
219749,COc1ccc(I)c(OC)c1,56
219751,CC(C)(C)OC(=O)N[C@@H](CCCCNC(=O)OCC1c2ccccc2-c2ccccc21)C(=O)O,52
219761,CC/C=C\CCCO,80
219772,CCC(CO)(CO)C(=O)O,26
219780,CCNCc1ccccc1,26
219885,Clc1nc(Cl)c(Cl)c(Cl)n1,30
219889,CCOC(=O)CC(=O)c1cc(F)c(F)c(F)c1F,35
219913,O=C(O)CCSc1nc2ccccc2s1,89
219934,Cc1ccc2c(c1)CN1CN2Cc2cc(C)ccc21,95
220034,Fc1ccc(Cl)cc1I,81
220044,O=C1NC(=O)[C@H]2[C@@H]3CC[C@@H](C3)[C@@H]12,66
220047,CCOC(=O)C[C@H](O)C(=O)OCC,35
220048,CC(C)S[C@@H]1O[C@H](CO)[C@H](O)[C@H](O)[C@H]1O,38
220049,CC1(C)CCC(CN2CCNCC2)=C(c2ccc(Cl)cc2)C1,85
220054,CCCC(=O)c1ccc(Br)cc1,95
220082,COC(=O)/N=C(\NC(=O)OC)SC,74
220083,CCCC[C@H](N)C(=O)OC.Cl,91
220087,C[C@@H]1CC[C@@]2(OC1)O[C@H]1C[C@H]3[C@@H]4CC=C5C[C@@H](O)CC[C@]5(C)[C@H]4CC[C@]3(C)[C@H]1[C@@H]2C,26
220093,Cc1ccccc1-c1ccccc1P(C1CCCCC1)C1CCCCC1,66
220099,NC(=O)NNC(N)=O,81
220134,ClC(Cl)(Br)CBr,25
220160,COC(=O)c1ccc(O)c(I)c1,84
220163,C=C(Cc1ccccc1)C(=O)O,26
220165,O=C(O)c1cc(Cl)cc(I)c1,91
220192,N[C@@H](Cc1ccc(O)c(I)c1)C(=O)O,95
220230,Nc1cc([N+](=O)[O-])cc(C(F)(F)F)c1,90
220253,O=[N+]([O-])c1c(Cl)cc(Cl)cc1Cl,65
220277,OCc1ccc(F)c(B(O)O)c1,94
220311,COC(COCc1ccccc1)OC,63
220313,COc1ccc(C(OC)OC)cc1,41
220315,CCCOc1ccccc1C(=O)O,28
220319,CCOC(=O)c1cnc(Cl)cc1Cl,45
220320,IC1CCCC1,51
220322,N#Cc1cccc(F)c1F,44
220330,Cn1c(NCCCCl)cc(=O)n(C)c1=O,41
220375,COC(=O)[C@@H]1CCC(=O)N1C(=O)OC(C)(C)C,26
220411,Cl.Cl.Fc1ccc(CN2CCNCC2)cc1,38
220426,C=Cc1ccc(O)cc1,21
220514,CN1CCN(CCCO)CC1,95
220515,CN(C)C(=O)C(F)(F)F,23
220518,O=Cc1ccc(S(=O)(=O)[O-])cc1S(=O)(=O)[O-].[Na+].[Na+],50
220561,O=S1(=O)OCCCO1,68
221071,CN(C)CCCCO,73
221204,CCCCCCCCCCCCS,21
221238,CCCC#CCO,84
221247,CCCCCCOC(=O)Cl,33
221280,C[Si](C)(C)N=C(O[Si](C)(C)C)C(F)(F)F,44
221295,CC1(C)O[C@H]2O[C@H](CO)[C@H](O)[C@H]2O1,69
221338,Cl.Cl.NCCNc1ccc([N+](=O)[O-])cn1,58
221362,CCCCCCCCCCCCCCCCCCO,26
221441,CC(C)C[C@H](N)C(N)=O.Cl,39
221498,Cc1ccc(I)c(N)c1,66
221513,O=C(O)CCCCCCCCCO,48
221518,COC(=O)[C@H]1CCC(=O)N1C(=O)OC(C)(C)C,53
221758,C=COCCCCO,31
221763,CCC/C=C/C(=O)OCC,36
221767,Cl.Cl.N[C@H]1CCN(Cc2ccccc2)C1,48
221768,C[N+](C)(C)CC(=O)O.[Cl-],26
221826,BrCCCCCCCBr,76
221844,NC(=O)c1ccccc1C(=O)O,54
221975,COC(=O)c1cc2c(s1)CCNC2.Cl,97
221987,CCCCCCCCCCCC(=O)[O-].[NH4+],65
222060,CN1CCN(c2ccc(C(=O)O)cc2)CC1.Cl,89
222306,CCc1nccnc1C,31
222323,COC(=O)[C@@H](N)Cc1ccc(O)cc1,26
222326,CCCC[Sn](CCCC)(CCCC)OC,38
222670,Nc1cc(Cl)c(F)c(Cl)c1F,40
222680,CCC/C=C/C(=O)OC,31
222846,COC(=O)[C@@H](N)CCCCNC(=O)OC(C)(C)C.Cl,95
222848,O=C1N[C@@H](Cc2ccccc2)C(=O)O1,89
222849,CCC/C=C/C=C/C=O,95
222852,COC(=O)[C@@H](N)Cc1ccc(O)cc1.Cl,26
222857,O=C(n1cncn1)n1cncn1,29
222858,O=C/C=C/c1ccccc1[N+](=O)[O-],49
222942,Fc1ccc(OC(F)(F)F)cc1,26
222955,C=CC(C)(CCC=C(C)C)OC(C)=O,30
222962,CCCCCCCCCCCCOc1ccc(C(=O)O)cc1,53
223083,C/C=C(\C)C(=O)O,26
223092,CC=Cc1ccc(OC)c(OC)c1,26
223149,N=C(OCc1ccccc1)C(Cl)(Cl)Cl,33
223155,Cc1ccc2ocnc2c1,41
223169,CC1=CC=C(C(C)C)CC1,26
223243,O=C(O)Cc1cc(Br)cc(Br)c1,78
223252,COC(=O)c1cccnc1F,90
223290,O=C([O-])c1ccc2cn[nH]c2c1.[Na+],98
223291,Br.NCc1ccccc1,30
223313,CC1OC(=O)C(C)OC1=O,36
223321,COC(=O)c1cc(Br)cc([N+](=O)[O-])c1,64
223615,Cl.O=C(Cl)c1ccncc1,31
223680,COc1cc(CBr)cc(OC)c1,51
223779,Brc1ccccc1-c1ccccc1,29
223780,COC(=O)[C@@H](N)CCC(=O)O,88
223783,O=[N+]([O-])c1cc(F)ccc1I,34
223827,COC(=O)c1ccc(I)c([N+](=O)[O-])c1,99
223832,CN(C)c1cccc(B(O)O)c1.Cl,76
223835,COc1ccc(F)c(B(O)O)c1F,89
224040,Cc1ccc2c(c1)C(C)(C)CCC2(C)C,43
224066,CN(C)c1ccc(CN)cc1.Cl.Cl,87
224223,Cl.Nc1cccc(C(=O)O)c1C(=O)O,43
224225,COc1ccc(C(=O)O[C@H](C(=O)O)[C@H](OC(=O)c2ccc(OC)cc2)C(=O)O)cc1,26
224475,Cc1cc(C)nc(Nc2ccccc2)n1,76
224513,COc1ccc2c(c1)NC(=O)CC2,76
224619,OC(c1ccccc1)(c1ccccc1)C1CCNCC1,21
224729,COC(=O)c1cc(I)ccc1O,49
224736,COC(=O)c1nc(Cl)c(N)nc1N,44
224800,O=[N+]([O-])c1cc(CO)ccc1O,30
224820,CN(C)P(=O)(Cl)N(C)C,43
224828,O=C(O)[C@H]1CC[C@@H](C(=O)O)CC1,61
224836,CC(O)C(C)O,35
224840,Br.COC(=O)C1=CCCN(C)C1,55
224882,Brc1cccc(C2OCCO2)c1,36
224885,O=C(c1ccccc1)c1ccc(Cl)c([N+](=O)[O-])c1,21
224937,COC(=O)c1cc(Cl)c(O)c(Cl)c1,48
224939,COC(=O)c1cc(OC)ccc1O,53
224946,CCc1ccnc(N)c1,89
224948,CCOP(=O)(Cl)OCC,26
224952,N#Cc1c(F)cccc1C(F)(F)F,66
225010,COC(=O)c1cccc2[nH]ncc12,89
225144,CCC(CC)C(=O)O,26
225226,Brc1ccc2sc3ccccc3c2c1,71
225244,C/C=C/C(=O)OC,26
225312,CCc1ccc(OC)cc1,41
225313,COc1ccc(C)cc1C,68
225317,O=C(NCO)c1ccccc1,31
225325,C[Si](Cl)(Cl)CCCCl,34
225328,Cc1cc2ncc(C(=O)O)cn2n1,60
225342,COC(=O)c1c(F)cc(Br)cc1F,31
225388,CO/N=C(\C(=O)O)c1ccco1.N,36
225390,CCCCC(CC)C(=O)[O-].[Na+],26
225398,CSc1nc(N)cc(N)n1,70
225591,OC[C@H]1O[C@@](CO)(O[C@H]2O[C@H](CO)[C@@H](O)[C@H](O)[C@H]2O)[C@@H](O)[C@@H]1O,26
225767,CC(C)C[C@H](CO)NC(=O)OC(C)(C)C,66
225855,Cc1ccc2cccc(Cl)c2n1.Cl,76
225914,COc1cc(F)c(F)cc1Br,64
226044,Cc1ccc(S(N)(=O)=O)nc1,89
226052,Brc1ccncc1Br.Cl,44
226073,COc1ccc(C(C)=O)cc1I,65
226080,Nc1ncnc2[nH]nc(Br)c12,60
226089,CCOC(=O)[C@@H](N)c1ccccc1.Cl,56
226092,C=CC(F)(F)C(F)(F)Br,75
226158,SCCCCCS,90
226214,CC(C)C[C@@H](CO)NC(=O)OC(C)(C)C,76
226237,C=CCc1cc(C(C)(C)c2ccc(O)c(CC=C)c2)ccc1O,21
226344,CC1(C)OB(c2ccc3[nH]c4ccccc4c3c2)OC1(C)C,59
226393,Nc1nc(O)c2[nH]c(S)nc2n1,96
226399,OC[C@@H]1CCCN1Cc1ccccc1,89
226462,OC1C2CC3CC(C2)CC1C3,45
226564,COc1cc(Cl)cc(OC)c1,49
226590,COC(=O)[C@H]1CC[C@H](C(=O)OC)CC1,39
226640,N#CCc1ccc(Cl)cc1F,31
226664,O=C1C=C(Br)C(=O)c2ccccc21,76
226787,CCCCCCCNC,66
226821,CC(C)=CCC/C(C)=C\CO,26
226829,COc1ccc(C=O)c(Cl)c1O,42
226894,Cc1ccc(F)c(C(=O)O)c1Cl,90
226903,CC(C)n1cc(-c2ccc(F)cc2)c2ccccc21,26
226915,CCCCC(=O)CCCC,26
226917,O=C(O)C(F)(F)C(F)(F)C(F)(F)C(F)F,98
226919,CC(C)(C)NCCNC(C)(C)C,33
226929,CCOC(=O)CC(=O)CBr,83
226942,N#Cc1ccc(Cl)cc1[N+](=O)[O-],30
226949,Cl.Cl.NNc1cccc([N+](=O)[O-])c1,41
226963,C#CCS(=O)(=O)[O-].[Na+],26
227012,COC(=O)C[C@@H](C)N,58
227029,COC(=O)c1cc(F)ccc1N.Cl,32
227042,CC(C)(C)c1ccc(C(C)(C)C)cc1,68
227125,CNCc1csc(C(C)C)n1.Cl.Cl,71
227143,OCCOCCOCCOCCOCCOCCO,93
227144,C=CC(O)CCC,33
227165,CCCc1ccccc1N.Cl,71
227217,F[B-](F)(F)CBr.[K+],78
227222,O=C(O)c1nc(Cl)ccc1Br,88
227269,COC(=O)c1ccc(C)c([N+](=O)[O-])c1,26
227276,CCCC[Sn](CCCC)(CCCC)[Sn](CCCC)(CCCC)CCCC,38
227352,CCCCc1ccc(I)cc1,83
227388,C#CCCCCCCCCC,87
227402,CCCCOCC(C)O,21
227410,COc1cc(F)ccc1F,39
227421,COC(C)(C)OC,26
227441,Cc1c(F)c(F)c(F)c(F)c1F,61
227555,COC(=O)c1cc(OC)c(OC)c(OC)c1[N+](=O)[O-],21
227559,CC(=O)c1ccc(Cl)c([N+](=O)[O-])c1,41
227585,Cc1cc(O)cc(=O)o1,31
227609,CC(C)(C)OC(=O)CN.Cl,30
227642,Br[Mn]Br.O.O.O.O,26
227724,COC(=O)Nc1ccccc1,25
227892,Cc1n[nH]c(C)c1[N+](=O)[O-],33
227974,Nc1ccc(C(F)(F)F)cc1I,26
228012,CCCCC/C=C/CC(=O)OC,32
228134,COc1c(Br)cccc1[N+](=O)[O-],67
228135,CNc1ccc(F)cc1F.Cl,87
228140,O=[N+]([O-])c1ccc(Br)cc1F,49
228154,C#Cc1ccc(CCCC)cc1,29
228157,Ic1ccc2c(c1)OCCO2,70
228219,COc1cc(C=O)cc(Br)c1O,35
228275,Cc1c(F)c(F)c(CO)c(F)c1F,52
228276,CCOC(=O)[C@H]1CCC(=O)N1C(=O)OC(C)(C)C,21
228354,O=C(O)CC(Br)C(=O)O,30
228357,COc1cc(F)cc(OC)c1,76
228358,O=C(Cc1ccccc1)c1ccc(F)cc1,56
228362,COc1ccc(OC)c(C(=O)CBr)c1,71
228370,CCCCCCCCCC(C)=O,26
228374,COc1cccc(OC)c1C,41
228408,Cl.NCCC[C@H](NC(=O)OCC1c2ccccc2-c2ccccc21)C(=O)O,90
228409,CC(C)(C)c1cc(Br)cc(C(C)(C)C)c1,30
228438,COP(=O)(OC)C1OC(=O)c2ccccc21,61
228439,N#Cc1ccc(SC(F)(F)F)cc1,63
228452,O=Cc1ccc(Br)nc1,58
228481,O=C(Cl)c1ccc(Cl)c([N+](=O)[O-])c1,53
228485,c1ccc2nc3ccccc3cc2c1,91
228566,CC/C=C\CC1=C(C)CCC1=O,24
228641,CCOC(=O)C1CCC(O)CC1,54
228686,Fc1cc(I)ccc1Cl,55
228742,Clc1cncc(-n2cccn2)n1,92
228749,O=C(c1ccccc1)N(O)c1ccccc1,50
228803,NC(=O)CCCCCBr,55
228808,N#CCc1cc(C(F)(F)F)cc(C(F)(F)F)c1,28
228924,O=C(O)/C=C/c1ccc(O)c(O)c1,33
229326,CCCCCCCCS,24
229430,BrCCCCCCCCCCCCBr,26
229491,CCCc1ccc(O)c(OC)c1,24
229493,OCCNCCNCCO,66
229558,BrCCC[P+](c1ccccc1)(c1ccccc1)c1ccccc1.[Br-],26
229643,CC(C)(C)OC(=O)N1CCC(Br)CC1,61
229746,CC(C)NCCCCO,46
229769,Brc1ccc(Oc2ccc(Br)cc2)cc1,31
229889,C1COCOC1,91
229974,CCCNC(N)=O,55
230079,O=C(O)CP(=O)(O)O,71
230260,CCCCCCCCOC(=O)CC(C(=O)OCCCCCCCC)S(=O)(=O)[O-].[Na+],26
230306,COC(=O)c1ccc(CO)cc1,30
230372,CC1=C(C/C=C(\C)CCC[C@H](C)CCC[C@H](C)CCCC(C)C)C(=O)c2ccccc2C1=O,99
230425,COC(=O)c1ccc(C)c(I)c1,39
230622,CCOC(=O)C1=C(COCCN2C(=O)c3ccccc3C2=O)NC(C)=C(C(=O)OC)C1c1ccccc1Cl,74
230631,CC[C@H]1OC(=O)[C@H](C)[C@@H](O[C@H]2C[C@@](C)(OC)[C@@H](O)[C@H](C)O2)[C@H](C)[C@@H](O[C@@H]2O[C@H](C)C[C@H](N(C)C)[C@H]2O)[C@](C)(O)C[C@@H](C)/C(=N/OCOCCOC)[C@H](C)[C@@H](O)[C@]1(C)O,99
230808,CC(=O)c1ccc2c(c1)Nc1ccccc1S2,94
230809,CNCCc1ccc(OC)c(OC)c1,25
230810,COc1ccc(C(O)c2ccc(OC)cc2)cc1,30
230820,CCOC(=N)c1ccccc1.Cl,35
230825,O=[N+]([O-])c1cccc2cn[nH]c12,61
230826,C=C(C)C(=C)C,48
230888,Cn1nccc1B(O)O,51
230889,COc1c(F)cccc1F,79
230910,FC(F)Oc1ccc(I)cc1,54
230930,CC(C)C[C@H](NC(=O)OC(C)(C)C)C(=O)O.O,26
231006,BrCCCC[P+](c1ccccc1)(c1ccccc1)c1ccccc1.[Br-],41
231126,COc1cc(F)cc(Cl)c1,99
231136,CCCCCCc1ccc(Br)cc1,29
231146,COc1cc(C(=O)O)nc2ccccc12,97
231164,O=c1c(O)c(-c2ccc(O)cc2O)oc2cc(O)cc(O)c12,56
231175,Nc1cnn(-c2ccccc2)c(=O)c1,21
231224,O=C(O)COc1nc(Cl)c(Cl)cc1Cl,60
231227,Br.Br.NCCCNCCBr,76
231231,CCCc1nc2c(C)cc(C(=O)O)cc2[nH]1,31
231241,CC(C)(C)OC(=O)N1CCN(c2ccc(C(=O)O)cc2)CC1,64
231264,COc1ccc(CO)cc1O,26
231269,O.O=c1c(O)c(-c2ccc(O)cc2O)oc2cc(O)cc(O)c12,48
231371,Cl.NNc1cccc(OC(F)(F)F)c1,74
231489,BrP(Br)(c1ccccc1)(c1ccccc1)c1ccccc1,31
231667,S=C(S)N1CCCC1,21
231673,Cc1c(-c2ccc(OCc3ccccc3)cc2)[nH]c2ccc(OCc3ccccc3)cc12,64
231681,Clc1ccc(I)nc1,85
231730,Clc1c[nH]c2ncnc(Cl)c12,86
231761,O=c1cc(-c2ccc(O)cc2)oc2cc(O)cc(O)c12,36
231834,O=S(=O)(N(c1ccc(Cl)cn1)S(=O)(=O)C(F)(F)F)C(F)(F)F,41
231855,CCCCCCN=C=S,40
231856,COc1ccc([N+](=O)[O-])cc1I,41
231864,O=C(Cl)c1ccccc1F,26
231873,CO[Si](C)(CCCCl)OC,76
231896,CC/C=C/CC(=O)O,41
231898,O=[N+]([O-])N=C1NCCN1,51
231956,CC(C)(C)Oc1ccc(C[C@@H](NC(=O)OCC2c3ccccc3-c3ccccc32)C(=O)O)cc1,71
231963,OB(O)c1ccc(N(c2ccccc2)c2ccccc2)cc1,65
231965,CC(C)(C)OC(=O)C1CC2C=CC1C2,46
232057,ClC(Cl)c1ccccc1,29
232097,C[C@@H](N)C1CCCCC1.Cl,85
232259,O=[N+]([O-])c1cccc2c(Br)n[nH]c12,73
232336,CCOC(=O)C(Br)(Br)C(=O)OCC,30
232364,C=CC(=O)OCCCCCC(C)C,26
232457,COC(=O)c1cscn1,74
232459,COc1ccc(C2CC(=O)c3c(O)cc(O)cc3O2)cc1O,46
232460,CCCCC/C=C/C(C)=O,41
232466,COC(=O)[C@@H](O)Cc1ccccc1,35
232498,N[C@H](CCC(=O)OCc1ccccc1)C(=O)O,81
232499,NC(=O)c1cc(Cl)ccc1F,52
232501,O=C(NO)OCc1ccccc1,26
232646,COC(=O)c1ccc(I)cc1O,41
232805,COc1ncc(Br)cc1Cl,94
232806,NCCNCc1ccccc1,65
232811,O=C1CCC(=O)N1I,30
232813,CSc1ccc(CO)cc1,66
232814,Cc1cc([N+](=O)[O-])cc(C)c1O,89
232851,CNCC(O)c1ccc(O)cc1.Cl,26
232872,CCOP(=O)(OCC)On1nnc2ccccc2c1=O,41
232927,Brc1cccc2cccc(Br)c12,88
232941,Cc1cc(Cl)sc1Cl,56
232992,OCC(F)(F)C(F)(F)CO,85
232998,Nc1ccc([N+](=O)[O-])cc1C(=O)c1ccccc1Cl,26
233005,O=C(c1ccccn1)c1ccccn1,84
233008,CCOC(=O)c1cnc(Cl)nc1Cl,44
233010,C#CCO[Si](C)(C)C(C)(C)C,67
233073,O=Cc1ccc2cc(O)ccc2c1,76
233165,Cl.Nc1cc(Cl)cc(Br)c1O,85
233178,CCCCC(CC)CS,54
233271,CC(C)=CCCC(C)O,45
233356,CNc1ccccc1Cl,96
233440,COCCCOc1ccnc(CO)c1C.Cl,65
233441,COC(=O)[C@H](N)CCSC.Cl,33
233448,CCCCCCCCCCCCCCCCCCP(=O)(O)O,64
233453,c1ccc2c(c1)Cc1ccccc1O2,45
233479,COC(=O)[C@H](C)Cl,41
233725,CC(C)=CCCC(C)C=O,33
233750,CCOc1cccc(F)c1B(O)O,53
233751,C=CCOC(=O)ON1C(=O)CCC1=O,45
233755,OB(O)c1ccc(-n2c3ccccc3c3ccccc32)cc1,93
233756,NC(=O)[C@@H](N)CSC(c1ccccc1)(c1ccccc1)c1ccccc1,95
233759,CO[Si](CCCNCCC[Si](OC)(OC)OC)(OC)OC,26
233947,OCC(O)COCC(O)CO,41
233969,CCCCN(CCCC)CCCN,26
234082,COc1ccc(OC)c(Cl)c1,30
234086,Cl.ClCCCN1CCN(c2cccc(Cl)c2)CC1,29
234133,CC(C)(C)OC(=O)CC[C@H](N)C(=O)OC(C)(C)C.Cl,65
234143,COc1ccc(S(=O)(=O)NN)cc1,56
234150,O=[N+]([O-])c1ccc(Cl)c(CO)c1Cl,44
234151,CC(C)(C)c1ccc2c(c1)C(=O)c1ccccc1C2=O,41
234227,CCCCCN,26
234245,CC(=O)OCCCCCCl,49
234280,CCCCCCCCC(CCCCCC)C(=O)O,24
234282,Cc1cc(S(=O)(=O)[O-])c2c(C)ccc(C(C)C)cc1-2.[Na+],82
234288,COCCCOc1ccnc(CCl)c1C.Cl,44
234289,COC(=O)c1ccccc1-c1ccc(CBr)cc1,33
234291,Nc1ccn([C@@H]2O[C@H](COP(=O)(O)O)[C@@H](O)[C@H]2O)c(=O)n1,26
234295,Nc1cccc(C(F)(F)F)c1Cl,85
234301,CCCc1nn(C)c2c(=O)[nH]c(-c3ccccc3OCC)nc12,31
234302,CCCCCCCCCCCCCCC1CO1,34
234304,NCCNCCCNCCN,60
234344,CNC[C@H](O)[C@@H](O)[C@H](O)[C@H](O)CO,29
234353,COC(=O)c1cc(F)c(Br)cc1F,68
234411,CN(C)c1ccc2cc3ccc(N(C)C)cc3nc2c1.Cl.Cl,85
234476,C/C=C/c1ccc(OC)c(OC)c1,26
234644,C=C[Si](C)(C)O[Si](C)(C)C=C,39
234645,CC(C)(C)OC(=O)CC[C@H](N)C(=O)OC(C)(C)C,69
234646,O=C(O)C(O)(c1ccccc1)C1CCCC1,41
234666,COC(=O)c1ccc(I)c(Br)c1,95
234696,CO[Si](C)(CCCS)OC,29
234726,COc1ccc(C)c(Br)c1,80
234733,COC(=O)c1cc([N+](=O)[O-])ccc1Cl,49
234735,CCOP(=O)(Cc1ccccc1)OCC,29
234740,COP(=O)(Cl)OC,74
234889,OCCc1ccc(OCc2ccccc2)cc1,36
234923,COc1ccccc1OCC(O)CO,26
234961,O=C(C1CCCCC1)C1CCCCC1,35
235091,CC(C)CC(O)CC(C)C,45
235093,CCOCCOCCBr,60
235286,FC(F)(F)c1cc(Cl)ccc1I,30
235332,COC(=O)c1ccc(Br)c([N+](=O)[O-])c1,70
235339,O=Cc1ccc(OC(F)F)c(OC(F)F)c1,49
235342,O=C(O)CCCC[P+](c1ccccc1)(c1ccccc1)c1ccccc1.[Br-],26
235347,O=C(O)C(O)(c1ccccc1)C1CCCCC1,26
235348,O=S(=O)(O)CCNC1CCCCC1,26
235349,Cl.Nc1nc(O)c(N)c(O)n1,45
235351,CC(=O)/C=C/C=C(C)C,43
235354,CN[C@@H]1[C@H](O[C@H]2[C@H](O[C@@H]3[C@@H](O)[C@H](O)[C@@H](NC(=N)N)[C@H](O)[C@H]3NC(=N)N)O[C@@H](C)[C@]2(O)C=O)O[C@@H](CO)[C@H](O)[C@H]1O.CN[C@@H]1[C@H](O[C@H]2[C@H](O[C@@H]3[C@@H](O)[C@H](O)[C@@H](NC(=N)N)[C@H](O)[C@H]3NC(=N)N)O[C@@H](C)[C@]2(O)C=O)O[C@@H](CO)[C@H](O)[C@H]1O.O=S(=O)(O)O.O=S(=O)(O)O.O=S(=O)(O)O,26
235355,Cl.N=c1ccn2c(n1)O[C@H]1[C@H](O)[C@@H](CO)O[C@H]12,73
235356,CCCCCCCCC(CBr)CCCCCC,33
235375,CSC(C)=O,70
235398,CN[C@H]1CN(Cc2ccccc2)CC[C@H]1C.Cl.Cl,99
235467,COc1ccc(OC)c(CN2CCNCC2)c1.Cl.Cl,34
235521,O=C(NCCCO)OCc1ccccc1,42
235525,Nc1nc(Cl)c2cc[nH]c2n1,86
235567,O=S(=O)(Cl)c1cc(Cl)c(Cl)cc1Cl,30
235597,CC(C)(C)OC(=O)Nc1ccc(B(O)O)cc1,83
235667,CN(C)Cc1c[nH]c2ccccc12,31
235671,O=C(NCCBr)OCc1ccccc1,54
235673,CCCCc1oc2ccccc2c1C(=O)c1ccc(O)cc1,85
235675,C[C@H](N)C1CCCCC1,66
235793,Cl[Fe](Cl)Cl,28
235806,COc1cc(F)ccc1C(C)=O,63
235810,Oc1ccc(Br)c(O)c1,83
235812,CC(C)(C)OC(=O)n1cc(B2OC(C)(C)C(C)(C)O2)cn1,45
235839,Cl.Cl.c1ccc2c(CC3=NCCN3)cccc2c1,21
235868,C[C@@H](O)c1cc(C(F)(F)F)cc(C(F)(F)F)c1,56
235906,O=Cc1cc(C(F)(F)F)ccc1C(F)(F)F,46
235918,CCS(=O)(=O)N1CC(=CC#N)C1,73
235943,CC(C)(C)OC(=O)C[C@H](NC(=O)OCc1ccccc1)C(=O)O,25
235985,CCCOc1ccccc1C(=O)Nc1c(CCC)nn(C)c1C(N)=O,71
236000,CC(C)(C)OC(=O)N[C@@H](Cc1ccccc1)C(=O)CCl,21
236004,Cc1[nH]cnc1CO.Cl,26
236032,Cl.Nc1cc2ccccc2cc1C(=O)O,52
236196,Cc1ccc(Br)nc1,26
236199,COC(=O)CCCCCBr,26
236202,CC(=O)[C@H]1CC[C@H]2[C@@H]3CC=C4C[C@@H](O)CC[C@]4(C)[C@H]3CC[C@]12C,26
236203,CSCC[C@@H](NC(C)=O)C(=O)O,37
236205,CC1(C)O[C@@H]2[C@H](O1)[C@@H](O)C[C@H]2NC(=O)OCc1ccccc1,66
236224,CC(C)(C)OC(=O)NCC[C@H](NC(=O)OCC1c2ccccc2-c2ccccc21)C(=O)O,35
236238,CCCCCNC,28
236245,OCCCCBr,56
236284,Oc1cc(C(F)(F)F)nc2ccccc12,60
236287,COc1ccc(C[C@H](NC(=O)OC(C)(C)C)C(=O)O)cc1,83
236298,N=c1[nH]c(=O)c2ncn([C@H]3C[C@H](O)[C@@H](CO)O3)c2[nH]1,32
236431,CS(=O)(=O)c1ccc([C@@H](O)[C@@H](CF)NC(=O)C(Cl)Cl)cc1,34
236434,CCOC(=O)c1ccc(CBr)cc1,56
236515,COc1ccc(CC(C)=O)cc1S(N)(=O)=O,56
236541,CNc1ccc(Cl)c(Cl)c1,92
236548,CC(C)(C)OC(=O)Nc1ccc(B2OC(C)(C)C(C)(C)O2)cc1,76
236642,N#CC1CN(C(=O)OCc2ccccc2)C1,92
236653,Cc1ccc(Cl)cc1N=C=O,81
236796,COC(=O)c1c(O)cccc1O,48
236800,c1ccc2c(c1)ccc1cccnc12,91
236805,COC(=O)c1nccnc1O,46
236810,CC(C)OC(=O)CBr,48
236846,CC(C)(C)[Si](C)(C)OCCN,86
236855,CC(=O)Nc1ccc(Br)cc1C(=O)O,39
236894,CC(=O)OC[C@H]1OC=C[C@@H](OC(C)=O)[C@@H]1OC(C)=O,26
236940,OCc1cc(C(F)(F)F)ccc1Br,54
236951,O=C1OC(=O)c2c(I)cccc21,71
236974,O=C1Nc2c(cccc2[N+](=O)[O-])C1=O,69
237033,COC(=O)c1ccccc1N=C=S,76
237104,CCCCCCCCCCCCCCCCCC(=O)[O-].[Na+],26
237324,CC(Br)C(C)Br,30
237406,OCc1cc(O)cc(O)c1,58
237418,C(#Cc1ccccc1)c1ccccc1,43
237421,N#CCC(=O)NC(N)=O,56
237423,COC(=O)CC(N)=O,64
237425,Cc1nc(Cl)c([N+](=O)[O-])c(Cl)n1,93
237481,O=C(Cc1ccccc1)c1ccc(Cl)cc1,49
237676,CCOC(=O)C1CNCCC1=O.Cl,48
237688,C/C=C\Br,64
237690,COCc1c(F)c(F)c(CO)c(F)c1F,26
237696,CC(C)(C)OC(=O)N[C@H](Cc1ccc(OCc2ccccc2)cc1)C(=O)O,79
237828,CC(C)(C)OC(=O)[C@H](CCC(=O)O)NC(=O)OCc1ccccc1,75
237903,O=C/C=C/c1ccc(Br)cc1,51
237917,N[C@H](Cc1ccc(I)cc1)C(=O)O,79
237975,BrCc1cc(Br)cc(Br)c1,71
238054,Cl.O=C(O)c1ccc(-c2cccnc2)cc1,79
238080,N.O=S(=O)([O-])O.O=S(=O)([O-])[O-].[Fe+3],23
238257,Cc1cccc(N(C)C(=S)Oc2ccc3ccccc3c2)c1,61
238258,CCC(=O)c1ccc2c(c1)Nc1ccccc1S2,46
238349,Clc1ccc2nnn(O[P+](N3CCCC3)(N3CCCC3)N3CCCC3)c2c1.F[P-](F)(F)(F)(F)F,30
238359,Cc1c(OCC(F)(F)F)ccnc1CO,33
238365,O=C(O)CSC(=S)SCC(=O)O,60
238486,O=C1Nc2ccccc2Sc2ccccc21,26
238512,C[N+](C)(C)CCBr.[Br-],39
238707,CN(C)c1ccc(N(C)C)cc1.Cl,48
238817,N#Cc1ccc(CBr)c(I)c1,93
238821,Cc1cccc(C)c1NC(=O)C1CCCCN1C.Cl,60
238829,Cn1sc(Cl)cc1=O,69
238832,O=C(O)C(C1CCCCC1)C1CCCCC1,94
239107,CCOC(=S)[S-].[K+],21
239108,COc1ccc2c(OC)cccc2c1,69
239430,COC(=O)C1=CCCN(C)C1,60
239684,COC(=O)CC(=O)c1ccc(F)cc1,95
239687,Nc1ccc(S(=O)(=O)c2ccc(N)cc2)cc1,26
239691,COc1c(OC)c(=O)c1=O,69
239692,CCC(=O)O,30
239693,Clc1ccc(Br)cc1,30
239825,Cc1cc(Cl)cc([N+](=O)[O-])c1,41
239849,Nc1cc([N+](=O)[O-])ccc1NCCO,34
239850,O=c1[nH]cccc1O,38
239851,O=C(O)c1cc(O)c(O)c(O)c1,30
239855,NC(=O)c1cccc([N+](=O)[O-])c1,26
239859,Cc1cccc(C)c1OCC(C)N.Cl,41
239861,C=CCC(C)C,60
239862,C#Cc1ccc(OC)cc1,49
239868,CC12CC3CC(C)(C1)CC(Br)(C3)C2,30
239889,Cc1cc(Br)cc(C)c1I,30
239931,O=[N+]([O-])c1cnc(O)c(C(F)(F)F)c1,52
239994,CNCCc1ccc([N+](=O)[O-])cc1.Cl,94
240012,C=COCCCl,44
240025,CCc1ccc(C)cc1,36
240039,O=C(O)Cc1ccccc1OC(F)(F)F,48
240051,OC/C=C/c1ccccc1,28
240055,Nc1cc(Br)c(Br)cc1N,91
240068,FC(F)Oc1ccccc1I,54
240109,O=C(O)c1ccc(O)cc1Cl,89
240113,O=C(O)c1ccc(Br)c(C(=O)O)c1,41
240114,Cc1cc(Cl)cc(Cl)c1,63
240121,CCOC(=O)c1cccs1,26
240125,COC(=O)c1cccc(C(F)(F)F)c1,26
240178,O=C(O)CCCC[C@@H]1CCSS1,69
240246,OCCOc1ccc(Cl)cc1,41
240249,N#CCN.N#CCN.O=S(=O)(O)O,21
240391,CN(C)C(F)(F)C(F)F,65
240410,COC(=O)c1cnc(N)s1,54
240416,Cl.Nc1cccc(CCC(=O)O)c1,78
240487,O=C1C=C(Br)C(=O)O1,87
240490,Cl.O=C1CNC1,60
240585,CCCCN1CCCC1=O,66
240586,O=S(=O)([O-])CCC[n+]1ccccc1,26
240692,Fc1cccc(OC(F)F)c1Br,54
240710,COc1ccc(CCCCO)cc1,51
240713,COc1ccc(F)c(C#N)c1,81
240807,O=C(O)CCCCCCCCCC(=O)O,26
240883,Cc1ccc(N)c(N)c1C.Cl,63
240932,CC(=O)O.N=C(N)Nc1nc2ccccc2[nH]1,27
240971,CC(C)(C)OC(=O)C[C@H](N)C(=O)OC(C)(C)C.Cl,65
240973,O=[N+]([O-])c1cc(Cl)c(Cl)cc1Br,96
240976,CC[N+](CC)(CC)CC.[Cl-],26
240980,NOC(c1ccccc1)(c1ccccc1)c1ccccc1,40
240983,CC(=O)c1ccc(O)c(C(N)=O)c1,26
241076,C=CCCCCC1CO1,35
241360,O=C(O)[C@@H]1CSCN1,26
241447,COC(F)(F)C(F)C(F)(F)F,59
241521,Cl.O=S(=O)(c1ccc(Br)cc1)N1CCNCC1,72
241556,CCC(CC)(CO)CO,66
241609,O=C(O)CCCCCN1C(=O)C=CC1=O,46
241622,CC(=O)OCCCl,86
241823,O=C1CCCc2ccc(Br)cc21,50
241862,CCCCCCCCCCCCCCCC(=O)OC,26
241906,CC(=O)c1cc(Br)ccc1O,30
242151,Cl.NCCc1ccccc1C(F)(F)F,85
242310,FC(F)(F)c1cc(I)ccc1Br,80
242344,CCc1cccc(C)c1I,26
242570,COC(=O)c1ccc(I)c(C)c1,48
242659,O=C1c2ccccc2C(=O)c2c(O)ccc(O)c21,26
242673,c1ccc(COC[C@H]2CO2)cc1,44
242707,COc1cccc(OC)c1O,49
242708,CC(C)(O)C(C)(C)O,30
242709,COc1cc2c(cc1OC)CNCC2.Cl,39
242729,Cc1ccc(Cl)cc1,30
242732,CC1=CC(=O)[C@H]2C[C@@H]1C2(C)C,81
242751,CC(C)(C)c1cc(Br)c(O)c(C(C)(C)C)c1,85
242806,CC(C)[C@H](N)C(=O)O,30
242811,CC1(C)CC(N)CC(C)(CN)C1,21
242827,CC(=O)N[C@@H](CS)C(=O)O,29
242842,Nc1c(C(=O)O)cccc1[N+](=O)[O-],31
242855,Cl.Cl.Cl.Cl.Nc1ccc(-c2ccc(N)c(N)c2)cc1N,69
242859,COc1ccc(CN)cc1,30
242860,CC(=O)c1cccc([N+](=O)[O-])c1,30
242870,C=C(C)C=O,49
242873,Nc1ccc(C(F)(F)F)cc1Cl,26
242906,Cc1cccc(Br)c1N,71
242931,COc1cc(C=O)ccc1C,66
242933,Clc1ccc2c(Cl)ccnc2c1,30
242935,O=C(O)Cc1ccc(C(F)(F)F)cc1[N+](=O)[O-],99
242943,Brc1n[nH]c(Br)c1Br,30
242968,Cl.N#CC1(c2ccccc2)CCN(Cc2ccccc2)CC1,35
242991,CCOc1ccc(N)cc1.CCOc1ccc(N)cc1.O=S(=O)(O)O,21
242996,COC(=O)C1CC=CCC1,69
243008,Cl.O=S1(=O)CCNCC1,58
243031,CC1(C)CCC(=O)CC1,78
243034,O=C1NCCO1,30
243035,CC(=O)NCCCCCC(=O)O,21
243041,N#Cc1ccc(Br)c(C(F)(F)F)c1,78
243042,c1ccc(COC[C@@H]2CO2)cc1,46
243053,CCc1occc(=O)c1O,30
243055,O=Cc1ccc(Br)c(F)c1,38
243064,O=C(O)c1ccc(Cl)cc1I,46
243068,O=C(O)C1CNCCN1,26
243076,COC(=O)c1ccccc1O,30
243078,CN(C)Cc1cc(CN(C)C)c(O)c(CN(C)C)c1,31
243088,Fc1cc(F)cc(CBr)c1,26
243105,CC(C)(C)OC(=O)N[C@@H]1CCCNC1,21
243113,CC(=O)Nc1ccccc1F,30
243129,OC1CCN(Cc2ccccc2)C1,48
243202,Oc1ccc2[nH]ncc2c1,74
243226,COc1ccc(CN)cc1Cl,79
243260,[O-][n+]1cccc(O)c1,54
243265,FC(F)C(F)(F)CI,94
243269,CCc1cccc(C)c1,38
243279,CC(C)(C)CC=O,29
243285,FC(F)(F)c1ccccc1N=C=S,50
243289,O=S(=O)(Cl)c1ccc(Br)c(F)c1,30
243356,O=CNc1nc(CC(=O)O)cs1,41
243372,CC1=NN(c2ccccc2)C(=O)C1,26
243426,CC(C(=O)O)c1ccccc1,30
243430,C[C@@H]1CN[C@@H](C)CN1,68
243431,Cc1c(Cl)cccc1Cl,30
243434,CCCC(=O)OCC,30
243450,CCOC(=O)COCc1ccccc1,48
243536,CN(C)CC[C@H](O)c1cccs1,21
243560,[N-]=[N+]=Nc1ccc(F)cc1,87
243561,Clc1cccc(Cl)c1Br,38
243571,Cc1cc(Br)ccc1CO,95
243724,Clc1ccc(Cl)c(CBr)c1,74
243727,N#CCc1ccccc1CC#N,31
243728,O=[N+]([O-])c1cc(Cl)c(O)c(Cl)c1,39
243763,N#CCC(=O)Nc1ccccc1,81
243766,N[C@H](c1ccccc1)[C@@H](O)c1ccccc1,49
243772,Nc1c([N+](=O)[O-])ccc(F)c1F,33
243796,CSC(C)CC=O,53
243850,OCc1cccc(B(O)O)c1,33
243898,Nc1c(Cl)cc(Cl)cc1Cl,21
243902,Cc1ccc(CO)cc1,30
243904,Cc1cc(C)nc(N)c1,81
243912,COC(=O)c1cnc(C)cn1,60
243923,Clc1ccc(Cl)c(Cl)n1,36
243935,COC(=O)C(NC(=O)OCc1ccccc1)P(=O)(OC)OC,36
243950,Cc1cc(N)c([N+](=O)[O-])cc1C,31
243958,Cc1ccccc1N(C)C,57
243965,Br.CN(C)CCBr,94
243993,OCCCC(F)(F)F,93
243998,O=C=Nc1ccc(F)cc1,30
244004,CC(C)(C)C(=O)OCCl,26
244012,COC(=O)CC[C@H](N)C(=O)OC.Cl,30
244021,COCC(=O)NN,36
244024,CN(C)CC(N)=S.Cl,66
244034,Nc1ncc(Br)s1,30
244035,Nc1ccc(Cl)cc1C(=O)c1ccccc1,30
244062,CCO[Si](OCC)(OCC)OCC,30
244072,O=C(O)c1cc(Cl)sc1Cl,79
244073,Cc1ccc(O)c(Br)c1,30
244076,O=C(CBr)c1cccc([N+](=O)[O-])c1,33
244113,NC(=O)Cc1c[nH]c2ccccc12,29
244118,OCC(CO)(CO)CO,30
244160,CNc1ccc(C(F)(F)F)cc1,78
244170,Fc1ccc(Cl)cc1F,29
244190,NC(=O)C1CNC(=O)C1,99
244193,COC(=O)CCCC(=O)Cl,59
244232,CC(C)c1ccccc1N,26
244235,NC1=NN(c2ccccc2)CC1,88
244238,O=C(Cl)COc1ccccc1,26
244242,[O-][n+]1ccccc1O,21
244243,O=C(O)CCN1C(=O)c2ccccc2C1=O,36
244290,COc1ccc([N+](=O)[O-])cc1N,29
244336,O=[N+]([O-])c1ccc(Cl)cc1F,46
244374,Cc1ccnc(N)c1,26
244380,CCCC(=O)CC(=O)OC,28
244389,O=C1c2cc(O)ccc2-c2ccc(O)cc21,29
244406,COC(=O)c1ccc(CBr)c(OC)c1,79
244424,O=C(O)c1cccnc1Oc1ccccc1,66
244493,CC1(C)[C@@H]2CC[C@@]1(C)C(=O)C2,30
244501,CCCCCCC1CO1,27
244504,COC(=O)c1cnc(Cl)cn1,39
244517,N[C@@H]1c2ccccc2C[C@@H]1O,38
244537,C=C1CCN(C(=O)OC(C)(C)C)CC1,35
244558,Cl.Cl.c1cnc(N2CCNCC2)nc1,30
244559,N#CC(Cl)(Cl)Cl,29
244565,Cc1ccccc1P(c1ccccc1C)c1ccccc1C,30
244575,COc1ccc(C(C)=O)cc1,30
244578,O=[N+]([O-])c1cncc(Br)c1Cl,96
244623,O=C(O)C1(C(=O)O)CC1,30
244624,CC(C)=CCO,26
244625,Nc1ccc(O)cc1F,34
244630,Nc1c(Br)cccc1Br,54
244650,CCOC(=O)Cc1ccc(OC)c(OC)c1,21
244662,O=C(O)c1sccc1Cl,78
244664,CCN(CCO)c1ccccc1,26
244679,O=[N+]([O-])c1cc(C(F)(F)F)ccc1N1CCNCC1,67
244729,Nc1ccc(S(=O)(=O)[N-]c2cnc3ccccc3n2)cc1.[Na+],27
244751,Nc1cc(Br)ccc1C(=O)O,56
244760,CCCSc1ccc2nc(NC(=O)OC)[nH]c2c1,21
244774,Clc1cccnc1Br,36
244801,COC(=O)c1ccc(N)cc1.Cl,30
244805,Fc1cccc2[nH]ccc12,73
244808,COC(OC)C(C)=O,30
244810,CC(C)(C)c1ccc(OCC(=O)O)cc1,32
244811,COc1ccc(CC(C)=O)cc1OC,30
244813,CC(C)N(CCN)C(C)C,26
244814,O=C(Cl)OCCCl,31
244815,O=[N+]([O-])c1ccccc1I,30
244818,CC(=O)c1ccc(Cl)cc1Cl,30
244821,CCCO,26
244825,CC1=CC(=O)OC(C)(C)O1,26
244867,O=C1CN(C(c2ccccc2)c2ccccc2)C1,49
244889,NC(=O)C1CC1,36
244900,CC(CCC(=O)O)CC(=O)O,68
244901,CC1=Nc2ccc3ccccc3c2C1(C)C,30
244902,NC(=O)NC1NC(=O)NC1=O,30
244915,Nc1nc2c(nc(Br)n2[C@@H]2O[C@H](CO)[C@@H](O)[C@H]2O)c(=O)[nH]1,39
244955,Cc1ccc(C(=O)O)c(N)c1C,39
244965,Oc1cccnc1,30
244966,O=C1CCCC(=O)O1,30
245020,CC1(C)CCCC(C)(C)N1[O],30
245021,Cc1cc(=O)cc(C)o1,75
245025,CCN(CC)CCCN,26
245033,CCC1CCC(=O)CC1,30
245036,OCC#Cc1ccccc1,69
245037,CCOc1ccccc1O,30
245045,Cc1cccc(C)c1OCC(=O)O,86
245053,Nc1cc([N+](=O)[O-])ccc1O,33
245054,COc1ccc(Cl)cc1N,26
245055,COc1ccccc1NC(=O)CC(C)=O,31
245064,O=C(O)c1ccc(C(F)(F)F)cc1O,30
245068,O=C(O)c1cccc(C(F)(F)F)c1,30
245069,C12=C3C4C5=C1[Fe]23541678C2=C1C6C7=C28,26
245071,NNS(=O)(=O)c1ccc(Oc2ccc(S(=O)(=O)NN)cc2)cc1,21
245081,O=[N+]([O-])c1ccccc1Br,26
245086,CC(=O)OCC(CCn1cnc2cnc(N)nc21)COC(C)=O,55
245090,Cc1c([N+](=O)[O-])cccc1[N+](=O)[O-],34
245094,O=C(CCCl)c1ccccc1,26
245114,O=C(ON1C(=O)CCC1=O)ON1C(=O)CCC1=O,30
245117,Sc1nc(-c2ccccc2)c(-c2ccccc2)[nH]1,80
245118,CCn1c2ccccc2c2ccccc21,26
245119,Nc1c(Br)cc(Br)cc1[N+](=O)[O-],56
245121,CCCCCCOc1ccc(C(=O)O)cc1,21
245122,Cc1cccc(C(N)=S)c1,86
245127,O=C(CCl)c1ccc(F)cc1,30
245128,Oc1ccc(-c2ccc(Br)cc2)cc1,21
245159,CN(C)S(=O)(=O)n1ccnc1,94
245161,COc1ccc(OC)nc1,94
245181,CC(C)(C)OC(=O)N[C@@H](CC(N)=O)C(=O)O,30
245199,Cl.Nc1cccnc1N1CCOCC1,46
245220,CNc1cc(Cl)ncn1,48
245231,N#Cc1ccc[nH]c1=O,33
245246,Cl.ClCc1cscn1,41
245253,O=c1[nH]cnc2ccc(Br)cc12,86
245258,Cc1ccsc1C=O,35
245295,COc1cc(N)ccc1C(=O)O,53
245319,NC(=S)NNC(N)=S,26
245320,Cc1cc(=O)n(-c2ccccc2)n1C,85
245321,O=C1NC(=O)c2c(Cl)c(Cl)c(Cl)c(Cl)c21,21
245413,CC(C)(C)[C@@H](N)C(=O)O,90
245477,CC(C=O)Cc1ccc(C(C)(C)C)cc1,30
245488,Cc1cccc(=O)[nH]1.Cc1cccc(=O)[nH]1.O=S(=O)(O)O,31
245494,O=c1[nH]cn[nH]1,44
245499,Ic1cccnc1,38
245503,CC(C)(C)c1cc(C(=O)O)c(O)c(C(C)(C)C)c1,26
245507,c1cnc2cc[nH]c2c1,51
245511,Cl.c1ccc(CCNCc2ccccc2)cc1,69
245512,O=C1c2ccccc2C(=O)c2ccccc21,26
245514,COC(=O)c1cnc(Cl)c(Br)c1,61
245525,O=[N+]([O-])c1cccc([N+](=O)[O-])c1,21
245526,COc1ccc([N+](=O)[O-])cc1C(F)(F)F,50
245587,Nc1ccc(N)cc1,21
245591,CC(C)(C)OC(=O)N1CCC(O)CC1,30
245604,CC(C)N1CCC(N)CC1.Cl.Cl,86
245619,CCNN.Cl,86
245637,NNC(=S)Nc1ccccc1F,87
245641,O=C(O)Cc1c(F)cccc1F,34
245649,CC(C)CC(=O)c1ccccc1,70
245650,OCc1ccccc1F,30
245698,O=C(O)C1CCC(O)CC1,95
245713,COc1cncc(Br)c1,44
245722,O=C(O)CCc1ccc(C(=O)O)cc1,90
245758,Nc1cc(Cl)cc(C(F)(F)F)c1,69
245772,Fc1cccc(Br)n1,44
245784,CN(C)c1ccc(C=CC=O)cc1,48
245787,Oc1cc(C(F)(F)F)ccc1F,48
245798,O=C1N=C([O-])NC1(c1ccccc1)c1ccccc1.[Na+],26
245835,Nc1ccccc1OCc1ccccc1,58
245902,O=C(O)/C=C/c1ccco1,60
245907,Nc1ccc(I)cc1F,30
245920,O=c1c(-c2ccc(O)cc2)coc2cc(O)cc(O)c12,45
245945,CC1CNC(=O)NC1=O,39
245997,Cc1nc(Cl)sc1C(=O)O,75
246002,COC(=O)c1nnc(N)[nH]1.Cl,45
246019,CC(CO)c1ccccc1,55
246066,COCC(O)CO,60
246068,CCCCCCCCC(O)CO,30
246099,COC(=O)c1ccc(O)cc1C,90
246109,CCCc1ccccc1N,75
246128,Cl.NC1c2ccccc2-c2ccccc21,89
246129,FC(F)(F)c1ccc(Cl)c(Cl)c1,21
246130,CC(C)(C)c1cc(O)cc(C(C)(C)C)c1,51
246139,NCc1nc2ccccc2[nH]1,71
246256,CN(CCO)Cc1ccccc1,21
246281,COC(=O)Cc1ccc(Cl)cc1,29
246288,C[C@@H](CO)NC(=O)OC(C)(C)C,36
246298,O=C(O)CC1(CC(=O)O)CCCCC1,30
246300,[O-][n+]1cc(Cl)cc(Cl)c1,90
246301,N#CC(c1ccccc1)c1ccccc1,30
246312,Cc1cc(Cl)cc(Cl)n1,70
246334,NCCc1ccccc1Cl,33
246344,CCCCCC1=CCCC1=O,79
246392,COc1cccc(O)c1C(=O)O,69
246411,Brc1cc(Br)ncn1,76
246484,CC(O)c1cccc(C(F)(F)F)c1,83
246515,CC(C)(O)CC(=O)O,26
246519,NC(=O)c1ccc2ccccc2c1,86
246522,Oc1ccc2c(O)cccc2c1,30
246544,Brc1nc[nH]n1,49
246560,CC(C)(C)OC(=O)N1CCC(CC(=O)O)CC1,61
246564,COC(=O)[C@@H](N)Cc1c[nH]cn1.Cl.Cl,26
246572,O=C(O)c1cc(Cl)ncc1Cl,78
246577,CC(Oc1cccc(Cl)c1)C(=O)O,26
246648,CC1CCCC(C)N1,35
246649,CC(O)c1ccccc1,26
246681,CC(C)(C)OC(=O)N1C[C@H](O)C[C@@H]1C(=O)O,33
246757,OB(O)c1ccc(Cl)nc1,49
246766,Clc1nsnc1Cl,30
246769,COC(=O)C[C@H](NC(=O)OC(C)(C)C)C(=O)O,40
246771,COc1cc(Cl)ccc1O,66
246779,O=C(O)c1cc(F)c(F)cc1F,30
246797,CC(=O)c1ccc(B(O)O)s1,51
246840,CNCc1csc(C(C)C)n1,79
246847,O=C(OC(=O)C(F)(F)C(F)(F)F)C(F)(F)C(F)(F)F,26
246887,O=Cc1cc(C(F)(F)F)ccc1Cl,49
246889,Cc1ccc(S(=O)(=O)NCC(=O)O)cc1,36
246896,NC(Cc1c[nH]c2ccccc12)C(=O)O,30
246949,CNc1ccc([N+](=O)[O-])cc1N,49
246951,Cc1cccc(N)c1Br,75
246954,O=C(c1ccccc1)c1cc(Cl)ccc1O,59
246963,O=C(O)c1c[nH]c(=O)c(Br)c1,55
247010,O=[N+]([O-])c1ccc(F)c(B(O)O)c1,85
247045,Nc1ccc(C(=O)O)cn1,26
247067,Cc1ccc([N+](=O)[O-])cc1N,30
247076,CC(C)Oc1cccc(N)c1,21
247086,CC(=O)Cl,26
247091,Fc1ccc(Cl)cc1Br,30
247098,O=Cc1ccncc1F,75
247134,NC1CCC(N)CC1,83
247136,O=[N+]([O-])c1ccc(Cl)c(C(F)(F)F)c1,26
247141,Cc1cccc(C)c1C,66
247148,Cc1ccc(F)c(C(=O)O)c1,41
247153,COCC(O)COC,49
247201,C#CCCCCO,70
247255,COC1(OC)CC(C(=O)OC(C)C)(C(=O)OC(C)C)C1,38
247259,CC(=O)N1CCc2cc(Br)ccc21,80
247263,OB(O)c1ccsc1,30
247277,C=C(C)C(=O)OCc1ccccc1,26
247289,COc1ccc(C(=O)C(=O)c2ccc(OC)cc2)cc1,46
247327,Fc1ccc(CBr)cc1,26
247422,OC(c1ccccc1)C(F)(F)F,78
247495,ClC(Cl)(Br)C(Cl)(Cl)Br,39
247529,COc1cc([N+](=O)[O-])ccc1I,26
247575,Cc1c(C)c2c(c(C)c1O)CC[C@@](C)(CCC[C@H](C)CCC[C@H](C)CCCC(C)C)O2,26
247578,CCOC(=O)c1ccnc(Cl)c1,21
247620,Cl.NNc1ccc(OCc2ccccc2)cc1,79
247632,CC(C)(C)c1ccnc(Cl)c1,96
247659,Cc1ccnnc1,81
247661,N#Cc1cc(F)cc(Br)c1,58
247668,O=C1CN(C(=O)OCc2ccccc2)C1,69
247699,ClCC1COc2ccccc2O1,83
247730,O=[N+]([O-])c1cc(C(F)(F)F)ccc1Br,30
247808,C[C@@H](O)[C@H](NC(=O)OCC1c2ccccc2-c2ccccc21)C(=O)O,21
247810,Cc1cc(C)nc(N)n1,30
247813,CC1CCCCN1CCCN,94
247824,COc1cccc(NC(=O)OC(C)(C)C)c1,21
247838,CC1(C)OB(c2cnc(N)nc2)OC1(C)C,90
247853,C#Cc1ccc(CC)cc1,31
247866,CCOc1ccc2nc(S)[nH]c2c1,48
247894,O=C(O)c1cc(C(F)(F)F)cc(C(F)(F)F)c1,30
247907,O=C(O)c1ccc(=O)[nH]n1,96
247909,Cl.O=C(O)Cc1cccnc1,30
247923,FC(F)(F)c1ccccc1Cl,30
247987,CS(=O)(=O)OS(C)(=O)=O,30
248039,CC(=O)c1cc2ccccc2o1,73
248092,Cc1cc(Cl)ncc1Br,53
248093,O=S(=O)(O)c1ccc2nc(-c3ccccc3)[nH]c2c1,31
248161,CC[C@@H](N)C(=O)O,30
248165,O=c1ccc(Br)c[nH]1,26
248168,O=Cc1ccccc1O,30
248179,CC(C)(C)OC(=O)N1CCC[C@@H](C(=O)O)C1,39
248208,O=C(O)CCNC(=O)OCC1c2ccccc2-c2ccccc21,30
248210,COC(=O)[C@@H](N)CS.Cl,30
248216,Cc1ccc(F)c(F)c1,60
248327,O=C1CC(=O)c2ccccc21,40
248355,C[P+](c1ccccc1)(c1ccccc1)c1ccccc1.[I-],30
248376,COC(=O)[C@H](CO)NC(=O)OC(C)(C)C,26
248377,CCC(CC)CBr,86
248408,O=C(O)[C@@H]1C[C@H]1c1ccccc1,83
248418,Clc1ncc(I)c(Cl)n1,53
248432,O=C(O)c1ccc(-c2ccc(C(=O)O)cc2)cc1,30
248529,O=C1CCC(=O)O1,30
248537,Cl.NC(=O)[C@@H]1CCCN1,29
248604,Cc1noc(N)c1C,99
248621,O=S(=O)(O)CCS(=O)(=O)O,90
248670,N#Cc1ccc(N)c([N+](=O)[O-])c1,58
248686,COc1ccc(OC)c(CN2CCNCC2)c1.Cl,39
248704,Cn1cncn1,43
248710,COc1ccc(C(=O)O)c(Br)c1,96
248756,OCC(O)CO,30
248778,COc1cc(I)ccc1C(=O)O,92
248812,O=S(=O)([O-])c1ccc(N=Nc2c(O)ccc3cc(S(=O)(=O)[O-])ccc23)cc1.[Na+].[Na+],56
248821,CC1(C)C(=O)C(C)(C)C1=O,54
248831,NCCc1cccc(Br)c1,96
248836,CCC/C=C/C=O,26
248876,O=Cc1ccc2c(c1)OC(F)(F)O2,69
248881,O=C(Cl)c1ccc(F)cc1F,26
248923,c1coc(P(c2ccco2)c2ccco2)c1,78
248928,Nc1c(N)c(=O)c1=O,83
248932,O=C(O)CN(CC(=O)O)c1ccccc1,66
248949,CC1CCN(S(=O)(=O)Cl)CC1,99
248957,Cc1cc(O)nc(C(C)C)n1,26
248963,O=C(O)c1ccc([N+](=O)[O-])cc1C(=O)O,30
248969,COC(=O)[C@H](C)O,30
248973,OCc1cccc(C(F)(F)F)c1,26
248974,Fc1ccc(I)c(Cl)c1,26
248975,C#CC(O)CC,93
248982,CN(C)c1cccc(O)c1,39
249036,Ic1cc[nH]n1,99
249046,COC(=O)c1ccc(N)nc1,46
249057,CCC1(COCC2(CC)COC2)COC1,86
249065,C[C@@H]1CCC[C@H](C)N1,26
249068,COc1ccc(N)c(F)c1,56
249085,O=c1[nH]cnc2ccc(Cl)cc12,76
249099,COC(=O)c1ccc(C(=O)OC)o1,71
249112,CC(=O)c1cc2c(cc1N)OCO2,61
249124,Cc1cc(O)[nH]c(=O)c1C#N,26
249134,NCCCCO,58
249141,CCCN.Cl,38
249181,N#Cc1ccc(S(=O)(=O)F)cc1,90
249222,Nc1cccc2cccc(S(=O)(=O)O)c12,30
249223,COc1cc(C=O)ccc1OC(C)=O,21
249275,O=[N+]([O-])c1cc(Br)c(F)cc1F,51
249281,Nc1ccc(Br)cc1I,79
249285,COc1cccc(I)c1,40
249308,COc1ccccc1C(=O)NN,31
249310,COC(=O)CCNCc1ccccc1.Cl,41
249357,Cc1ccc(CCl)cc1C,45
249358,Cc1ccc(SSc2ccc(C)cc2[N+](=O)[O-])c([N+](=O)[O-])c1,50
249369,Cl.Nc1ccc(N2CCCCC2)cc1,54
249381,COc1cc(C)cc(OC)c1OC,30
249429,NCCN1CCCC1,80
249485,CN1CCC(O)CC1,30
249524,C#CCCC,31
249573,Cc1c([N+](=O)[O-])cc[n+]([O-])c1C,31
249574,C[N+](C)(C)CC1CO1.[Cl-],30
249600,Nc1ccc(O)cc1C(=O)O,30
249601,O=C(C1CC1)C1CC1,34
249614,Oc1ccc2c(c1)[nH]c1ccccc12,83
249616,CC1(C)OB(c2cc(F)ccc2C#N)OC1(C)C,84
249620,CCOC(=O)/C=C/CBr,49
249634,CCOC(=O)C1CN(C(=O)OC(C)(C)C)CC1=O,41
249637,O=[N+]([O-])c1c[nH]c(Br)n1,69
249645,O=P([O-])([O-])OP(=O)([O-])[O-].[Na+].[Na+].[Na+].[Na+],30
249694,Cc1ccc(N2CCNCC2)c(C)c1,38
249806,COC(=O)[C@@H](N)C(C)(C)C.Cl,29
249826,CC(=O)c1ccc(O)cc1F,81
249837,CCC(CO)(CO)CO,30
249878,CC(C)C[C@@H](N)CO,66
249898,O=C(O)[C@H]1Cc2ccccc2CN1,59
249899,C[C@@H](N)C(=O)O,30
249916,N[C@H](CC(=O)O)C(=O)O,30
249937,Cc1cc(B(O)O)ccc1F,49
249963,Cc1cccc(I)c1C,46
249985,Cc1nc2ccccc2c(C(=O)O)c1O,36
249993,Nc1nc(Cl)nc2nc[nH]c12,45
250042,Nc1ccc(C(=O)c2ccccc2)cc1N,32
250096,N[C@H](Cc1c[nH]c2ccccc12)C(=O)O,30
250101,Nc1ccc(Cl)cc1O,36
250105,Clc1ccc(CCBr)cc1,71
250152,CN(C)C(=O)c1cccnc1S(N)(=O)=O,72
250184,Cc1ccc2cccnc2n1,94
250186,COc1ccc(C=O)cc1Br,33
250246,OCCSc1ccccn1,64
250431,Nc1cc(O)ncn1,71
250436,O=[N+]([O-])c1cc(F)cc(F)c1,49
250465,O=C(O)c1cnc(Cl)c(Br)c1,76
250469,O=C(O)c1cc(=O)cc(C(=O)O)o1,98
250476,Cl.Nc1nc(CC(=O)O)cs1,21
250501,O=C(O)CNc1ccccc1,30
250511,COC(=O)CC1CCNCC1.Cl,90
250535,N#Cc1cncc(Br)c1,48
250573,CCOC(=O)C(C(=O)OCC)C1CCCC1,39
250601,CCc1ccccc1N=C=O,80
250616,CN(C)C(F)=[N+](C)C.F[P-](F)(F)(F)(F)F,33
250634,COC(=O)[C@@H](N)CC(C)C.Cl,30
250672,CC(C)Oc1ccc(C(=O)O)cc1,40
250675,COC(=O)Cc1ccccc1Br,45
250691,O=C(O)c1ccc2[nH]nnc2c1,41
250700,CCOc1ccc(C(=O)O)cc1,30
250730,Fc1ccc(I)cc1C(F)(F)F,45
250741,Nc1ccc(C(=O)[O-])c(O)c1.[Na+],26
250919,CC(C)(C)OC(=O)NO,30
250924,Cl.NC(=S)NCc1ccccc1,26
250956,O=C(O)c1cc(C(F)(F)F)ccc1Br,55
250984,N#CCc1ccc2c(c1)OC(F)(F)O2,75
251083,COc1ccc(C=O)c2ccccc12,75
251086,CCOC(CCl)OCC,40
251087,CC(=O)c1ccc(C(C)(C)C)cc1,35
251089,Nc1cc(F)cc(F)c1Br,91
251096,Fc1ccc(Br)cc1Cl,30
251103,C(=NC1CCCCC1)=NC1CCCCC1,26
251104,CCCC[N+](CCCC)(CCCC)CCCC.[F-],21
251108,Cc1ccc(C#N)cc1N,49
251115,CCOC(=O)C(Cl)C(C)=O,30
251116,Cl.O=C(O)Cc1ccncc1,36
251154,CC(C)O[Ti](Cl)(OC(C)C)OC(C)C,30
251166,N#Cc1ccc(F)c(C(=O)O)c1,54
251210,CCOC(=O)CCP(=O)(OCC)OCC,35
251227,OCc1csc(Br)n1,75
251271,CCOC(=O)C1CCC1,46
251282,COC(=O)c1ccc(Br)cc1CBr,76
251288,CC(=O)C=CC1C(C)=CCCC1(C)C,51
251294,CC(C)(C)OC(=O)N[C@H](C(=O)O)c1ccccc1,30
251311,O=C(O)c1cccc(=O)[nH]1,41
251318,OCCCc1cccc(C(F)(F)F)c1,99
251343,O=C1CCOc2ccccc21,45
251344,COCC(=O)O,41
251355,COc1c(Cl)ncnc1Cl,45
251360,Cc1cc(C=O)sc1Br,54
251404,C=CC(=O)NC(C)(C)C,29
251412,Cc1cc(C)nc(Cl)n1,26
251426,CCCCCCCCCCC(CO)CCCCCCCC,39
251447,Cc1cc(N)ccc1Cl.Cl,21
251454,OC[C@H](O)c1ccccc1,63
251490,COC(=O)c1ccc(=O)[nH]c1,74
251573,CCOC(=O)Cc1ccsc1,85
251601,COc1cc(C(=O)O)c([N+](=O)[O-])cc1OC,33
251624,CC(C)(C)OC(=O)NCCCO,45
251625,CC(=O)CCO,29
251627,CC(NC(=O)OCC1c2ccccc2-c2ccccc21)C(=O)O,61
251757,O=C1OCc2ccc([N+](=O)[O-])cc21,49
251767,O=C(CNC(=O)OCc1ccccc1)ON1C(=O)CCC1=O,59
251772,O=C(O)COc1ccccc1Cl,39
251775,O=[N+]([O-])c1c(F)cc(F)cc1Br,63
251783,Cc1ncc(Br)cc1[N+](=O)[O-],46
251801,OCc1ccc(Br)cn1,94
251830,Nc1ccc(CO)cc1,45
251873,CC(C)(C)OC(=O)NC(CC1CCCCC1)C(=O)O,96
251874,CCOC(=O)C(=O)c1cccs1,54
251907,COC(=O)c1cc(F)c(F)cc1N,29
251924,C=CCOc1ccccc1C=O,48
251968,Oc1ccc(F)c(C(F)(F)F)c1,44
251969,S=C(Nc1ccccc1)Nc1ccccc1,26
251980,N[C@H]1CCCC[C@@H]1N,69
251984,CC(C)c1cccc(C(C)C)c1O,30
252042,Nc1n[nH]c2ccc([N+](=O)[O-])cc12,80
252049,O=C(O)CC(C(=O)O)C(CC(=O)O)C(=O)O,26
252050,Oc1cccc(F)c1O,81
252069,Cc1c(Cl)nnc(Cl)c1C,81
252094,CCOC(=O)c1ccco1,21
252096,CCOC(=O)c1cccc(O)c1,30
252106,COC(=O)c1cc(Br)cc(N)c1C,21
252150,CC(=O)N[C@H](CC(C)C)C(=O)O,35
252181,Cc1ccccc1-n1cc(C=O)cn1,81
252201,O=C(O)/C=C/c1ccccc1F,26
252202,Cl.NNc1ccc(C(=O)O)cc1,30
252205,c1ccc(-c2cc[nH]n2)nc1,60
252216,Cl.N[C@@H](C=O)[C@@H](O)[C@H](O)[C@H](O)CO,30
252230,Oc1cc(C(F)(F)F)ncn1,61
252239,Fc1cc(Br)cc(F)c1I,45
252254,COC(=O)CCC(C)=O,26
252302,O=C(O[Ag])O[Ag],44
252403,COC(=O)CCCCCl,26
252408,COc1ccc2c(c1)CCC2=O,71
252410,N#Cc1ccnc(F)c1,48
252411,Cc1c(Cl)ccc2ccc(=O)[nH]c12,33
252423,Cc1ccc(CCBr)cc1,93
252490,COc1cccc(OC)c1C#N,51
252508,CCS(=O)(=O)N1CCNCC1.Cl,88
252622,O=[N+]([O-])c1cc(O)ccc1Br,69
252656,O=C=Nc1c(Cl)cccc1Cl,97
252677,CCCC[Sn](CCCC)(CCCC)c1ccccn1,81
252730,Nc1cccnc1C(=O)O,59
252761,COC(=O)CC(=O)C1CC1,30
252826,C[Si](C)(C)c1ccc(B(O)O)cc1,69
252879,O=C(O)/C=C/c1cc(Br)cs1,85
252880,O=S(=O)(Cl)c1cc(Cl)cc(Cl)c1O,54
252933,CC(C)(C)OC(=O)N[C@@H](Cc1ccccc1)C(=O)O,30
252996,O=S(c1ccccc1)c1ccccc1,30
253016,COc1ccc(B2OC(C)(C)C(C)(C)O2)cn1,55
253024,COc1nccs1,30
253073,Fc1cccc(N=C=S)c1,26
253080,Cl.NNc1ccc(F)c(F)c1,33
253109,CN1CCC(O)C1,96
253135,CCCC[N+](CCCC)(CCCC)CCCC.O=[N+]([O-])[O-],30
253148,C#Cc1cccc(Nc2ncnc3cc(OCCOC)c(OCCOC)cc23)c1,65
253226,O=C(O)/C=C/c1ccc(Cl)cc1F,94
253238,C=Cc1ccccc1Br,83
253335,COc1cc(C)c(N)cn1,99
253348,Ic1n[nH]c2ccccc12,95
253411,CC(C)(C)c1ccc(O)c(C=O)c1,95
253418,CNC(=O)c1ccc(N)cc1F,59
253437,O=Cc1cccc(-n2ccnc2)c1,81
253462,O=C(O)/C=C/c1ccc(Br)cc1,30
253517,O=C1CC2(CCCC2)CC(=O)N1,29
253588,C/C=C(\C)C(=O)OC,85
253613,COc1cc(C=CC(=O)O)cc(OC)c1O,25
253853,CC[P+](c1ccccc1)(c1ccccc1)c1ccccc1.[I-],21
253875,Cc1ccc(S(=O)(=O)[O-])cc1.N=C[NH3+],93
253903,c1cnc2c(c1)ccc1cccnc12,30
253934,Cl.N[C@H]1CCCc2ccccc21,41
253973,C[C@H](NCc1ccccc1)c1ccccc1,39
254097,CC1(C)O[C@H]2O[C@H]([C@H]3COC(C)(C)O3)[C@H](O)[C@H]2O1,30
254194,CC(C)(C)OC(=O)[C@@H](N)c1ccccc1.Cl,74
254229,CCc1ccccc1I,26
254250,CC(C)(C)OC(=O)N[C@H](CCC(=O)O)C(=O)O,21
254302,Cl.NCCCC[C@H](NC(=O)OCC1c2ccccc2-c2ccccc21)C(=O)O,66
254380,OB(O)c1cc(Br)ccc1F,76
254450,CC(C)(C)OC(=O)N[C@H](CSC(c1ccccc1)(c1ccccc1)c1ccccc1)C(=O)O,62
254509,Brc1cncc(OCc2ccccc2)c1,68
254635,Nc1cc(N)nc(N)n1,30
254735,CC(C)(C)OC(=O)n1cc(I)cn1,90
254767,O=C(CC(=O)Oc1c(Cl)cc(Cl)cc1Cl)Oc1c(Cl)cc(Cl)cc1Cl,59
254870,CC(=O)N[C@H]1[C@H]([C@H](O)[C@H](O)CO)O[C@](O)(C(=O)O)C[C@@H]1O,65
254921,COc1cccs1,55
254932,Cl[P+](N1CCCC1)(N1CCCC1)N1CCCC1.F[P-](F)(F)(F)(F)F,78
254967,Clc1ccc2c(c1)Nc1ccccc1CC2,75
255073,COC(=O)c1ccc(C(=O)OC)cc1,30
255171,Cc1cc(Cl)c(N)c(Br)c1,45
255203,CC1(C)OB(c2ccc(C(N)=O)cc2)OC1(C)C,86
255204,O=C(CCC(NC(=O)OCc1ccccc1)C(=O)O)OCc1ccccc1,26
255224,Cc1cc(Br)cc(Cl)c1N.Cl,56
255235,Brc1ccsc1Br,30
255236,Cn1cccc1,26
255237,NCc1ccccn1,30
255266,N#Cc1cc([N+](=O)[O-])cc([N+](=O)[O-])c1,54
255292,Cc1c(O)ccc(O)c1C,84
255305,FC(F)(F)CCCI,85
255306,FC(F)(Br)C(F)(Cl)Br,36
255307,Oc1ccc(Br)cc1-c1ccno1,88
255323,Ic1ccc2[nH]ncc2c1,81
255416,Cc1cnc(C(=O)O)cn1,30
255424,O=C(O)Cc1cccc(Br)c1,30
255531,O=C(O)C#CC(=O)O,48
255534,CC[C@H](C)CO,43
255548,CC(C)[C@H]1COC(=O)N1,48
255549,c1csc(C2OCCO2)c1,30
255552,CCN=c1cc2oc3cc(NCC)c(C)cc3c(-c3ccccc3C(=O)OCC)c-2cc1C.Cl,26
255580,CC(C)CCBr,30
255602,COS(=O)(=O)C(F)(F)F,41
255607,CCOC(=O)CC(=O)c1cccs1,97
255618,Cc1ccccc1Br,30
255627,Brc1cnc(N2CCCC2)nc1,90
255879,Cc1cc(Cl)nc(Cl)c1C(=O)O,68
255910,O=C(O)CC[P+](c1ccccc1)(c1ccccc1)c1ccccc1.[Br-],46
255988,Cl.NCC(O)c1cccc(O)c1,25
256094,Cl.c1cc(N2CCNCC2)c2ccsc2c1,89
256109,Oc1ccc(C(F)(F)F)cc1Cl,34
256119,Cc1ccc2cc[nH]c2c1,73
256133,OCc1ccc(I)cc1,54
256153,Nc1c(F)c(F)cc(F)c1F,64
256159,CS(=O)(=O)c1cccc(C(=O)O)c1,44
256161,O=Cc1ccc2ccccc2n1,91
256306,O=C1C2CC3CC1CC(C(=O)O)(C3)C2,68
256348,C#CC1(N)CCCCC1.Cl,54
256356,COC(=O)[C@H](N)c1ccc(O)cc1,41
256448,Nc1cc(F)ccc1[N+](=O)[O-],30
256456,Cc1ccccc1OCC#N,31
256467,CC(=O)c1sc(N)nc1C.Cl,26
256468,NS(=O)(=O)c1ccc(Cl)c(Cl)c1,72
256477,N#Cc1ccc(N)c(Br)c1,38
256525,OCc1ccc(Cl)c(Cl)c1,21
256532,NC(=O)c1ccncc1,26
256564,Clc1ccccc1-c1nc2ccccc2[nH]1,85
256703,Clc1ccc(I)nn1,69
256733,CCOC(=O)/C=C/C=O,89
256738,O=S(=O)([O-])CCCBr.[Li+],44
256748,O=[N+]([O-])c1cc(Br)cnc1Cl,30
256777,CS(=O)CC[C@H](N)C(=O)O,61
256846,Cl.Cl.NCCCNCCO,35
256862,c1ccc([Se][Se]c2ccccc2)cc1,69
256900,O=C1CCCc2ccc(O)cc21,71
257126,O=C(N[C@H](C(=O)O)c1ccccc1)OCC1c2ccccc2-c2ccccc21,21
257153,CCN(CC)CCCCl.Cl,29
257175,Nc1ccccc1F,30
257239,Cl.NC(=O)C1CCNCC1,30
257297,Cc1cc(N=Nc2ccccc2C)ccc1N,29
257355,OB(O)c1cccc(C(F)(F)F)c1F,48
257435,Cc1nc(Cl)cc(N2CCCC2)n1,75
257602,COC(=O)Cc1ccncc1.Cl,92
257606,CP(=O)(OCC(F)(F)F)OCC(F)(F)F,85
257665,CCCC(=O)c1ccc2c(c1)OCO2,48
257673,COC(=O)CCC(=O)C(=O)OC,76
257697,FC(F)(F)c1cc(I)cc(C(F)(F)F)c1,21
257700,CC(CC=O)CC(C)(C)C,21
257817,Cl.FC(F)(F)C1CCCCN1,84
257865,Cl.Cl.NCCCC[C@H](N)C(=O)OCc1ccccc1,67
258030,CN(C)c1ccc(C(=O)NN)cc1,26
258078,NCCCOCCCCOCCCN,26
258131,Nc1nc(Cl)c2ncn([C@@H]3O[C@H](CO)[C@@H](O)[C@H]3O)c2n1,31
258137,CCOc1ccc(F)cc1B(O)O,64
258165,COc1ccc(C)cc1N=C=O,95
258187,CO[Si](C)(OC)c1ccccc1,21
258206,COC(=O)c1cc(Br)cc(I)c1,30
258280,O=C(Cl)CC(=O)Cl,38
258295,N#Cc1c(F)c(F)c(F)c(F)c1F,26
258366,COc1ccc(O)c(F)c1F,75
258430,CC(=O)O[C@H]1CC(=O)OC1=O,75
258470,COC(=O)c1ccc(F)cc1Br,31
258513,CC(C)(C)C1CCC(N)CC1,69
258544,CC1(C)S[C@@H]2[C@H](NC(=O)COc3ccccc3)C(=O)N2[C@H]1C(=O)[O-].[K+],27
258713,O=C(CCC[C@H](O)c1ccc(F)cc1)N1C(=O)OC[C@@H]1c1ccccc1,33
258718,C/C=C/C(=O)CC,29
258747,C[C@H](NC(=O)c1ccccc1)C(=O)O,23
258878,C#Cc1ccc(OCCC)cc1,95
258912,CC(C)(C)c1cc(Br)cc(C(C)(C)C)c1O,21
259005,CC1(C)CC(=O)C2OC2(C)C1,63
259140,CCOc1ccc(N)cc1C(F)(F)F,60
259185,CCCCCCC(Br)C(=O)O,33
259238,CCCOc1cccc(B(O)O)c1,71
259289,N#CC1CCN(C(=O)OCc2ccccc2)CC1,90
259472,OB(O)c1ccc2[nH]ccc2c1,92
259789,Brc1cc(I)ccn1,91
259794,N#Cc1ccc([N+](=O)[O-])cc1Cl,90
259878,OCC(Cl)CCl,56
259882,O=Cc1ccc(C(F)(F)F)cc1C(F)(F)F,96
259885,CCOc1ccc(Cc2cc(Br)ccc2Cl)cc1,95
259943,O=C(/C=C(\[O-])C(F)(F)F)c1ccco1.[Na+],26
259963,CC(=O)c1cc(F)cc(F)c1,30
259964,C=Cc1ccccc1Cl,45
259969,N#Cc1cc(Cl)ccn1,66
259970,COc1ccc2[nH]cc(C=O)c2c1,31
259971,O=C(CO)c1ccccc1,39
259974,Cc1ccc(C)c(CC(=O)O)c1,31
260021,COC1O[C@H](CO)[C@H]2OC(C)(C)O[C@@H]12,59
260023,COC(=O)c1cc(F)ccc1Br,26
260033,C=C(C)C(=O)OC1CC(C)(C)NC(C)(C)C1,30
260069,CC(=O)CCC=C(C)CCC=C(C)C,28
260080,CCOc1ccc(C(C)=O)cc1,60
260105,O=C(O)C(=O)CBr,73
260115,Cc1cc(C(=O)O)ccc1F,33
260148,COc1ccc(I)c(C(=O)O)c1,57
260164,CCOC(=O)[C@H]1CC[C@H](O)CC1,99
260165,SCCOCCOCCS,23
260178,CC/C=C\CCC=O,88
260181,Br[C@@H]1CCCC[C@H]1Br,34
260228,O=C1NC(=O)c2cc([N+](=O)[O-])ccc21,30
260232,COc1cc(Br)cc(C=O)c1O,43
260235,Cc1ccc(Oc2ccc(N)cc2)cc1.Cl,37
260239,c1ccc2c(c1)OCCCO2,58
260252,Brc1ccoc1,58
260256,Clc1ncc(Br)c(Cl)n1,31
260268,Oc1c(Cl)cc(Br)cc1Cl,46
260351,CCCCOB(OCCCC)OCCCC,30
260352,CCSSCC,38
260355,NC(=O)c1ccc(O)cc1,46
260361,Cl.O[C@H]1CCCNC1,83
260372,CC(=O)c1ccc(F)c(C)c1,90
260389,NCCNc1ccccc1,99
260391,CCOC(=O)c1coc(N)n1,69
260392,Cc1cncc(C)c1,30
260420,NNC(=O)C(O)c1ccccc1,44
260452,CC(=O)CC(=O)C(F)(F)F,45
260465,O=C(O)c1ccccc1S,30
260466,CC(=O)c1ccc2c(c1)OCO2,39
260467,N#Cc1ccccc1N,33
260468,Cc1c(Cl)cccc1[N+](=O)[O-],30
260469,O=C(O)CSCC(=O)O,26
260470,COc1ccc(O)c([N+](=O)[O-])c1,44
260471,O=C(CCCCl)c1ccc(F)cc1,26
260472,O=Cc1ccc(O)c(O)c1O,30
260485,O=C(O)C1CC(F)(F)C1,88
260486,CC(C)(C)OC(=O)N1CC(=O)C(C#N)C1,41
260487,Cc1cc(Br)ccc1Br,30
260523,O=C1CC(=O)CC(c2ccccc2)C1,28
260550,CC(C)NCCO,54
260554,Oc1ccc(F)cc1F,41
260556,COC(=O)Cc1ccccn1,78
260560,Cc1nc(S)sc1CC(=O)O,75
260563,O=C(O)CCc1ccc(Cl)cc1,64
260581,N[C@H](CO)Cc1ccccc1,26
260586,Cc1cc(F)ccc1O,30
260593,CN(CCO)c1ccccc1,30
260597,S=C(n1ccnc1)n1ccnc1,34
260598,CCCCCCC#N,91
260599,COC(=O)c1sccc1Cl,69
260600,Cn1c(Br)nc(Br)c1Br,86
260651,C1CCNC1,26
260671,Cn1c(-c2ccccc2)c(C=O)c2ccccc21,74
260689,O=[N+]([O-])c1cccc2cnccc12,30
260694,COC(=O)C[C@H](N)C(=O)OC.Cl,26
260707,Cc1c[nH]c(C)n1,30
260719,O=C(c1ccc(Cl)cc1)c1ccccc1Cl,73
260730,O=C(O)c1ccc(B(O)O)cc1,30
260766,CCCCCCCCCCCCCCCCN(C)C,95
260801,O=Cc1ccc(OC(F)F)c(O)c1,69
260816,CC(C)C(=O)c1ccccc1,30
260820,CC(C)(C)OC(=O)NCCO,30
260823,COc1cccc(Cl)n1,30
260825,O=C(O)C1CC=CC1,46
260827,C1=CC2C=CC1C2,31
260838,O=C(Cl)C(F)F,97
260852,O=S(=O)(Cl)c1ccc(F)cc1Cl,76
260861,Cc1ccc(S(=O)(=O)OCC(F)(F)F)cc1,39
260864,COC(=O)Cc1ccncc1,97
260865,O=C(O)CCOc1ccc(F)cc1,49
260871,COC(=O)c1cc(N)cc(C(=O)OC)c1,30
260971,Cc1ccnc(N)c1[N+](=O)[O-],26
260976,Brc1ccc(N2CCNCC2)nc1,72
261006,FCCI,36
261008,CC1=NCCCN1C,26
261012,CCCCCC1CCC(=O)O1,26
261057,C[C@@H](NC(=O)c1ccccc1)C(=O)O,72
261093,O=c1ccc(C(F)(F)F)c[nH]1,38
261122,CC(=O)c1ccc(O)c(C)c1O,74
261128,CCC(=O)c1ccc(CC)cc1,41
261131,COC(=O)c1cccc(C(=O)O)c1,38
261136,CC(=O)N1CCCc2ccccc21,96
261137,Clc1nccs1,49
261139,COC(=O)CO,30
261143,Cl.N=C(N)c1ccncc1,73
261165,CO[Si](C)(CCCN)OC,35
261167,CC(C)[C@@H](NC(=O)OCC1c2ccccc2-c2ccccc21)C(=O)O,31
261169,CN(C)c1ccccn1,33
261262,CN1C(=O)NC(=O)C1(C)C,42
261281,NC1COC1,81
261290,FC(F)Oc1ccccc1Br,58
261394,O=C(O)CS(=O)C(c1ccccc1)c1ccccc1,95
261413,CC(O)c1ccc(Cl)cc1Cl,57
261416,O=C=Nc1cccc(F)c1,66
261421,COC(=O)CCO,76
261449,COc1ccc([N+](=O)[O-])c(C=O)c1,86
261452,OCc1cc(F)c(F)c(F)c1F,82
261566,c1ccn2ccnc2c1,96
261569,[N-]=[N+]=NP(=O)(Oc1ccccc1)Oc1ccccc1,30
261575,O=[N+]([O-])c1ccc(Cl)nc1O,95
261699,O=[N+]([O-])c1cc(CBr)ccc1F,40
261710,CC(C)(C)OC(=O)N[C@@H](Cc1ccccc1)[C@@H]1CO1,61
261794,N#C[C@@H](O)c1cccc(Oc2ccccc2)c1,54
261970,CC(C)(C)OC(=O)N[C@H](CCCCNC(=O)OCc1ccccc1)C(=O)O,66
262227,O=Cc1cc(B(O)O)ccc1F,53
262231,O=Cc1ccc(F)c(B(O)O)c1,66
262233,CCOC(=O)c1cccc(CCl)c1,21
262235,CCOc1cccc(B(O)O)c1F,64
262310,N#Cc1cc(Br)c(N)cc1C(F)(F)F,93
262312,C=C(C)C(=O)Nc1ccccc1,37
262320,BrC(c1ccccc1)c1ccccc1,21
262338,CSC.[Cu]Br,27
262402,C=C(C)C(=O)NC,57
262403,CCOc1ccc(O)c(F)c1F,75
262414,CCS(=O)(=O)[S-].[Na+],99
262415,CCCC#CCCO,37
262417,CCCCCCc1ccccc1,26
262418,Fc1ccc(C(Cl)c2ccc(F)cc2)cc1,36
262550,COC(=O)c1cccn1C(=O)OC(C)(C)C,92
262622,COc1c(Br)cccc1C#N,97
262747,CCCCC(OC)(OC)OC,50
262786,CCOc1ccc(B(O)O)cc1F,54
263090,COc1ccc(B(O)O)c(OC)n1,63
263212,CCOc1ncccc1B(O)O,83
263242,Br[Mn]Br,30
263244,C[SiH](C)N[SiH](C)C,60
263269,CCCC[P+](CC#N)(CCCC)CCCC.[Cl-],39
263379,C/C=C/C(=O)OC(=O)/C=C/C,21
263394,CC1(C)SC(C)(C)SC(C)(C)S1,55
263421,COC(=O)[C@H](O)[C@@H](O)C(=O)OC,21
263508,C=CCCCCCCCCC=O,56
263509,O=Cc1cc(Br)ccc1OC(F)(F)F,76
263641,COC(=O)c1cc(Cl)cc(I)c1N,95
263712,O=C(O)c1ccc(B(O)O)c(Cl)c1,90
263776,C/C=C(\C)C(C)=O,21
264025,O.O=C1NC(=O)C(=NO)C(=O)N1,37
264037,C1=Cc2nc1c(-c1ccccc1)c1ccc([nH]1)c(-c1ccccc1)c1nc(c(-c3ccccc3)c3ccc([nH]3)c2-c2ccccc2)C=C1,60
264284,CCC[P+](c1ccccc1)(c1ccccc1)c1ccccc1.[Br-],21
264304,O=Nc1c(O)nc(O)nc1O,44
264417,CCOC(=O)C1=C[C@@H](OC(CC)CC)[C@H]2O[C@H]2C1,55
264640,NNC(=O)c1ccccc1I,70
264858,NC(CCS(=O)(=O)O)C(=O)O,76
264949,Nc1cccc(Cl)c1CO,95
265037,O=[N+]([O-])c1cnc(Cl)c([N+](=O)[O-])c1,84
265052,COC1OCCO1,94
265124,CCCCc1ccco1,31
265134,CS(=O)(=O)Cc1ccccc1,21
265142,C[C@H](O)CCO,69
265149,OC1OCCOC1O,39
265173,C=CC(C)C(=O)O,80
265253,Cc1cc(C#N)cc(C)c1N,46
265257,Cl.Nc1ccc(OC(F)(F)F)cc1,21
265271,CC1CN2CCN1CC2,86
265278,O=Cc1c(F)c(F)cc(F)c1F,78
265403,CC(C)(C)OC(=O)c1ccc(Br)cc1F,95
265409,CCCCC/C=C\CCO,95
265546,Cl.Nc1ccc(Cl)cc1,28
265552,CC(=O)Nc1cccc(N)c1.Cl,28
265556,Cl.N=C(NN)NN,29
265558,CCNC(=N)N.CCNC(=N)N.O=S(=O)(O)O,51
265564,CN1CC[C@H](O)C1,86
265746,CC(C)(C)OC(=O)N[C@@H](Cc1ccc(N)cc1)C(=O)O,70
265774,C=CCSS(=O)CC=C,95
265775,NNC(=O)c1ccc(I)cc1,31
265843,COc1cc([N+](=O)[O-])ccc1C=O,55
265888,CO[C@@H]1[C@H](O)[C@@H](CO)O[C@H]1n1ccc(=O)[nH]c1=O,70
266197,Cc1ccn(-c2ccccc2)n1,95
266247,COC(=O)C1CCCO1,21
266294,OCC1CC1,30
266295,CCCCCBr,30
266297,N#CCCCCCl,30
266298,CC(Cl)OC(=O)Cl,26
266301,O=C=NS(=O)(=O)Cl,35
266303,O=C1C=CC(=O)C=C1,26
266304,Cc1cnc(C)cn1,30
266305,N#CCCCCC#N,26
266306,Oc1cccc(F)c1,35
266308,Cc1cccnc1C,30
266309,C[N+]1([O-])CCOCC1,26
266335,Nc1c(Cl)cc([N+](=O)[O-])cc1Br,21
266374,O=Cc1ccc(C(F)(F)F)c(F)c1,55
266375,Cl.c1ccc(C2NCCc3ccccc32)cc1,33
266394,CC(O)CN(CC(C)O)CC(C)O,21
266429,O=C(O)[C@@H]1CCCN1,30
266431,CCOC(=O)CC(C)=O,30
266432,Cc1ccc(F)cc1Cl,30
266433,CCN(CC)C(=O)CCl,30
266434,CCOC(=O)C(C)(C)Br,30
266441,C=C1C2CCC(C2)C1(C)C,26
266442,N#Cc1ccccc1CBr,26
266546,CN(C)CC(=O)Cl.Cl,99
266646,C1CCCC2OC2CC1,88
266659,CCc1ccc(O)cc1O,66
266660,CCCCCCCCCO,26
266661,CCOC(=O)CCC(=O)Cl,30
266768,O=C(O)C(F)(F)S(=O)(=O)F,35
266771,CCOC(C)(C#N)OCC,95
266772,N#CCCOCCOCCC#N,70
266788,O=[N+]([O-])c1ccc(O)c(Cl)c1,30
266792,c1cc(N2CCCC2)ccn1,26
266793,Cc1ccccc1CC(=O)O,30
266794,O=C(O)c1cc(Br)ccc1Cl,30
266795,CC(C)NC1CCCCC1.Cl,94
266862,COC(=O)c1cccc(C)c1C,67
266918,NNC(=O)c1cccc(Br)c1,36
266952,O=[N+]([O-])c1c(Cl)c(Cl)cc(Cl)c1Cl,30
266966,COc1cccc([N+](=O)[O-])c1Cl,90
267063,O.OC[C@H]1O[C@@H]2O[C@H]3[C@H](O)[C@@H](O)[C@@H](O[C@H]4[C@H](O)[C@@H](O)[C@@H](O[C@H]5[C@H](O)[C@@H](O)[C@@H](O[C@H]6[C@H](O)[C@@H](O)[C@@H](O[C@H]7[C@H](O)[C@@H](O)[C@@H](O[C@H]1[C@H](O)[C@H]2O)O[C@@H]7CO)O[C@@H]6CO)O[C@@H]5CO)O[C@@H]4CO)O[C@@H]3CO,24
267073,O=[N+]([O-])c1cc(O)c(Cl)cc1F,35
267074,COC[C@@H](NC(=O)OC(C)(C)C)C(=O)O,71
267097,O=C(CBr)c1ccc(Cl)cc1Cl,75
267173,CN1CCC(=C2c3ccccc3C=Cc3ccccc32)CC1.Cl,90
267174,O=c1ccn([C@H]2C[C@H](O)[C@@H](CO)O2)c(=O)[nH]1,23
267179,FC(F)C(F)OC(F)(F)F,59
267199,CCOC(=O)C1CCN(C)CC1,21
267247,CCCCCCCCCCCCC(=O)O,25
267251,O=S(=O)(Cl)c1cc(Br)c(Br)s1,86
267254,COc1cccc(C)c1OC,31
267258,C1COC1,79
267262,N#Cc1c(F)ccc(F)c1F,30
267264,Cc1cc(Br)cc(Br)c1O,93
267311,CC(C)(C)O[PH](=O)OC(C)(C)C,65
267394,[NH4+].[NH4+].[S-2],67
267455,COC(=O)/C=C/C(C)C,33
267497,O=[N+]([O-])c1ccc(Cl)c2nonc12,73
267501,CC(C)(C)c1cc(O)c(O)c(C(C)(C)C)c1,31
267510,OC(CBr)CCBr,89
267571,CCSSSCC,84
267703,O.O.O=S([O-])CO.[Na+],26
267829,C[C@@H](O)[C@H]1C(=O)N2C(C(=O)OCc3ccc([N+](=O)[O-])cc3)=C(OP(=O)(Oc3ccccc3)Oc3ccccc3)[C@H](C)[C@H]12,97
267833,Cl.Nc1nc(Cl)c2ncn([C@H]3C=C[C@@H](CO)C3)c2n1,52
267918,CCOC(=O)C(Cl)C(=O)C(F)(F)F,34
268187,CC1=CC(=O)[C@@H]2C[C@H]1C2(C)C,95
268214,O=C1C=C(S(=O)(=O)[O-])c2ccccc2C1=O.[Na+],42
268261,O=C1CCC(=O)N1C(=O)c1ccccc1,81
268339,O=C1OC(=O)c2c(Br)c(Br)c(Br)c(Br)c21,21
268380,CC1=CCC(C(C)C)C=C1,66
268400,COc1ccc(Br)c(C)c1C,52
268449,OB(O)c1cc(C(F)(F)F)cc(C(F)(F)F)c1,21
268454,O=C(Cl)c1cc(Cl)cc(Cl)c1,21
268458,CCOC(=O)C1=C(COCCN)NC(C)=C(C(=O)OC)C1c1ccccc1Cl.O=S(=O)(O)c1ccccc1,21
268462,CCOP(=O)(C#N)OCC,67
268535,O=Cc1c(I)ccnc1Cl,71
268601,CCOC(=O)/C=C(\C)N1CCCC1,95
268618,Nc1c(O)cc(S(=O)(=O)O)c2ccccc12,95
268621,CS(=O)(=O)c1ccc(N)c(F)c1,65
268649,CC(C)(C)[Si](C)(C)Oc1ccc(Br)cc1,72
268694,CN1/C(=C/C=O)C(C)(C)c2ccccc21,72
268699,OC[C@H]1O[C@H](O[C@H]2O[C@H](CO)[C@@H](O)[C@H](O)[C@H]2O)[C@H](O)[C@@H](O)[C@@H]1O,21
268785,COC(=O)CCSC,95
268812,CC(C)(CO)NCc1ccccn1.Cl.Cl,95
268857,CC1CC(=O)O1,21
268879,COc1ccc(OC(F)(F)F)cc1C=O,32
268937,O=C1OC(=O)c2c(Br)ccc3cccc1c23,21
269143,Oc1cc(O)c2c(c1)OC(c1ccc(O)c(O)c1)C(OC1(c3ccc(O)c(O)c3)Oc3cc(O)cc(O)c3C(O)C1O)C2,76
269181,c1ccc(C(OC[C@H]2CO2)(c2ccccc2)c2ccccc2)cc1,91
269192,Cn1c(=O)cc(Cl)n(Cc2ccccc2C#N)c1=O,43
269195,CNC(=N)N.Cl,38
269198,COC(=O)[C@H]1CC=CC[C@H]1C(=O)OC,81
269199,OCCN1CCN(CCO)CC1,21
269256,O=[N+]([O-])c1ccc2c(Br)n[nH]c2c1,73
269395,Cl.Nc1ccc(OCc2ccccc2)cc1,30
269437,COc1nc(Cl)nc(Cl)n1,95
269438,O=C(O)Cc1cccc(Cl)c1Cl,42
269443,O=[N+]([O-])c1cc(Br)cc(F)c1O,65
269452,COC(=O)c1cccc(C(=O)OC)n1,21
269464,CC(C)(C)OC(=O)N1CC=CC1,30
269466,O=C(c1ccccc1)c1cccnc1,59
269473,O=Cc1ccccc1Cl,30
269474,Cc1ccc(F)cc1N,26
269477,COC(=O)C1CCN(C)CC1,24
269504,O=C(c1ccc(F)cc1)c1ccccc1Cl,67
269510,COc1ccc(C(=O)c2ccc(OC)cc2)cc1,21
269578,Fc1ccccc1Br,30
269579,CC1C(=O)CCC1=O,30
269580,Cc1ccc(C=O)o1,30
269581,C=CCn1ccnc1,33
269667,Cc1cc(O)ccc1F,38
269668,O=Cc1ccc(Br)cn1,81
269675,O=S(=O)(Cl)c1cccc(OC(F)(F)F)c1,88
269679,Nc1ccccc1CCO,21
269680,CC(C)(CO)C(=O)O,30
269691,O=C(Nc1ccccc1)c1ccccc1,26
269710,O=S([O-])c1ccccc1.[Na+],26
269724,CCO[Si](CCl)(OCC)OCC,33
269768,Cl.NCc1ccc(Br)cc1F,30
269782,COC(=O)c1ccc(Br)cc1[N+](=O)[O-],51
269800,O=C(CBr)c1ccc(OCc2ccccc2)c([N+](=O)[O-])c1,50
269851,O=C(c1ccccc1)c1c(F)c(F)c(F)c(F)c1F,61
269852,CC(C)NCC(O)COc1cccc2ccccc12.Cl,30
269860,O=S(=O)(CCO)CCO,21
269870,C=CCI,26
269871,CC(C)O,26
269908,CN1CCN(c2ccccc2N)CC1,90
269912,O=C(O)C(O)c1ccc(Cl)cc1,53
269938,CCC(O)c1ccccc1,30
269944,Cc1cccc(C(=O)NN)c1,29
269946,Oc1cccc2ncccc12,94
269954,O=C1c2ccccc2C(=O)N1CCCCCBr,47
269957,CCOC(=O)N=C=S,31
269958,NC(=O)[C@@H]1CCCN1,30
269959,CCOC(=O)CCBr,30
269960,CC(C(=O)O)C(=O)O,30
270115,COc1ccccc1Oc1c(Cl)nc(-c2ncccn2)nc1Cl,70
270117,O=Cc1ccccc1P(c1ccccc1)c1ccccc1,40
270123,COC(=O)c1ncccn1,53
270126,N#Cc1ccc(N)cc1C#N,89
270127,Fc1ncc(C(F)(F)F)cc1Cl,46
270130,CC(C)(C)OC(=O)NC1(C(=O)O)CC1,73
270154,Brc1c2ccccc2c(Br)c2ccccc12,21
270156,COc1ccc(NN)cc1.Cl,48
270190,CC(C)Cc1ccc(C=O)cc1,30
270193,BrCCCCOc1ccccc1,53
270195,O=C1CCc2c(O)cccc21,66
270213,CCCCCC(O)c1ccccc1,53
270293,COC1C=CC(OC)O1,31
270320,CCOC(=O)C(NC(=O)c1ccccc1)C(=O)OCC,86
270353,O=COc1ccccc1,73
270378,COc1ccc([N+](=O)[O-])cn1,30
270382,COc1ccncc1,30
270383,COC(=O)c1nc[nH]c1C(=O)OC,46
270389,O=C1OC(=O)C2CC12,45
270394,Cc1nc(N)ccc1Br,31
270399,O=Cc1cc(F)c(F)c(F)c1,30
270429,COC(=O)C(C)(C)C#N,64
270433,COC(=O)c1ccc([N+](=O)[O-])s1,48
270437,O=S(=O)(c1ccc(O)cc1)c1ccc(O)cc1,26
270451,O=[N+]([O-])c1ccc2c(c1)NCC2,93
270453,Cc1c(Cl)cccc1S(=O)(=O)Cl,35
270550,CC(C)(C)OC(=O)N[C@@H](CCCN)C(=O)O,36
270584,O=Cc1ccc(OCCCl)cc1,77
270585,COC(=O)c1cc(Br)cc(C(=O)OC)c1,32
270588,COc1cccc(OC)c1P(c1c(OC)cccc1OC)c1c(OC)cccc1OC,52
270621,CC(=O)c1cc(F)c(F)c(F)c1,60
270656,O=S(=O)(c1ccc(Br)cc1)N1CCNCC1,76
270714,CN1CCc2nc(C(=O)O)sc2C1.Cl,80
270749,CCCC[C@@H](NC(=O)OCC1c2ccccc2-c2ccccc21)C(=O)O,38
270814,O=C(CO)[C@@H](O)CO,80
270849,Cc1cc(Br)cc(N)c1N,81
270850,CCCCNCCCC.Cl,45
270856,Brc1c[nH]cn1,31
270914,O=S(=O)(Nc1ccccc1)C(F)(F)F,71
270940,Br.O=c1ncc(Br)c[nH]1,34
271021,O=C(O)[C@@H]1C[C@@H](O)CN1C(=O)OCc1ccccc1,31
271077,Nc1ccc(OC(F)(F)F)cc1Cl,60
271079,O=C1OC(=O)c2cc(Br)ccc21,30
271094,CN1CCCC(CCl)C1.Cl,86
271121,CCOC(=O)C(=O)c1ccc(Cl)cc1,63
271133,CC(C)[Si](C(C)C)(C(C)C)n1cccc1,62
271147,CC(C)(C)[Si](C)(C)OS(=O)(=O)C(F)(F)F,26
271224,NCCCOCCOCCCN,21
271304,C1COCCOCCOCCOCCOCCO1,30
271306,Clc1cccc(C(Cl)(Cl)Cl)n1,26
271309,Cc1ccc(O)cc1[N+](=O)[O-],30
271310,OCCCCCCCCCCBr,53
271311,CC(=O)Nc1ccc(Br)c(C)n1,21
271316,COc1ccc(C=O)c(C(F)(F)F)c1,45
271348,O=C(O)c1cccnc1C(=O)O,26
271353,O=[N+]([O-])c1cc(Cl)ccc1I,52
271373,Cl.O=C(C1CCCCN1)N1CCOCC1,84
271391,COc1cc2nc(Cl)nc(Cl)c2cc1OC,76
271486,O=Cc1ccc(-n2ccnc2)cc1,55
271491,CCCCN(CCCC)c1nc(S)nc(S)n1,26
271494,O=C(O)c1cc(O)ccc1O,30
271495,O=C(O)c1cc(F)ccc1O,49
271497,Cc1c(Br)cnc(Cl)c1[N+](=O)[O-],95
271498,Cl.NCCCC[C@H](N)C(=O)O,30
271510,CC(C)(C)OC(=O)Nc1ccccc1,39
271516,Clc1cc(Cl)nc(-c2ccccc2)n1,21
271533,Nc1ccnc(C(=O)O)c1,53
271535,Cc1ccc(CO)cc1C,79
271586,O=C1OC(=O)c2ccc(Br)c3cccc1c23,30
271659,O=C1OC2(c3ccccc31)c1cc(Br)c(O)c(Br)c1Oc1c2cc(Br)c(O)c1Br,69
271707,CC(C)(C)CC(C)(C)c1ccc(OCCOCC[N+](C)(C)Cc2ccccc2)cc1.[Cl-],26
271709,Nc1ccn([C@@H]2O[C@H](CO)[C@@H](O)[C@H]2O)c(=O)n1,30
271737,COc1ccc2cc(Br)ccc2c1,26
271745,O=Cc1cc(Cl)cc(Cl)c1,39
271757,COC(=O)Cc1ccc(OC)cc1,30
271777,CC(O)c1ccc2ccccc2c1,89
271791,Nc1cccc2cccnc12,45
271795,Cc1cc(C)c(CN)c(=O)[nH]1,86
271817,CCOC(=O)C(Cl)=NO,41
271822,O=C(OCc1ccccc1)N1CCNCC1,48
271892,COc1ccc2cc([C@H](C)C(=O)O)ccc2c1,30
271908,O=[N+]([O-])c1ccc(OC(F)(F)F)cc1,21
271969,OCC1CC2C=CC1C2,26
271976,CC(C)C[C@H](NC(=O)CCl)C(=O)O,79
271980,NC(=O)c1cc(Cl)ccn1,31
272005,CC(C)(C)OC(=O)Nc1cccc(C(=O)O)c1,66
272017,O=c1[nH]cnc2cc(F)ccc12,95
272018,O=C1CCSc2ccc(Cl)cc21,95
272042,CC(C)(C)OC(=O)N1CCNC(C(=O)O)C1,76
272051,Nc1ccccc1Sc1ccccc1N,35
272069,O=c1oc2ccccc2c(O)c1[N+](=O)[O-],89
272131,CN(C)c1cccc(N)c1.Cl.Cl,95
272140,O=S(=O)([N-]Cl)c1ccccc1.[Na+],21
272141,O=C(OCCCl)c1ccccc1,84
272142,Cc1ccccc1OCC(=O)O,27
272143,CC(=O)c1cc(Br)cc(Br)c1O,32
272145,CC(=O)c1ccc(N(C)C)cc1,30
272147,Nc1ncnc2c1ncn2[C@H]1C[C@H](O)[C@@H](CO)O1,49
272168,Cc1ccc(C#N)c(F)c1,54
272169,N#Cc1cc(N)ccc1F,35
272173,Cc1ccc(SCC(=O)O)cc1,63
272175,COc1cccc(OC)c1OC,30
272177,CC(CC(=O)O)c1ccccc1,80
272204,NCc1ccc(-c2ccccc2)cc1,65
272219,c1ccc(C2=NCCN2)cc1,26
272220,CC(N)CCc1ccccc1,29
272279,CCCCCC/C=C/C(=O)OC,21
272333,Fc1cc(Br)cc(C(F)(F)F)c1,30
272336,COC(=O)c1ccc(O)c(O)c1,31
272337,O=C1OC(=O)c2c(Cl)cccc21,30
272338,Cl.N=C(N)SCc1ccccc1,60
272344,COc1cccc(C(=O)O)c1OC,30
272345,O=C(O)c1cc(F)c(F)c(F)c1F,26
272346,O=[N+]([O-])c1cccc2ccccc12,30
272347,CC(=O)Oc1ccccc1C(=O)O,26
272349,COc1ccc(CC(=O)O)cc1F,33
272351,O=[N+]([O-])c1ccc(S(=O)(=O)Cl)cc1,30
272352,O=C(Cl)c1cccc2ccccc12,26
272383,O=S(=O)(Cl)c1ccc(OC(F)(F)F)cc1,41
272441,CC(=O)Cc1ccc(Br)cc1,96
272447,COC(=O)CCC(=O)c1ccc(Br)cc1,88
272467,O=C(O)c1cc(I)ccc1I,37
272568,CC1(c2ccccc2)NC(=O)NC1=O,68
272569,CC1=NN(c2ccc(Cl)cc2)C(=O)C1,46
272570,c1ccc2cc3ccccc3cc2c1,30
272571,CC(=O)c1ccc2ccccc2c1O,50
272573,CCN(c1ccc(N)cc1)C(C)C.Cl,92
272574,O=C(CC(=O)C(F)(F)F)c1cccs1,30
272577,CCOC(=O)CC(=O)c1ccccc1,26
272581,ClP(c1ccccc1)c1ccccc1,30
272583,O=C(O)c1ccc(N2CCCC2)cc1,91
272584,CCOC(=O)c1c(C)cc(=O)oc1C,51
272619,Nc1ccc2[nH]nnc2c1,83
272629,O=[N+]([O-])c1ccc(CBr)cc1,30
272630,N#CCc1ccccc1C#N,36
272633,CC(C)(C)c1ccccc1O,26
272635,CCOC(=O)CCCC(=O)O,30
272637,NC(=O)c1cc(F)ccc1[N+](=O)[O-],92
272653,COc1ccc(S(=O)(=O)Cl)c([N+](=O)[O-])c1,76
272663,C=C(C)C(=O)OCC,30
272670,Oc1cc(Cl)ccc1F,55
272685,CC(C)(C)OC(=O)N1CCCC(C#N)C1,69
272754,CCCCC(=O)C(=O)OCC,70
272761,CCC/C=C/C(C)=O,29
272774,O=C(CC(=O)OCc1ccccc1)OCc1ccccc1,36
272804,O=C(O)CN1C(=O)c2ccccc2C1=O,30
272806,O=Cc1ccc(Oc2ccccc2)cc1,86
272811,N=C(Nc1ccccc1)c1ccccc1,79
272812,CNC(=O)Oc1cccc2ccccc12,96
272860,COc1cccc(N)n1,83
272863,Cc1cc(C=O)ccc1F,44
272871,Clc1cccc(Cl)c1CBr,30
272872,Cc1cc(C)c(C)cc1C,26
272877,O=C(O)c1ccc(-c2cc(Cl)ccc2Cl)o1,85
272891,COc1ncc(Br)cc1[N+](=O)[O-],54
272902,N#CCc1cccc2ccccc12,26
272910,OB(O)c1ccc(F)cc1Cl,53
272915,CNc1cccc(C)c1,35
272921,O=C(c1ccc(Cl)cc1)c1ccccn1,26
272935,CNC(=C[N+](=O)[O-])SC,22
272936,CC1(C)OCC(CO)O1,30
272975,COC(=O)c1cccc(C)c1Cl,62
273041,COc1cc(OC)c(NC(=O)c2cc3ccccc3cc2O)cc1Cl,30
273093,Brc1ccc(N(c2ccccc2)c2ccccc2)cc1,21
273191,Nc1nc(-c2ccc(F)cc2)cs1,97
273276,COC(=O)C(O)c1ccccc1,30
273344,Nc1cc(F)c(I)c(F)c1,66
273345,O=C(O)c1ccc(Br)cn1,48
273577,OCCc1c[nH]c2ccccc12,76
273626,CC1(C)OB(c2cccc(CO)c2)OC1(C)C,81
273711,COc1c(F)cc(C(=O)O)cc1F,57
273758,NS(=O)(=O)c1ccccc1F,21
273806,CCCNC(=O)NS(=O)(=O)c1ccc(Cl)cc1,21
273811,COC(=O)Cc1cccc2ccccc12,21
273818,Cl.NCc1cc(F)ccc1Br,68
273879,O=C(O)Cc1ccc(O)c(Br)c1,21
273986,O=[PH]([O-])[O-].[NH4+].[NH4+],54
273999,O=C(Cl)c1cccc(Cl)c1,28
274000,Cc1ccc(C)c(CCl)c1,41
274014,OC1COC1,43
274068,CCOC(=O)c1cc(C(=O)OCC)[nH]n1,48
274164,CCc1ccc(O)c(C(C)(C)C)c1,21
274306,O=Cc1cccc(B(O)O)c1,30
274319,CC(C)C[C@@H](CO)NC(=O)OCC1c2ccccc2-c2ccccc21,60
274458,COCCOCCO,30
274460,CN(C)C(=O)C(=O)O,33
274496,COc1ncc([N+](=O)[O-])cc1Br,81
274541,Cc1cc(C)c(C)c(Br)c1C,75
274555,COC(=O)CCCCCCCCCCC(=O)OC,21
274650,O=[N+]([O-])c1cc(C(F)(F)F)cc(Cl)c1Cl,62
274653,N#Cc1cccc(Br)c1N,74
274758,O=P(O)(O)c1ccccc1,21
274976,COC(=O)c1cc(F)ccc1[N+](=O)[O-],59
275051,COC(=O)c1cc([N+](=O)[O-])c(F)cc1C,92
275078,Brc1ccc(C[P+](c2ccccc2)(c2ccccc2)c2ccccc2)cc1.[Br-],21
275094,CO[Si](CCCCl)(OC)OC,95
275115,Cc1ccccc1C[P+](c1ccccc1)(c1ccccc1)c1ccccc1.[Cl-],95
275181,CCNC(=O)CC,43
275190,O=C(Cl)c1cccc(Br)c1,25
275234,CC(=O)OC(C)(C)C(=O)Br,29
275235,O=C(Cl)CCCCCBr,95
275295,O=P([O-])(O)O.O=P([O-])(O)O.O=P([O-])(O)O.[Al+3],26
275304,CCOC(=O)CCC(N)C(=O)OCC.Cl,21
275305,OCCCCCCCCCCCCO,95
275310,C=C(C#N)CCC#N,25
275312,C=CCN1CCNCC1,80
275316,COc1cccc(C(F)(F)F)c1,21
275468,OCC(F)(F)C(F)(F)C(F)(F)F,33
275519,O=C1Cc2ccccc2N1c1ccccc1,21
275653,COC(=O)C(=O)c1c[nH]c2ccccc12,71
275663,Cc1cc(C)cc(S(=O)(=O)Cl)c1,42
275665,CCOC(=O)c1c[nH]cn1,30
275666,Oc1nc(O)c2nc(O)nc(O)c2n1,69
275668,CCN(CC)C(F)(F)C(F)C(F)(F)F,21
275831,C=CCOC(C)=O,21
275867,C[Si]1(C)O[Si](C)(C)O[Si](C)(C)O1,21
275870,CCCCNc1ccccc1,21
275871,COC(=O)c1cccs1,21
275872,O=C1OCCN1P(=O)(Cl)N1CCOC1=O,39
275996,CCO[Si](C)(C)OCC,21
276025,N.O=NN(O)c1ccccc1,33
276121,FC1(F)Oc2ccc(Br)cc2O1,64
276126,O=C(O)C1(c2ccc3c(c2)OC(F)(F)O3)CC1,51
276486,CS(=O)(=O)OC1CN(C(c2ccccc2)c2ccccc2)C1,21
276493,Oc1ccc(/C=C/c2cc(O)cc(O)c2)cc1,21
276637,Cc1c(CO)cccc1-c1ccccc1,21
276720,CCOC(=O)[C@@H]1CCC(=O)N1C(=O)OC(C)(C)C,21
276722,COc1ccc(C(=O)Cl)cc1,21
277012,O=c1[nH]cnc2cc(Br)c(Cl)cc12,36
277044,NC(=O)NNc1ccccc1,25
277220,Nc1ccc2c(O)cc(S(=O)(=O)O)cc2c1,21
277425,COC(=O)CCCSC,63
277488,O=C(O)C(F)(F)C(F)(F)C(F)(F)C(F)(F)C(F)(F)C(F)(F)C(F)(F)C(F)(F)F,59
277490,CN1CN(C)CN(C)C1,21
277549,O=C(/C=C/c1ccccc1)c1ccccc1,21
277565,O=Cc1cc(OCc2ccccc2)cc(OCc2ccccc2)c1,25
277665,CC(C)N(C(=O)COc1nnc(C(F)(F)F)s1)c1ccc(F)cc1,28
277745,Nc1c(Cl)cc(Cl)cc1[N+](=O)[O-],69
277911,O1[Pb]O[Pb]12O[Pb]O2,32
277988,COc1ccc(C(F)(F)F)cc1Br,30
278181,N#Cc1cccc(F)c1Br,79
278186,O=[N+]([O-])[O-].O=[N+]([O-])[O-].[Hg+2],26
278233,O=C(O)c1cccc(F)c1C(=O)O,55
278304,CCCCCCCCCc1c(C#N)c(N)nc(S)c1C#N,95
278442,COC(=O)CC(=O)OCc1ccccc1,39
278527,C#CCCCC(=O)OC,97
278530,CCCSc1nc(Cl)c([N+](=O)[O-])c(Cl)n1,49
278681,N#Cc1ccc(Cl)c(C(F)(F)F)c1,21
278783,CC(C)(C)c1cc(CCC(=O)OCC(COC(=O)CCc2cc(C(C)(C)C)c(O)c(C(C)(C)C)c2)(COC(=O)CCc2cc(C(C)(C)C)c(O)c(C(C)(C)C)c2)COC(=O)CCc2cc(C(C)(C)C)c(O)c(C(C)(C)C)c2)cc(C(C)(C)C)c1O,21
278916,CCCCOP(=O)(OCCCC)OCCCC,21
278917,Cc1cc(-n2nc3ccc(Cl)cc3n2)c(O)c(C(C)(C)C)c1,21
278959,Cl.N=CN,95
278990,CC(C)(C)c1cc(C(C)(C)C)nc(C(C)(C)C)n1,68
278994,CCCCCCCCOc1ccccc1C(=O)Nc1ccc(C(=O)OCC[N+](C)(CC)CC)cc1.[Br-],39
278996,O=C1OC2(c3cc(I)c([O-])c(I)c3Oc3c2cc(I)c([O-])c3I)c2c(Cl)c(Cl)c(Cl)c(Cl)c21.[Na+].[Na+],21
279056,COc1ccc(C(F)(F)F)cc1,71
279080,O=C1N[C@H]2C=C[C@@H]1C2,21
279086,O=[N+]([O-])c1ccc2ncsc2c1,30
279087,O=[N+]([O-])c1cc([N+](=O)[O-])c(Cl)cc1Cl,43
279154,O=C(OCCO)c1ccc(C(=O)OCCO)cc1,21
279306,Cl.NNc1c(F)c(F)cc(F)c1F,31
279527,CC(C)(O)[C@H]1CC[C@@](C)(O)CC1,28
279538,Cl.Cl.NCc1nccnc1Cl,64
279541,CCCCCCCCCCCCCCCCCC[N+](C)(C)CCCCCCCCCCCCCCCCCC.[Cl-],47
279600,CCOC(=O)c1cccc(Cl)c1,95
279601,CC(C)(C)OC(=O)[C@H](N)c1ccccc1.Cl,53
279603,COc1ccc(CNCc2ccc(OC)cc2OC)c(OC)c1,67
279606,CC1=CC(=O)[N-]S(=O)(=O)O1.[K+],27
279688,CN(C=O)c1ccccc1,30
279712,N#Cc1ccc(C(F)(F)F)cc1N,62
279931,Fc1nc(F)c(Cl)cc1Cl,37
280010,Nc1cc(F)c([N+](=O)[O-])cc1Br,62
280031,O=C(O)CCCCCCCCCCCCCCCCC(=O)O,62
280196,COC(=O)c1c(N)cccc1F.Cl,62
280287,O=C(O)c1ccc(I)cc1Br,54
280288,C/C=C/CBr,49
280332,O=C1OC(=O)c2cc([N+](=O)[O-])cc3cccc1c23,83
280413,CC(C)(C)CC(C)(C)c1ccc(OCCOCCOCCOCCOCCOCCOCCO)cc1,29
280596,FC(F)(F)[S+]1c2ccccc2Sc2ccccc21.O=S(=O)([O-])C(F)(F)F,72
280704,CCCCCOC(=O)Nc1nc(=O)n([C@@H]2O[C@H](C)[C@@H](O)[C@H]2O)cc1F,25
280705,C=Cc1ccc(CCl)cc1,45
280863,C[n+]1ccsc1Br.O=S(=O)([O-])C(F)(F)F,21
280931,OC[C@@H]1CCCC[C@H]1CO,33
281043,O=Cc1c[nH]c(-c2ccccc2F)c1,59
281152,Oc1c(I)cnc2ccccc12,95
281204,C=CCC(CC=C)(C(=O)OCC)C(=O)OCC,38
281205,C(=C/c1ccccc1)\CN1CCN(C(c2ccccc2)c2ccccc2)CC1,37
281342,Cc1cc(=O)n(C2CCCC2)c2nc(Cl)ncc12,31
281424,Cc1ccccc1C(F)(F)F,26
281429,CCCC[n+]1ccn(C)c1.F[B-](F)(F)F,21
281521,Cc1cc2c([nH]1)CCCC2=O,82
281558,Cl.O=C(OCC1c2ccccc2-c2ccccc21)N1CCNCC1,91
281588,O=C(O)c1cc(B(O)O)cc([N+](=O)[O-])c1,42
281746,C#CCOC(C)(C)C,43
281765,COc1cc(Br)c(C[N+]2(CCOCCC3CC[C@H]4C[C@@H]3C4(C)C)CCOCC2)cc1OC.[Br-],89
281801,Cc1ccc(C)c(N=C=O)c1,63
281906,OB(O)c1ccc(C(F)(F)F)cc1C(F)(F)F,39
281907,Cc1ccc(C#N)cc1C(F)(F)F,57
282298,N#Cc1ccc2c(c1)Nc1ccccc1S2,28
282445,Br[Ca]Br,21
282447,CCCCCON=O,21
282513,C[C@H](CCC(=O)O)[C@H]1CC[C@H]2[C@@H]3C[C@H](O)[C@@H]4C[C@H](O)CC[C@]4(C)[C@H]3CC[C@]12C,21
282900,Cl.NC1COC1,74
282927,CCCCCCCCNCCCCCCCC.Cl,21
283008,O=C1Cc2cc(CCCl)c(Cl)cc2N1,55
283015,COc1ccc(Cc2nccc3cc(OC)c(OC)cc23)cc1OC.Cl,55
283131,CC[n+]1c(Cl)oc2ccccc21.F[B-](F)(F)F,95
283160,CCOC(=O)/C(C#N)=N\OC(N1CCOCC1)=[N+](C)C.F[P-](F)(F)(F)(F)F,95
283178,Cl.Nc1ccc2scnc2c1,68
283284,COc1ccc2[nH]cnc2c1,69
283309,Cc1cccc(C(N)=O)c1C,85
283355,C#CCOC(=O)c1ccccc1,49
283361,COc1ccc(C[P+](c2ccccc2)(c2ccccc2)c2ccccc2)cc1.[Br-],37
283362,O=C(n1ccnc1)C(F)(F)F,34
283413,OCC(F)F,34
283467,N#Cc1c(F)c(F)c(C#N)c(F)c1F,25
283978,COc1ccc(C#N)c(OC)c1,33
284480,O=C(OC(=O)C(F)(F)Cl)C(F)(F)Cl,29
284482,CCC(C(=O)O)C(=O)O,26
284712,CO[Si](CCCI)(OC)OC,83
284868,Cc1c(N)cccc1O,92
